DR_NO,Date Rptd,DATE OCC,TIME OCC,AREA,AREA NAME,Rpt Dist No,Part 1-2,Crm Cd,Crm Cd Desc,Mocodes,Vict Age,Vict Sex,Vict Descent,Premis Cd,Premis Desc,Weapon Used Cd,Weapon Desc,Status,Status Desc,Crm Cd 1,Crm Cd 2,Crm Cd 3,Crm Cd 4,LOCATION,Cross Street,LAT,LON
230514082,09/28/2023 12:00:00 AM,08/18/2023 12:00:00 AM,1800,5,Harbor,514,1,310,BURGLARY,0344 0358 1202 1601,63,F,B,221.0,PUBLIC STORAGE,,,IC,Invest Cont,310.0,,,,1200 W  PACIFIC COAST                HY,,33.7904,-118.2777
221311915,05/27/2022 12:00:00 AM,05/27/2022 12:00:00 AM,145,13,Newton,1373,1,230,"ASSAULT WITH DEADLY WEAPON, AGGRAVATED ASSAULT",1407 1419 1822 1402 1309 0334 0430 0906,36,M,B,101.0,STREET,102.0,HAND GUN,IC,Invest Cont,230.0,998.0,,,56TH                         ST,CENTRAL                      ST,33.9916,-118.2564
231017635,12/27/2023 12:00:00 AM,12/26/2023 12:00:00 AM,800,10,West Valley,1067,2,740,"VANDALISM - FELONY ($400 & OVER, ALL CHURCH VANDALISMS)",0448 1822 0329,26,M,O,203.0,OTHER BUSINESS,,,IC,Invest Cont,740.0,,,,17400    VENTURA                      BL,,34.166,-118.5095
200211304,06/13/2020 12:00:00 AM,06/13/2020 12:00:00 AM,2300,2,Rampart,295,1,236,INTIMATE PARTNER - AGGRAVATED ASSAULT,2000 1813 0416 0446 0319 2002 2033 0913,33,F,H,502.0,"MULTI-UNIT DWELLING (APARTMENT, DUPLEX, ETC)",400.0,"STRONG-ARM (HANDS, FIST, FEET OR BODILY FORCE)",AA,Adult Arrest,236.0,,,,1300    CONSTANCE                    ST,,34.0451,-118.2779
241206655,02/14/2024 12:00:00 AM,02/14/2024 12:00:00 AM,1600,12,77th Street,1208,2,930,CRIMINAL THREATS - NO WEAPON DISPLAYED,0421 1309,53,F,H,501.0,SINGLE FAMILY DWELLING,511.0,VERBAL THREAT,IC,Invest Cont,930.0,,,,600 W  VERNON                       AV,,34.0038,-118.2842
231110016,06/11/2023 12:00:00 AM,02/24/2023 12:00:00 AM,930,11,Northeast,1115,2,354,THEFT OF IDENTITY,0930 1822,37,M,W,501.0,SINGLE FAMILY DWELLING,,,IC,Invest Cont,354.0,,,,4800    ALGOMA                       AV,,34.1333,-118.2055
230313564,07/12/2023 12:00:00 AM,07/12/2023 12:00:00 AM,2040,3,Southwest,396,1,230,"ASSAULT WITH DEADLY WEAPON, AGGRAVATED ASSAULT",0910 0431 1822,41,M,H,801.0,MTA BUS,512.0,MACE/PEPPER SPRAY,IC,Invest Cont,230.0,,,,BUDLONG,VERMONT,34.0073,-118.2894
230122269,10/19/2023 12:00:00 AM,10/19/2023 12:00:00 AM,2000,1,Central,134,1,330,BURGLARY FROM VEHICLE,0344 1307,62,M,B,101.0,STREET,,,IC,Invest Cont,330.0,,,,300 S  BROADWAY,,34.051,-118.248
201305956,02/04/2020 12:00:00 AM,02/03/2020 12:00:00 AM,2135,13,Newton,1361,1,310,BURGLARY,1607 0329 0344 0397 0358,0,X,X,210.0,RESTAURANT/FAST FOOD,,,IC,Invest Cont,310.0,,,,4400 S  BROADWAY,,34.0038,-118.2783
231310589,05/12/2023 12:00:00 AM,05/11/2023 12:00:00 AM,1400,13,Newton,1353,1,420,THEFT FROM MOTOR VEHICLE - PETTY ($950 & UNDER),,0,,,101.0,STREET,,,IC,Invest Cont,420.0,,,,VERNON                       AV,MCKINLEY                     AV,34.0039,-118.2609
221017472,12/07/2022 12:00:00 AM,11/07/2022 12:00:00 AM,1000,10,West Valley,1037,2,624,BATTERY - SIMPLE ASSAULT,0400 0416 0913 1811,12,M,H,720.0,JUNIOR HIGH SCHOOL,400.0,"STRONG-ARM (HANDS, FIST, FEET OR BODILY FORCE)",AA,Adult Arrest,624.0,,,,17100    VANOWEN                      ST,,34.1939,-118.5055
231321894,12/10/2023 12:00:00 AM,08/18/2023 12:00:00 AM,947,13,Newton,1373,2,354,THEFT OF IDENTITY,0927,17,F,B,501.0,SINGLE FAMILY DWELLING,,,IC,Invest Cont,354.0,,,,900 E  54TH                         ST,,33.9934,-118.2594
241104576,01/16/2024 12:00:00 AM,01/14/2024 12:00:00 AM,1035,11,Northeast,1173,1,440,THEFT PLAIN - PETTY ($950 & UNDER),0344 1309,0,X,X,102.0,SIDEWALK,,,AA,Adult Arrest,440.0,,,,2200    ALLESANDRO                   ST,,34.0938,-118.2551
222006977,03/11/2022 12:00:00 AM,03/11/2022 12:00:00 AM,2330,20,Olympic,2097,2,626,INTIMATE PARTNER - SIMPLE ASSAULT,0408 0416 0419 0421 0446 0913 1310 1305 1243 2000,26,F,H,101.0,STREET,400.0,"STRONG-ARM (HANDS, FIST, FEET OR BODILY FORCE)",AA,Adult Arrest,626.0,,,,1900 S  MARIPOSA                     AV,,34.04,-118.2984
230712926,08/05/2023 12:00:00 AM,08/05/2023 12:00:00 AM,1415,7,Wilshire,724,1,442,SHOPLIFTING - PETTY THEFT ($950 & UNDER),0325 0344 1822 0104,0,X,X,415.0,THE GROVE,,,IC,Invest Cont,442.0,,,,100    THE GROVE                    DR,,34.0736,-118.3563
231404669,01/08/2023 12:00:00 AM,12/16/2022 12:00:00 AM,505,14,Pacific,1466,1,331,THEFT FROM MOTOR VEHICLE - GRAND ($950.01 AND OVER),0344 1300,76,F,W,501.0,SINGLE FAMILY DWELLING,,,IC,Invest Cont,331.0,,,,7200    MCCOOL                       AV,,33.9784,-118.4005
241604991,02/02/2024 12:00:00 AM,02/01/2024 12:00:00 AM,1445,16,Foothill,1643,2,900,VIOLATION OF COURT ORDER,2038,62,F,H,501.0,SINGLE FAMILY DWELLING,,,IC,Invest Cont,900.0,,,,12800    KAGEL CANYON                 ST,,34.2604,-118.419
200120459,11/02/2020 12:00:00 AM,11/01/2020 12:00:00 AM,2000,1,Central,176,2,740,"VANDALISM - FELONY ($400 & OVER, ALL CHURCH VANDALISMS)",1822 0329 1307 1414,36,M,B,122.0,"VEHICLE, PASSENGER/TRUCK",500.0,UNKNOWN WEAPON/OTHER WEAPON,IC,Invest Cont,740.0,,,,8TH,LOS ANGELES,34.0419,-118.2523
241906812,03/15/2024 12:00:00 AM,03/15/2024 12:00:00 AM,2150,19,Mission,1981,2,626,INTIMATE PARTNER - SIMPLE ASSAULT,2000 0913 1814 0416 0417 1218,33,F,W,505.0,MOTEL,400.0,"STRONG-ARM (HANDS, FIST, FEET OR BODILY FORCE)",AO,Adult Other,626.0,,,,8500 N  SEPULVEDA                    BL,,34.2267,-118.4704
221410699,05/11/2022 12:00:00 AM,05/10/2022 12:00:00 AM,2220,14,Pacific,1453,1,420,THEFT FROM MOTOR VEHICLE - PETTY ($950 & UNDER),0344 1300 0913,42,M,H,101.0,STREET,,,AA,Adult Arrest,420.0,,,,4200    LYCEUM                       AV,,33.9917,-118.4355
221806970,03/06/2022 12:00:00 AM,03/06/2022 12:00:00 AM,15,18,Southeast,1841,2,626,INTIMATE PARTNER - SIMPLE ASSAULT,2000 0913 1813 1241 1821 0429 0444 1202 1243,31,F,H,101.0,STREET,400.0,"STRONG-ARM (HANDS, FIST, FEET OR BODILY FORCE)",AO,Adult Other,626.0,,,,109TH                        ST,DENKER,33.9367,-118.2871
220706571,02/24/2022 12:00:00 AM,02/21/2022 12:00:00 AM,1735,7,Wilshire,724,1,343,SHOPLIFTING-GRAND THEFT ($950.01 & OVER),0325 0344,24,M,H,404.0,DEPARTMENT STORE,,,IC,Invest Cont,343.0,,,,100    THE GROVE                    DR,,34.0736,-118.3563
231311635,06/01/2023 12:00:00 AM,05/31/2023 12:00:00 AM,1642,13,Newton,1347,1,341,"THEFT-GRAND ($950.01 & OVER)EXCPT,GUNS,FOWL,LIVESTK,PROD",1602 0344,0,M,W,121.0,YARD (RESIDENTIAL/BUSINESS),,,IC,Invest Cont,341.0,,,,1600 E  41ST                         ST,,34.0084,-118.2455
200618005,11/14/2020 12:00:00 AM,11/13/2020 12:00:00 AM,530,6,Hollywood,635,2,888,TRESPASSING,1822 1501,29,F,B,502.0,"MULTI-UNIT DWELLING (APARTMENT, DUPLEX, ETC)",,,IC,Invest Cont,888.0,,,,6600    EMMETT                       TR,,34.106,-118.3364
210412261,08/28/2021 12:00:00 AM,08/28/2021 12:00:00 AM,1300,4,Hollenbeck,455,1,510,VEHICLE - STOLEN,,0,,,101.0,STREET,,,IC,Invest Cont,510.0,,,,2200    SHERIDAN                     ST,,34.0508,-118.2078
211221765,10/16/2021 12:00:00 AM,10/16/2021 12:00:00 AM,420,12,77th Street,1208,1,442,SHOPLIFTING - PETTY THEFT ($950 & UNDER),1822 0325 0344,20,F,H,301.0,GAS STATION,,,IC,Invest Cont,442.0,,,,4400 S  FIGUEROA                     ST,,33.9997,-118.2849
230818632,12/31/2023 12:00:00 AM,12/30/2023 12:00:00 AM,1500,8,West LA,805,1,420,THEFT FROM MOTOR VEHICLE - PETTY ($950 & UNDER),,0,,,101.0,STREET,,,IC,Invest Cont,420.0,,,,800    MORAGA                       DR,,34.0776,-118.4693
231404970,01/25/2023 12:00:00 AM,01/24/2023 12:00:00 AM,2000,14,Pacific,1435,2,740,"VANDALISM - FELONY ($400 & OVER, ALL CHURCH VANDALISMS)",0329,91,M,H,501.0,SINGLE FAMILY DWELLING,,,IC,Invest Cont,740.0,,,,3500    PURDUE                       AV,,34.0158,-118.4258
210209756,05/17/2021 12:00:00 AM,05/17/2021 12:00:00 AM,2200,2,Rampart,246,2,626,INTIMATE PARTNER - SIMPLE ASSAULT,0356 0400 2000 2002 1206 1813 0913,54,M,O,502.0,"MULTI-UNIT DWELLING (APARTMENT, DUPLEX, ETC)",500.0,UNKNOWN WEAPON/OTHER WEAPON,AO,Adult Other,626.0,,,,300 S  WESTLAKE                     AV,,34.0608,-118.2726
221016626,11/18/2022 12:00:00 AM,11/18/2022 12:00:00 AM,1,10,West Valley,1023,1,310,BURGLARY,1822 1609 0344 1420 1414,0,M,W,210.0,RESTAURANT/FAST FOOD,,,IC,Invest Cont,310.0,,,,6700    TAMPA                        AV,,34.1923,-118.5534
241704985,01/24/2024 12:00:00 AM,01/24/2024 12:00:00 AM,800,17,Devonshire,1764,1,330,BURGLARY FROM VEHICLE,1612 0377 0344,20,F,H,717.0,HEALTH SPA/GYM,,,IC,Invest Cont,330.0,,,,19300    NORDHOFF                     ST,,34.2355,-118.5536
210104646,01/16/2021 12:00:00 AM,01/16/2021 12:00:00 AM,750,1,Central,151,1,510,VEHICLE - STOLEN,1822 1414 0917 0344 1300 1402,55,M,H,101.0,STREET,500.0,UNKNOWN WEAPON/OTHER WEAPON,AA,Adult Arrest,510.0,998.0,,,900    WILSHIRE                     BL,,34.0501,-118.2593
232016963,10/22/2023 12:00:00 AM,10/22/2023 12:00:00 AM,1200,20,Olympic,2016,2,627,CHILD ABUSE (PHYSICAL) - SIMPLE ASSAULT,0913 0553 0416 1258 1251 1261,9,M,H,502.0,"MULTI-UNIT DWELLING (APARTMENT, DUPLEX, ETC)",400.0,"STRONG-ARM (HANDS, FIST, FEET OR BODILY FORCE)",JO,Juv Other,627.0,,,,200 S  MARIPOSA                     AV,,34.0712,-118.2991
211310239,05/26/2021 12:00:00 AM,05/22/2021 12:00:00 AM,1300,13,Newton,1361,1,510,VEHICLE - STOLEN,,0,,,101.0,STREET,,,AO,Adult Other,510.0,,,,5000 S  BROADWAY,,33.997,-118.2783
210110748,05/24/2021 12:00:00 AM,05/24/2021 12:00:00 AM,630,1,Central,152,1,220,ATTEMPTED ROBBERY,0334 0337 1822 2004,0,M,W,252.0,"COFFEE SHOP (STARBUCKS, COFFEE BEAN, PEET'S, ETC.)",204.0,FOLDING KNIFE,IC,Invest Cont,220.0,,,,500 W  6TH                          ST,,34.048,-118.2542
230407459,04/17/2023 12:00:00 AM,04/15/2023 12:00:00 AM,1800,4,Hollenbeck,457,1,761,BRANDISH WEAPON,0344 0334 0421 1202 0913,61,M,H,504.0,OTHER RESIDENCE,207.0,OTHER KNIFE,IC,Invest Cont,761.0,930.0,,,2700    FOLSOM                       ST,,34.0468,-118.2031
240207463,03/03/2024 12:00:00 AM,03/02/2024 12:00:00 AM,2130,2,Rampart,239,2,740,"VANDALISM - FELONY ($400 & OVER, ALL CHURCH VANDALISMS)",0329 1300 1307 1822,26,M,J,101.0,STREET,,,IC,Invest Cont,740.0,,,,100 N  BEAUDRY                      AV,,34.0591,-118.2542
211214696,06/28/2021 12:00:00 AM,06/26/2021 12:00:00 AM,2330,12,77th Street,1258,1,510,VEHICLE - STOLEN,,0,,,101.0,STREET,,,IC,Invest Cont,510.0,,,,100 W  78TH                         ST,,33.9689,-118.2739
220217709,09/29/2022 12:00:00 AM,09/29/2022 12:00:00 AM,1930,2,Rampart,299,2,624,BATTERY - SIMPLE ASSAULT,1822 0416,27,F,H,203.0,OTHER BUSINESS,400.0,"STRONG-ARM (HANDS, FIST, FEET OR BODILY FORCE)",IC,Invest Cont,624.0,,,,1500 W  PICO                         BL,,34.0439,-118.2752
201314746,07/31/2020 12:00:00 AM,07/30/2020 12:00:00 AM,1700,13,Newton,1333,1,510,VEHICLE - STOLEN,,0,,,101.0,STREET,,,IC,Invest Cont,510.0,,,,900 E  32ND                         ST,,34.015,-118.2599
220205217,01/30/2022 12:00:00 AM,01/27/2022 12:00:00 AM,2100,2,Rampart,269,1,510,VEHICLE - STOLEN,,0,,,101.0,STREET,,,AA,Adult Arrest,510.0,,,,700    COLUMBIA                     AV,,34.0527,-118.2686
221112001,07/26/2022 12:00:00 AM,07/25/2022 12:00:00 AM,2245,11,Northeast,1101,2,624,BATTERY - SIMPLE ASSAULT,0400 1501,30,F,W,716.0,THEATRE/MOVIE,400.0,"STRONG-ARM (HANDS, FIST, FEET OR BODILY FORCE)",IC,Invest Cont,624.0,,,,2700 N  VERMONT                      AV,,34.1177,-118.2928
230313231,07/09/2023 12:00:00 AM,07/09/2023 12:00:00 AM,530,3,Southwest,317,1,510,VEHICLE - STOLEN,1822 1309 2024,22,F,X,101.0,STREET,,,IC,Invest Cont,510.0,,,,24TH,BUDLONG,34.0346,-118.2964
240506824,03/14/2024 12:00:00 AM,03/14/2024 12:00:00 AM,1020,5,Harbor,508,1,310,BURGLARY,1822 0342 0344 0321 1202,83,F,W,501.0,SINGLE FAMILY DWELLING,,,IC,Invest Cont,310.0,,,,1500    MAIDSTONE CIR,,33.8105,-118.3044
241005940,02/25/2024 12:00:00 AM,02/25/2024 12:00:00 AM,700,10,West Valley,1075,1,230,"ASSAULT WITH DEADLY WEAPON, AGGRAVATED ASSAULT",0400 0913 0555 0602 0411,39,M,W,501.0,SINGLE FAMILY DWELLING,500.0,UNKNOWN WEAPON/OTHER WEAPON,AA,Adult Arrest,230.0,998.0,,,18000    SANTA RITA                   ST,,34.1636,-118.5249
230205728,02/07/2023 12:00:00 AM,02/07/2023 12:00:00 AM,2215,2,Rampart,205,1,343,SHOPLIFTING-GRAND THEFT ($950.01 & OVER),0325 0104 1822,0,X,X,404.0,DEPARTMENT STORE,,,IC,Invest Cont,343.0,,,,600 N  DILLON                       ST,,34.0786,-118.2788
242107539,04/01/2024 12:00:00 AM,03/23/2024 12:00:00 AM,2300,21,Topanga,2144,1,420,THEFT FROM MOTOR VEHICLE - PETTY ($950 & UNDER),0329 0385,55,F,W,104.0,DRIVEWAY,,,IC,Invest Cont,420.0,,,,22700    HAMLIN                       ST,,34.189,-118.6219
200117585,09/07/2020 12:00:00 AM,09/07/2020 12:00:00 AM,1940,1,Central,111,2,860,BATTERY WITH SEXUAL CONTACT,0522 1822 0551 1414,22,F,B,502.0,"MULTI-UNIT DWELLING (APARTMENT, DUPLEX, ETC)",400.0,"STRONG-ARM (HANDS, FIST, FEET OR BODILY FORCE)",AA,Adult Arrest,860.0,,,,500 N  SPRING                       ST,,34.0571,-118.2405
221704301,01/11/2022 12:00:00 AM,01/10/2022 12:00:00 AM,900,17,Devonshire,1764,1,420,THEFT FROM MOTOR VEHICLE - PETTY ($950 & UNDER),,0,,,101.0,STREET,,,IC,Invest Cont,420.0,,,,9300    TAMPA                        AV,,34.244,-118.5583
220717312,12/04/2022 12:00:00 AM,12/04/2022 12:00:00 AM,116,7,Wilshire,788,2,237,CHILD NEGLECT (SEE 300 W.I.C.),1310 0342 1309 1258 0553,9,F,H,108.0,PARKING LOT,,,AO,Adult Other,237.0,,,,4000 W  WASHINGTON                   BL,,34.0399,-118.3272
220416042,12/06/2022 12:00:00 AM,12/04/2022 12:00:00 AM,1215,4,Hollenbeck,421,2,354,THEFT OF IDENTITY,0100,34,M,H,504.0,OTHER RESIDENCE,,,IC,Invest Cont,354.0,,,,2100    VALLEJO                      ST,,34.0708,-118.2175
221401082,08/27/2022 12:00:00 AM,08/27/2022 12:00:00 AM,1600,14,Pacific,1489,2,930,CRIMINAL THREATS - NO WEAPON DISPLAYED,1402 0443,20,F,H,210.0,RESTAURANT/FAST FOOD,511.0,VERBAL THREAT,AA,Adult Arrest,930.0,998.0,,,5200 W  CENTURY                      BL,,33.949,-118.3744
231515562,09/30/2023 12:00:00 AM,09/30/2023 12:00:00 AM,810,15,N Hollywood,1529,2,625,OTHER ASSAULT,,65,F,W,502.0,"MULTI-UNIT DWELLING (APARTMENT, DUPLEX, ETC)",400.0,"STRONG-ARM (HANDS, FIST, FEET OR BODILY FORCE)",AO,Adult Other,625.0,,,,10400    EDISON                       WY,,34.18,-118.3589
202017672,11/27/2020 12:00:00 AM,11/27/2020 12:00:00 AM,300,20,Olympic,2026,2,740,"VANDALISM - FELONY ($400 & OVER, ALL CHURCH VANDALISMS)",0329 1822,0,X,X,210.0,RESTAURANT/FAST FOOD,,,IC,Invest Cont,740.0,,,,400 S  VERMONT                      AV,,34.0672,-118.2941
200910949,06/12/2020 12:00:00 AM,06/11/2020 12:00:00 AM,1100,9,Van Nuys,915,1,331,THEFT FROM MOTOR VEHICLE - GRAND ($950.01 AND OVER),0344 1300,58,M,H,108.0,PARKING LOT,,,IC,Invest Cont,331.0,,,,14400    VANOWEN                      ST,,34.1976,-118.4443
231013540,09/10/2023 12:00:00 AM,09/10/2023 12:00:00 AM,1550,10,West Valley,1044,1,230,"ASSAULT WITH DEADLY WEAPON, AGGRAVATED ASSAULT",0416 1822 0400 0446 0906 1816 2033,21,F,O,502.0,"MULTI-UNIT DWELLING (APARTMENT, DUPLEX, ETC)",400.0,"STRONG-ARM (HANDS, FIST, FEET OR BODILY FORCE)",AA,Adult Arrest,230.0,761.0,,,18400    HATTERAS                     ST,,34.1775,-118.5337
211312314,07/06/2021 12:00:00 AM,07/02/2021 12:00:00 AM,1600,13,Newton,1362,2,745,VANDALISM - MISDEAMEANOR ($399 OR UNDER),0329 1300,59,F,B,122.0,"VEHICLE, PASSENGER/TRUCK",,,IC,Invest Cont,745.0,,,,400 E  49TH                         ST,,33.9988,-118.2696
221209834,04/12/2022 12:00:00 AM,04/12/2022 12:00:00 AM,545,12,77th Street,1241,1,330,BURGLARY FROM VEHICLE,1822 0344 1607,36,M,H,108.0,PARKING LOT,,,IC,Invest Cont,330.0,,,,3500    HYDE PARK                    BL,,33.9806,-118.3338
221504395,01/11/2022 12:00:00 AM,01/11/2022 12:00:00 AM,430,15,N Hollywood,1515,2,745,VANDALISM - MISDEAMEANOR ($399 OR UNDER),0329 1609,0,M,O,401.0,MINI-MART,,,IC,Invest Cont,745.0,,,,6600    LANKERSHIM                   BL,,34.1962,-118.3911
232117634,12/13/2023 12:00:00 AM,12/13/2023 12:00:00 AM,935,21,Topanga,2115,2,437,RESISTING ARREST,1212 0400,0,M,H,502.0,"MULTI-UNIT DWELLING (APARTMENT, DUPLEX, ETC)",400.0,"STRONG-ARM (HANDS, FIST, FEET OR BODILY FORCE)",AA,Adult Arrest,437.0,,,,21700    LANARK                       ST,,34.2176,-118.6016
201808059,03/11/2020 12:00:00 AM,03/11/2020 12:00:00 AM,600,18,Southeast,1861,2,624,BATTERY - SIMPLE ASSAULT,0910 1822 0416 0429,47,M,H,124.0,BUS STOP,400.0,"STRONG-ARM (HANDS, FIST, FEET OR BODILY FORCE)",IC,Invest Cont,624.0,,,,VERMONT                      AV,ANDERSON                     FY,33.9289,-118.2916
231415021,07/29/2023 12:00:00 AM,07/29/2023 12:00:00 AM,950,14,Pacific,1406,1,331,THEFT FROM MOTOR VEHICLE - GRAND ($950.01 AND OVER),0344 1300 0385,26,M,O,102.0,SIDEWALK,,,IC,Invest Cont,331.0,,,,ROSE,KEYSTONE,34.0281,-118.4129
211212683,05/23/2021 12:00:00 AM,05/22/2021 12:00:00 AM,1915,12,77th Street,1241,1,310,BURGLARY,0344,44,M,B,505.0,MOTEL,,,IC,Invest Cont,310.0,,,,6300    CRENSHAW                     BL,,33.9825,-118.3309
221811481,05/27/2022 12:00:00 AM,03/23/2022 12:00:00 AM,1,18,Southeast,1862,2,845,SEX OFFENDER REGISTRANT OUT OF COMPLIANCE,0913 1501,0,X,X,501.0,SINGLE FAMILY DWELLING,,,IC,Invest Cont,845.0,,,,100 E  119TH                        ST,,33.9247,-118.2739
210815670,10/21/2021 12:00:00 AM,10/20/2021 12:00:00 AM,2140,8,West LA,859,1,330,BURGLARY FROM VEHICLE,1822 0344,36,M,W,707.0,GARAGE/CARPORT,,,IC,Invest Cont,330.0,,,,1500 S  SHENANDOAH                   ST,,34.0502,-118.3822
220313534,07/10/2022 12:00:00 AM,07/10/2022 12:00:00 AM,2100,3,Southwest,397,1,210,ROBBERY,0342 0344 0416 1202 1822,66,M,B,101.0,STREET,400.0,"STRONG-ARM (HANDS, FIST, FEET OR BODILY FORCE)",IC,Invest Cont,210.0,,,,MARTIN LUTHER KING JR        BL,VERMONT                      AV,34.0109,-118.2915
220610108,05/01/2022 12:00:00 AM,04/30/2022 12:00:00 AM,1630,6,Hollywood,645,1,330,BURGLARY FROM VEHICLE,1300 1822 0344 0329 1609,46,M,W,108.0,PARKING LOT,,,IC,Invest Cont,330.0,,,,1600 N  ORANGE                       DR,,34.0992,-118.3414
240308736,04/02/2024 12:00:00 AM,04/02/2024 12:00:00 AM,1833,3,Southwest,338,2,740,"VANDALISM - FELONY ($400 & OVER, ALL CHURCH VANDALISMS)",0329 1307 1822,23,X,X,101.0,STREET,500.0,UNKNOWN WEAPON/OTHER WEAPON,IC,Invest Cont,740.0,,,,S  VERMONT                      AV,36TH                         ST,34.0268,-118.2896
201204126,01/02/2020 12:00:00 AM,01/02/2020 12:00:00 AM,1050,12,77th Street,1266,1,230,"ASSAULT WITH DEADLY WEAPON, AGGRAVATED ASSAULT",0913 0334 0421 0449 0340,50,M,B,119.0,"PORCH, RESIDENTIAL",101.0,REVOLVER,IC,Invest Cont,230.0,,,,900 W  82ND                         ST,,33.9661,-118.2849
232007201,03/20/2023 12:00:00 AM,03/17/2023 12:00:00 AM,1900,20,Olympic,2076,1,510,VEHICLE - STOLEN,,0,,,101.0,STREET,,,IC,Invest Cont,510.0,,,,VENICE,BERENDO,34.0443,-118.2935
210106264,02/18/2021 12:00:00 AM,02/18/2021 12:00:00 AM,1700,1,Central,195,1,230,"ASSAULT WITH DEADLY WEAPON, AGGRAVATED ASSAULT",0411 1019 1822 0910 2004,55,M,H,124.0,BUS STOP,207.0,OTHER KNIFE,IC,Invest Cont,230.0,,,,BROADWAY,WASHINGTON,34.0316,-118.2656
231806500,02/18/2023 12:00:00 AM,02/17/2023 12:00:00 AM,1900,18,Southeast,1821,1,510,VEHICLE - STOLEN,,0,,,101.0,STREET,,,IC,Invest Cont,510.0,,,,700 W  102ND                        ST,,33.9438,-118.287
201116159,11/29/2020 12:00:00 AM,11/28/2020 12:00:00 AM,2018,11,Northeast,1124,2,626,INTIMATE PARTNER - SIMPLE ASSAULT,0400 0416 1814 2000,34,F,H,501.0,SINGLE FAMILY DWELLING,400.0,"STRONG-ARM (HANDS, FIST, FEET OR BODILY FORCE)",AO,Adult Other,626.0,,,,3200 W  AVENUE 32,,34.1186,-118.245
230210043,04/29/2023 12:00:00 AM,04/29/2023 12:00:00 AM,1851,2,Rampart,266,1,442,SHOPLIFTING - PETTY THEFT ($950 & UNDER),0325 0104 1822,0,X,X,405.0,CLOTHING STORE,,,IC,Invest Cont,442.0,,,,1600 W  7TH                          ST,,34.0539,-118.2712
211106782,03/22/2021 12:00:00 AM,03/22/2021 12:00:00 AM,2030,11,Northeast,1127,2,745,VANDALISM - MISDEAMEANOR ($399 OR UNDER),0329 0903 2055 1514,0,X,X,102.0,SIDEWALK,,,IC,Invest Cont,745.0,946.0,,,5900    YORK                         BL,,34.12,-118.1893
210208881,05/01/2021 12:00:00 AM,05/01/2021 12:00:00 AM,1700,2,Rampart,246,2,626,INTIMATE PARTNER - SIMPLE ASSAULT,2000 1814 0329 0400 0444 0416 0913,30,F,H,502.0,"MULTI-UNIT DWELLING (APARTMENT, DUPLEX, ETC)",400.0,"STRONG-ARM (HANDS, FIST, FEET OR BODILY FORCE)",IC,Invest Cont,626.0,,,,300 S  WESTLAKE                     AV,,34.0608,-118.2726
201216465,07/14/2020 12:00:00 AM,07/09/2020 12:00:00 AM,1520,12,77th Street,1249,2,822,HUMAN TRAFFICKING - COMMERCIAL SEX ACTS,1402 0943 1259,15,F,B,101.0,STREET,,,IC,Invest Cont,822.0,998.0,,,FIGUEROA                     ST,70TH,33.9765,-118.2827
231212313,05/16/2023 12:00:00 AM,05/16/2023 12:00:00 AM,800,12,77th Street,1204,1,310,BURGLARY,0344 1607,68,M,H,501.0,SINGLE FAMILY DWELLING,,,IC,Invest Cont,310.0,,,,1000 W  48TH                         ST,,34.0017,-118.2979
200318557,10/08/2020 12:00:00 AM,10/08/2020 12:00:00 AM,930,3,Southwest,319,2,626,INTIMATE PARTNER - SIMPLE ASSAULT,0913 2000 1814 0444 0429,26,F,B,502.0,"MULTI-UNIT DWELLING (APARTMENT, DUPLEX, ETC)",400.0,"STRONG-ARM (HANDS, FIST, FEET OR BODILY FORCE)",IC,Invest Cont,626.0,,,,1900    PARK GROVE                   AV,,34.0358,-118.2766
241406830,03/03/2024 12:00:00 AM,03/02/2024 12:00:00 AM,1700,14,Pacific,1483,1,420,THEFT FROM MOTOR VEHICLE - PETTY ($950 & UNDER),,0,,,101.0,STREET,,,IC,Invest Cont,420.0,,,,8100    REDLANDS                     ST,,33.9571,-118.4361
221506754,03/07/2022 12:00:00 AM,03/07/2022 12:00:00 AM,615,15,N Hollywood,1548,2,354,THEFT OF IDENTITY,0377,33,F,W,710.0,OTHER PREMISE,,,IC,Invest Cont,354.0,,,,5200    BLAKESLEE                    AV,,34.1649,-118.3725
221911278,06/27/2022 12:00:00 AM,06/27/2022 12:00:00 AM,1820,19,Mission,1961,1,230,"ASSAULT WITH DEADLY WEAPON, AGGRAVATED ASSAULT",0906 1218 1206 0411 0305 1822,54,M,W,101.0,STREET,223.0,UNKNOWN TYPE CUTTING INSTRUMENT,IC,Invest Cont,230.0,,,,9100 N  SEPULVEDA                    BL,,34.2446,-118.4676
211212850,05/26/2021 12:00:00 AM,05/26/2021 12:00:00 AM,2045,12,77th Street,1253,1,442,SHOPLIFTING - PETTY THEFT ($950 & UNDER),1822 0344,0,X,X,402.0,MARKET,,,IC,Invest Cont,442.0,,,,7300 S  WESTERN                      AV,,33.9727,-118.309
210813349,08/27/2021 12:00:00 AM,08/26/2021 12:00:00 AM,725,8,West LA,849,1,761,BRANDISH WEAPON,0334 1822 1202,72,M,W,103.0,ALLEY,216.0,SCISSORS,IC,Invest Cont,761.0,,,,ROBERTSON                    BL,PICO                         BL,34.0553,-118.3837
201225756,12/01/2020 12:00:00 AM,12/01/2020 12:00:00 AM,500,12,77th Street,1232,2,740,"VANDALISM - FELONY ($400 & OVER, ALL CHURCH VANDALISMS)",0344 1822,41,F,B,501.0,SINGLE FAMILY DWELLING,,,IC,Invest Cont,740.0,,,,5900    4TH                          AV,,33.9855,-118.3216
230618189,11/23/2023 12:00:00 AM,11/21/2023 12:00:00 AM,1000,6,Hollywood,639,2,930,CRIMINAL THREATS - NO WEAPON DISPLAYED,1822 0400 0421,37,M,B,203.0,OTHER BUSINESS,400.0,"STRONG-ARM (HANDS, FIST, FEET OR BODILY FORCE)",IC,Invest Cont,930.0,,,,5400    HOLLYWOOD                    BL,,34.1036,-118.3049
241407417,03/15/2024 12:00:00 AM,03/14/2024 12:00:00 AM,1930,14,Pacific,1454,1,440,THEFT PLAIN - PETTY ($950 & UNDER),2032 0344,44,M,A,210.0,RESTAURANT/FAST FOOD,,,IC,Invest Cont,440.0,,,,13400    MAXELLA                      AV,,33.9867,-118.4413
200104270,01/04/2020 12:00:00 AM,01/04/2020 12:00:00 AM,1630,1,Central,195,1,330,BURGLARY FROM VEHICLE,1822 0344 1307 1609,32,M,H,108.0,PARKING LOT,,,IC,Invest Cont,330.0,,,,1300 S  LOS ANGELES                  ST,,34.0357,-118.2593
231405885,02/15/2023 12:00:00 AM,02/14/2023 12:00:00 AM,1930,14,Pacific,1407,1,520,VEHICLE - ATTEMPT STOLEN,0329 1300,28,M,W,103.0,ALLEY,,,IC,Invest Cont,520.0,998.0,,,3400    VINTON                       AV,,34.0283,-118.4084
211816503,09/08/2021 12:00:00 AM,09/08/2021 12:00:00 AM,205,18,Southeast,1831,1,310,BURGLARY,0329 2034 0387 1601 1300 0400,19,F,H,501.0,SINGLE FAMILY DWELLING,,,AO,Adult Other,310.0,,,,12200    MENLO                        AV,,33.9217,-118.289
210708029,04/24/2021 12:00:00 AM,04/23/2021 12:00:00 AM,1500,7,Wilshire,777,1,310,BURGLARY,1822 0344,80,F,B,707.0,GARAGE/CARPORT,,,IC,Invest Cont,310.0,,,,1600    BUCKINGHAM                   RD,,34.0438,-118.3342
220307723,03/19/2022 12:00:00 AM,03/17/2022 12:00:00 AM,2300,3,Southwest,328,1,510,VEHICLE - STOLEN,,0,,,108.0,PARKING LOT,,,IC,Invest Cont,510.0,,,,600 W  32ND                         ST,,34.0235,-118.279
230122912,10/29/2023 12:00:00 AM,10/28/2023 12:00:00 AM,2100,1,Central,176,1,230,"ASSAULT WITH DEADLY WEAPON, AGGRAVATED ASSAULT",1822 0216 0431 0910,28,M,H,102.0,SIDEWALK,512.0,MACE/PEPPER SPRAY,IC,Invest Cont,230.0,,,,CENTRAL                      AV,7TH                          ST,34.0404,-118.2504
221013299,08/23/2022 12:00:00 AM,08/16/2022 12:00:00 AM,1630,10,West Valley,1079,1,330,BURGLARY FROM VEHICLE,1822 0344,45,M,O,602.0,BANK,,,IC,Invest Cont,330.0,,,,15800    VENTURA                      BL,,34.1599,-118.4766
211516903,11/02/2021 12:00:00 AM,11/02/2021 12:00:00 AM,518,15,N Hollywood,1581,1,440,THEFT PLAIN - PETTY ($950 & UNDER),0344,28,M,O,119.0,"PORCH, RESIDENTIAL",,,IC,Invest Cont,440.0,,,,4100    LAURELGROVE                  AV,,34.1456,-118.4009
200613745,08/09/2020 12:00:00 AM,08/09/2020 12:00:00 AM,230,6,Hollywood,666,1,210,ROBBERY,1822 2004 0445 0416 0344 0400 0334 1202 0432 0448,60,M,B,102.0,SIDEWALK,200.0,KNIFE WITH BLADE 6INCHES OR LESS,IC,Invest Cont,210.0,,,,VINE,FOUNTAIN,34.0944,-118.3266
241709905,05/27/2024 12:00:00 AM,05/26/2024 12:00:00 AM,2000,17,Devonshire,1795,1,420,THEFT FROM MOTOR VEHICLE - PETTY ($950 & UNDER),,0,,,101.0,STREET,,,IC,Invest Cont,420.0,,,,17100    ROSCOE                       BL,,34.2214,-118.5055
221913389,08/19/2022 12:00:00 AM,08/18/2022 12:00:00 AM,2320,19,Mission,1974,2,626,INTIMATE PARTNER - SIMPLE ASSAULT,2000 1814 0444,31,F,H,502.0,"MULTI-UNIT DWELLING (APARTMENT, DUPLEX, ETC)",400.0,"STRONG-ARM (HANDS, FIST, FEET OR BODILY FORCE)",IC,Invest Cont,626.0,,,,8900    TOBIAS                       AV,,34.2318,-118.4517
220212221,06/21/2022 12:00:00 AM,06/12/2022 12:00:00 AM,1430,2,Rampart,233,1,341,"THEFT-GRAND ($950.01 & OVER)EXCPT,GUNS,FOWL,LIVESTK,PROD",1202 0344 0352 2032,61,M,W,517.0,MISSIONS/SHELTERS,,,IC,Invest Cont,341.0,,,,200 N  BENTON                       WY,,34.0713,-118.2767
201319728,11/09/2020 12:00:00 AM,11/09/2020 12:00:00 AM,2135,13,Newton,1313,1,210,ROBBERY,1218 2000 0913 0416 0344,26,F,H,501.0,SINGLE FAMILY DWELLING,400.0,"STRONG-ARM (HANDS, FIST, FEET OR BODILY FORCE)",IC,Invest Cont,210.0,,,,1200 E  20TH                         ST,,34.0247,-118.2536
220308523,04/03/2022 12:00:00 AM,04/03/2022 12:00:00 AM,2315,3,Southwest,357,2,740,"VANDALISM - FELONY ($400 & OVER, ALL CHURCH VANDALISMS)",0329 1307 1822,67,M,H,122.0,"VEHICLE, PASSENGER/TRUCK",,,IC,Invest Cont,740.0,,,,1200 W  35TH                         ST,,34.0242,-118.2944
221913376,08/18/2022 12:00:00 AM,08/18/2022 12:00:00 AM,1350,19,Mission,1981,2,888,TRESPASSING,2004,57,M,O,505.0,MOTEL,,,IC,Invest Cont,888.0,,,,8500 N  SEPULVEDA                    BL,,34.2267,-118.4704
241908506,05/02/2024 12:00:00 AM,05/02/2024 12:00:00 AM,1400,19,Mission,1912,1,510,VEHICLE - STOLEN,,0,,,101.0,STREET,,,AO,Adult Other,510.0,,,,15500    FOOTHILL                     BL,,34.323,-118.4696
220126407,12/15/2022 12:00:00 AM,12/14/2022 12:00:00 AM,2300,1,Central,152,1,330,BURGLARY FROM VEHICLE,1609 0344 1307 0329 1822,26,F,H,702.0,OFFICE BUILDING/OFFICE,,,IC,Invest Cont,330.0,,,,5TH                          ST,OLIVE,34.0495,-118.2528
240105677,01/24/2024 12:00:00 AM,01/24/2024 12:00:00 AM,500,1,Central,132,1,310,BURGLARY,0344 1609,52,M,A,203.0,OTHER BUSINESS,,,IC,Invest Cont,310.0,,,,700 W  1ST                          ST,,34.0564,-118.2499
221909150,05/06/2022 12:00:00 AM,05/05/2022 12:00:00 AM,2300,19,Mission,1915,1,341,"THEFT-GRAND ($950.01 & OVER)EXCPT,GUNS,FOWL,LIVESTK,PROD",0913 1814 0344,25,M,H,210.0,RESTAURANT/FAST FOOD,,,AO,Adult Other,341.0,,,,14100    HUBBARD                      ST,,34.2995,-118.4392
230714626,09/14/2023 12:00:00 AM,09/13/2023 12:00:00 AM,2129,7,Wilshire,736,1,442,SHOPLIFTING - PETTY THEFT ($950 & UNDER),1822 0325 2028,0,X,X,404.0,DEPARTMENT STORE,,,IC,Invest Cont,442.0,,,,400 S  LA BREA                      AV,,34.0669,-118.3456
230804714,01/18/2023 12:00:00 AM,01/17/2023 12:00:00 AM,2100,8,West LA,852,1,230,"ASSAULT WITH DEADLY WEAPON, AGGRAVATED ASSAULT",0913 2004 1218 1817 0411,39,M,H,103.0,ALLEY,200.0,KNIFE WITH BLADE 6INCHES OR LESS,IC,Invest Cont,230.0,,,,11900    SANTA MONICA                 BL,,34.0419,-118.4603
232011847,06/21/2023 12:00:00 AM,04/07/2023 12:00:00 AM,1440,20,Olympic,2015,2,354,THEFT OF IDENTITY,0100 0930 1822,31,M,H,502.0,"MULTI-UNIT DWELLING (APARTMENT, DUPLEX, ETC)",,,IC,Invest Cont,354.0,,,,200 N  NEW HAMPSHIRE                AV,,34.0745,-118.2929
211813827,07/18/2021 12:00:00 AM,07/18/2021 12:00:00 AM,830,18,Southeast,1834,1,350,"THEFT, PERSON",0344 1814 2000 0913 0416 0419,24,F,H,101.0,STREET,400.0,"STRONG-ARM (HANDS, FIST, FEET OR BODILY FORCE)",IC,Invest Cont,350.0,626.0,,,99TH                         ST,AVALON                       BL,33.9398,-118.2611
210415699,12/09/2021 12:00:00 AM,12/08/2021 12:00:00 AM,2300,4,Hollenbeck,464,1,420,THEFT FROM MOTOR VEHICLE - PETTY ($950 & UNDER),,0,,,101.0,STREET,,,IC,Invest Cont,420.0,,,,2100 E  4TH                          ST,,34.0445,-118.2116
231215824,07/17/2023 12:00:00 AM,07/16/2023 12:00:00 AM,1900,12,77th Street,1283,1,520,VEHICLE - ATTEMPT STOLEN,1822 0329 1307 1202,77,F,B,101.0,STREET,,,IC,Invest Cont,520.0,,,,2000 W  93RD                         ST,,33.9519,-118.3134
200316064,08/20/2020 12:00:00 AM,08/12/2020 12:00:00 AM,1900,3,Southwest,312,1,350,"THEFT, PERSON",0344 0346 0377 1822,29,F,H,102.0,SIDEWALK,,,IC,Invest Cont,350.0,,,,ADAMS                        BL,LA BREA                      AV,34.0325,-118.3509
201104791,01/20/2020 12:00:00 AM,01/19/2020 12:00:00 AM,1750,11,Northeast,1171,1,510,VEHICLE - STOLEN,,0,,,101.0,STREET,,,IC,Invest Cont,510.0,,,,3300 W  SUNSET                       BL,,34.0917,-118.2741
201916250,10/28/2020 12:00:00 AM,10/28/2020 12:00:00 AM,130,19,Mission,1972,1,350,"THEFT, PERSON",0913 2000 1814 0346,27,F,H,102.0,SIDEWALK,,,AO,Adult Other,350.0,,,,9000    COLUMBUS                     AV,,34.2337,-118.4654
210506117,02/23/2021 12:00:00 AM,02/23/2021 12:00:00 AM,1320,5,Harbor,564,2,740,"VANDALISM - FELONY ($400 & OVER, ALL CHURCH VANDALISMS)",1300 0329 0202,35,M,W,122.0,"VEHICLE, PASSENGER/TRUCK",,,IC,Invest Cont,740.0,,,,PALOS VERDES,5TH,33.7403,-118.2814
221812332,06/08/2022 12:00:00 AM,06/01/2022 12:00:00 AM,105,18,Southeast,1844,2,354,THEFT OF IDENTITY,0922,47,F,H,501.0,SINGLE FAMILY DWELLING,,,IC,Invest Cont,354.0,,,,700 E  110TH                        ST,,33.9357,-118.263
231013299,09/04/2023 12:00:00 AM,09/03/2023 12:00:00 AM,2100,10,West Valley,1028,1,510,VEHICLE - STOLEN,,0,,,108.0,PARKING LOT,,,IC,Invest Cont,510.0,,,,16500    VANOWEN                      ST,,34.1939,-118.4924
210209232,05/09/2021 12:00:00 AM,05/09/2021 12:00:00 AM,1830,2,Rampart,236,2,930,CRIMINAL THREATS - NO WEAPON DISPLAYED,1822 0202 0432,32,F,H,203.0,OTHER BUSINESS,511.0,VERBAL THREAT,IC,Invest Cont,930.0,,,,200 S  ALVARADO                     ST,,34.0636,-118.2723
201226649,12/18/2020 12:00:00 AM,12/18/2020 12:00:00 AM,130,12,77th Street,1259,2,626,INTIMATE PARTNER - SIMPLE ASSAULT,2000 1813 0913 0416 2002,48,M,H,501.0,SINGLE FAMILY DWELLING,400.0,"STRONG-ARM (HANDS, FIST, FEET OR BODILY FORCE)",AA,Adult Arrest,626.0,,,,800 E  76TH                         ST,,33.9712,-118.2608
201816086,08/19/2020 12:00:00 AM,08/19/2020 12:00:00 AM,1045,18,Southeast,1849,2,627,CHILD ABUSE (PHYSICAL) - SIMPLE ASSAULT,0416 1258 0913 1251 0552,13,F,H,501.0,SINGLE FAMILY DWELLING,301.0,BELT FLAILING INSTRUMENT/CHAIN,IC,Invest Cont,627.0,,,,11400    MONA                         BL,,33.9304,-118.2307
242109394,05/28/2024 12:00:00 AM,05/28/2024 12:00:00 AM,515,21,Topanga,2156,1,420,THEFT FROM MOTOR VEHICLE - PETTY ($950 & UNDER),0344,32,M,A,717.0,HEALTH SPA/GYM,,,IC,Invest Cont,420.0,,,,6400    CANOGA                       AV,,34.1865,-118.5975
221613816,10/31/2022 12:00:00 AM,10/31/2021 12:00:00 AM,1400,16,Foothill,1638,2,860,BATTERY WITH SEXUAL CONTACT,0913 0500 0522 0372 1824,16,F,H,721.0,HIGH SCHOOL,400.0,"STRONG-ARM (HANDS, FIST, FEET OR BODILY FORCE)",IC,Invest Cont,860.0,,,,10600    PLAINVIEW                    AV,,34.2606,-118.2979
220127148,12/27/2022 12:00:00 AM,12/27/2022 12:00:00 AM,120,1,Central,121,1,330,BURGLARY FROM VEHICLE,1609 1822 0329 0344 1307,19,F,H,101.0,STREET,,,IC,Invest Cont,330.0,,,,DIAMOND                      ST,N  FIGUEROA                     ST,34.0589,-118.2526
202015634,10/08/2020 12:00:00 AM,09/13/2020 12:00:00 AM,1600,20,Olympic,2038,1,440,THEFT PLAIN - PETTY ($950 & UNDER),1822 0344,34,F,W,502.0,"MULTI-UNIT DWELLING (APARTMENT, DUPLEX, ETC)",,,IC,Invest Cont,440.0,,,,600    SHATTO                       PL,,34.0605,-118.2903
240206027,02/07/2024 12:00:00 AM,02/05/2024 12:00:00 AM,1500,2,Rampart,249,1,331,THEFT FROM MOTOR VEHICLE - GRAND ($950.01 AND OVER),0352 0344 1822 1300 1606,40,F,H,707.0,GARAGE/CARPORT,,,IC,Invest Cont,331.0,,,,1100    WILSHIRE                     BL,,34.0523,-118.2633
200706067,02/13/2020 12:00:00 AM,02/13/2020 12:00:00 AM,630,7,Wilshire,749,2,850,INDECENT EXPOSURE,0538 1822 0500 0910,18,F,H,124.0,BUS STOP,,,IC,Invest Cont,850.0,,,,OLYMPIC,LUCERNE,34.0553,-118.3279
211314429,08/18/2021 12:00:00 AM,08/16/2021 12:00:00 AM,1832,13,Newton,1385,2,740,"VANDALISM - FELONY ($400 & OVER, ALL CHURCH VANDALISMS)",0329,25,M,F,501.0,SINGLE FAMILY DWELLING,,,AO,Adult Other,740.0,,,,5800 S  CENTRAL                      AV,,33.9822,-118.2565
231012720,08/20/2023 12:00:00 AM,08/20/2023 12:00:00 AM,1650,10,West Valley,1006,1,210,ROBBERY,0325 1236 0945 1309 0216 1822,33,M,H,202.0,LIQUOR STORE,113.0,SIMULATED GUN,IC,Invest Cont,210.0,,,,17300    SATICOY                      ST,,34.2147,-118.5142
222011598,06/26/2022 12:00:00 AM,06/24/2022 12:00:00 AM,1800,20,Olympic,2035,2,740,"VANDALISM - FELONY ($400 & OVER, ALL CHURCH VANDALISMS)",1822 0329,27,F,H,122.0,"VEHICLE, PASSENGER/TRUCK",,,IC,Invest Cont,740.0,,,,3300    WILSHIRE                     BL,,34.0618,-118.2985
221806903,03/04/2022 12:00:00 AM,03/04/2022 12:00:00 AM,800,18,Southeast,1841,1,440,THEFT PLAIN - PETTY ($950 & UNDER),1822 0344 1202,66,F,B,518.0,TRANSITIONAL HOUSING/HALFWAY HOUSE,,,IC,Invest Cont,440.0,,,,800 W  IMPERIAL                     HY,,33.9367,-118.2871
220605859,02/11/2022 12:00:00 AM,02/08/2022 12:00:00 AM,1200,6,Hollywood,668,1,820,ORAL COPULATION,0507 1206 0443 0334 1822 0500 0400 1218,33,F,W,101.0,STREET,207.0,OTHER KNIFE,IC,Invest Cont,230.0,820.0,930.0,,SUNSET,WILTON,34.0981,-118.3136
221014245,09/20/2022 12:00:00 AM,09/20/2022 12:00:00 AM,1954,10,West Valley,1063,1,220,ATTEMPTED ROBBERY,1822 0325 0400 0216 1414 0421,0,M,W,405.0,CLOTHING STORE,400.0,"STRONG-ARM (HANDS, FIST, FEET OR BODILY FORCE)",IC,Invest Cont,220.0,,,,18700    VENTURA                      BL,,34.1707,-118.5407
220118793,08/21/2022 12:00:00 AM,08/21/2022 12:00:00 AM,1245,1,Central,163,1,440,THEFT PLAIN - PETTY ($950 & UNDER),1822 0344 1234,32,F,W,735.0,NIGHT CLUB (OPEN EVENINGS ONLY),,,IC,Invest Cont,440.0,,,,8TH                          ST,BROADWAY,34.0445,-118.2558
200306482,02/11/2020 12:00:00 AM,02/10/2020 12:00:00 AM,1530,3,Southwest,362,2,745,VANDALISM - MISDEAMEANOR ($399 OR UNDER),1307 0329,58,F,B,122.0,"VEHICLE, PASSENGER/TRUCK",,,IC,Invest Cont,745.0,,,,3900    COCO                         AV,,34.0155,-118.3497
221514516,09/02/2022 12:00:00 AM,09/02/2022 12:00:00 AM,1,15,N Hollywood,1514,2,354,THEFT OF IDENTITY,0377 1822 0930,25,F,H,605.0,AUTOMATED TELLER MACHINE (ATM),,,IC,Invest Cont,354.0,,,,6800    BEN                          AV,,34.194,-118.3943
232112919,08/15/2023 12:00:00 AM,10/01/2022 12:00:00 AM,1200,21,Topanga,2143,2,354,THEFT OF IDENTITY,0929 1822,54,F,H,501.0,SINGLE FAMILY DWELLING,,,IC,Invest Cont,354.0,,,,6900    FALLBROOK                    AV,,34.1883,-118.6274
231218611,08/29/2023 12:00:00 AM,08/23/2023 12:00:00 AM,1120,12,77th Street,1211,1,331,THEFT FROM MOTOR VEHICLE - GRAND ($950.01 AND OVER),1300 0344 0385 1822 0216,31,M,B,102.0,SIDEWALK,,,IC,Invest Cont,331.0,,,,57TH                         ST,BRYNHURST                    AV,33.9909,-118.3333
230305297,01/26/2023 12:00:00 AM,01/25/2023 12:00:00 AM,1510,3,Southwest,399,1,420,THEFT FROM MOTOR VEHICLE - PETTY ($950 & UNDER),1822 0344 1300 1606 0352,25,M,H,247.0,CAR WASH,,,IC,Invest Cont,420.0,,,,4200 S  FIGUEROA                     ST,,34.0072,-118.2827
221212868,05/31/2022 12:00:00 AM,05/31/2022 12:00:00 AM,1230,12,77th Street,1243,2,647,THROWING OBJECT AT MOVING VEHICLE,1822,8,M,H,101.0,STREET,306.0,ROCK/THROWN OBJECT,AO,Adult Other,647.0,,,,WESTERN                      AV,64TH                         ST,33.9814,-118.309
220217219,09/22/2022 12:00:00 AM,09/22/2022 12:00:00 AM,1310,2,Rampart,246,2,624,BATTERY - SIMPLE ASSAULT,0416 0446 1822,28,M,W,405.0,CLOTHING STORE,400.0,"STRONG-ARM (HANDS, FIST, FEET OR BODILY FORCE)",IC,Invest Cont,624.0,,,,400 S  ALVARADO                     ST,,34.0613,-118.2737
230205602,01/27/2023 12:00:00 AM,01/26/2023 12:00:00 AM,110,2,Rampart,279,1,331,THEFT FROM MOTOR VEHICLE - GRAND ($950.01 AND OVER),1822 0385 0344,0,X,X,103.0,ALLEY,,,IC,Invest Cont,331.0,,,,OLYMPIC,BLAINE,34.0476,-118.2707
201508851,04/16/2020 12:00:00 AM,04/15/2020 12:00:00 AM,2240,15,N Hollywood,1599,1,310,BURGLARY,1309 1601 0329 0344 1300,49,M,O,255.0,"AUTO DEALERSHIP (CHEVY, FORD, BMW, MERCEDES, ETC.)",,,IC,Invest Cont,310.0,,,,3500    CAHUENGA                     BL,,34.1329,-118.3559
210409450,06/08/2021 12:00:00 AM,06/08/2021 12:00:00 AM,2100,4,Hollenbeck,467,1,230,"ASSAULT WITH DEADLY WEAPON, AGGRAVATED ASSAULT",0340 0334 0202 1822,34,M,H,101.0,STREET,102.0,HAND GUN,IC,Invest Cont,230.0,,,,3RD,MATTHEWS,34.0387,-118.2079
241008137,04/24/2024 12:00:00 AM,04/24/2024 12:00:00 AM,145,10,West Valley,1045,1,331,THEFT FROM MOTOR VEHICLE - GRAND ($950.01 AND OVER),1822 0344 1300 0385,28,F,W,501.0,SINGLE FAMILY DWELLING,,,IC,Invest Cont,331.0,,,,17900    TIARA                        ST,,34.179,-118.523
212018899,12/30/2021 12:00:00 AM,12/29/2021 12:00:00 AM,2055,20,Olympic,2029,1,220,ATTEMPTED ROBBERY,0910 0400 0416 0445 1822,27,M,W,906.0,MTA - RED LINE - VERMONT/BEVERLY,211.0,AXE,IC,Invest Cont,220.0,,,,VERMONT,WILSHIRE,34.0618,-118.2917
210705429,02/06/2021 12:00:00 AM,02/06/2021 12:00:00 AM,1,7,Wilshire,737,1,310,BURGLARY,0344 1822 1606,27,F,A,502.0,"MULTI-UNIT DWELLING (APARTMENT, DUPLEX, ETC)",,,IC,Invest Cont,310.0,,,,5200    WILSHIRE                     BL,,34.0622,-118.3434
211806022,02/09/2021 12:00:00 AM,02/09/2021 12:00:00 AM,1815,18,Southeast,1801,2,624,BATTERY - SIMPLE ASSAULT,0913 0603 0416 0446 0400,50,F,B,502.0,"MULTI-UNIT DWELLING (APARTMENT, DUPLEX, ETC)",400.0,"STRONG-ARM (HANDS, FIST, FEET OR BODILY FORCE)",IC,Invest Cont,624.0,,,,9100    BARING CROSS                 ST,,33.9528,-118.2893
201111934,07/28/2020 12:00:00 AM,07/28/2020 12:00:00 AM,1000,11,Northeast,1148,2,901,VIOLATION OF RESTRAINING ORDER,1821 2038 0432,43,M,W,501.0,SINGLE FAMILY DWELLING,,,AO,Adult Other,901.0,,,,300    MUSEUM                       DR,,34.1006,-118.2075
200305572,01/27/2020 12:00:00 AM,01/27/2020 12:00:00 AM,1320,3,Southwest,341,1,341,"THEFT-GRAND ($950.01 & OVER)EXCPT,GUNS,FOWL,LIVESTK,PROD",0344 1822 2024 1309,52,F,B,501.0,SINGLE FAMILY DWELLING,,,IC,Invest Cont,341.0,,,,3800 S  ORANGE                       DR,,34.0178,-118.3569
230115133,07/01/2023 12:00:00 AM,06/30/2023 12:00:00 AM,2330,1,Central,162,1,330,BURGLARY FROM VEHICLE,0329 0344 1609 1307,37,M,B,108.0,PARKING LOT,,,IC,Invest Cont,330.0,,,,800 S  OLIVE                        ST,,34.0452,-118.2569
220416708,12/27/2022 12:00:00 AM,12/23/2022 12:00:00 AM,1400,4,Hollenbeck,421,1,330,BURGLARY FROM VEHICLE,0344 1300 1307 1609 1822,0,X,X,101.0,STREET,,,IC,Invest Cont,330.0,,,,AVENUE 17,MAIN,34.0668,-118.2213
211514055,09/02/2021 12:00:00 AM,09/02/2021 12:00:00 AM,800,15,N Hollywood,1563,2,860,BATTERY WITH SEXUAL CONTACT,0400 0448 2024,12,F,H,720.0,JUNIOR HIGH SCHOOL,400.0,"STRONG-ARM (HANDS, FIST, FEET OR BODILY FORCE)",IC,Invest Cont,860.0,,,,4500    IRVINE                       AV,,34.1522,-118.3855
210715895,11/22/2021 12:00:00 AM,11/19/2021 12:00:00 AM,1200,7,Wilshire,749,1,420,THEFT FROM MOTOR VEHICLE - PETTY ($950 & UNDER),,0,,,101.0,STREET,,,IC,Invest Cont,420.0,,,,800 S  PLYMOUTH                     BL,,34.058,-118.3248
230307646,03/11/2023 12:00:00 AM,03/10/2023 12:00:00 AM,2330,3,Southwest,328,1,352,PICKPOCKET,0344 1822,22,F,C,742.0,"SPORTS VENUE, OTHER",,,IC,Invest Cont,352.0,,,,600 W  JEFFERSON                    BL,,34.0225,-118.2812
201321217,12/13/2020 12:00:00 AM,12/13/2020 12:00:00 AM,1920,13,Newton,1377,1,761,BRANDISH WEAPON,0906 0334 0421 0432 0216 0913 0851,53,M,B,502.0,"MULTI-UNIT DWELLING (APARTMENT, DUPLEX, ETC)",102.0,HAND GUN,IC,Invest Cont,761.0,930.0,,,5400    DUARTE                       ST,,33.9934,-118.2423
211612957,10/30/2021 12:00:00 AM,10/29/2021 12:00:00 AM,2000,16,Foothill,1684,2,745,VANDALISM - MISDEAMEANOR ($399 OR UNDER),0329 1307,31,F,H,122.0,"VEHICLE, PASSENGER/TRUCK",,,IC,Invest Cont,745.0,,,,7900    LAUREL CANYON                BL,,34.2139,-118.3965
221010196,06/02/2022 12:00:00 AM,06/02/2022 12:00:00 AM,1800,10,West Valley,1043,2,930,CRIMINAL THREATS - NO WEAPON DISPLAYED,0913 0443 0422 1906,8,F,H,502.0,"MULTI-UNIT DWELLING (APARTMENT, DUPLEX, ETC)",511.0,VERBAL THREAT,IC,Invest Cont,930.0,,,,5900    RESEDA                       BL,,34.1769,-118.5384
200316887,09/05/2020 12:00:00 AM,09/05/2020 12:00:00 AM,1050,3,Southwest,358,2,930,CRIMINAL THREATS - NO WEAPON DISPLAYED,1822 0334 0359 0421 1402 2004,30,F,B,722.0,COLLEGE/JUNIOR COLLEGE/UNIVERSITY,207.0,OTHER KNIFE,AA,Adult Arrest,930.0,,,,3600    TROUSDALE                    PY,,34.0215,-118.2868
221508532,04/10/2022 12:00:00 AM,04/09/2022 12:00:00 AM,1400,15,N Hollywood,1526,1,330,BURGLARY FROM VEHICLE,1300 0344,59,M,O,101.0,STREET,,,IC,Invest Cont,330.0,,,,11600    OXNARD                       ST,,34.1849,-118.3834
220116813,07/25/2022 12:00:00 AM,07/25/2022 12:00:00 AM,958,1,Central,132,1,310,BURGLARY,0344 1402 1601,31,M,H,502.0,"MULTI-UNIT DWELLING (APARTMENT, DUPLEX, ETC)",,,IC,Invest Cont,310.0,998.0,,,200 S  FIGUEROA                     ST,,34.0566,-118.2531
221115551,10/26/2022 12:00:00 AM,10/26/2022 12:00:00 AM,1000,11,Northeast,1129,1,310,BURGLARY,0344 0321,39,M,W,501.0,SINGLE FAMILY DWELLING,,,IC,Invest Cont,310.0,,,,900    EASY                         ST,,34.1211,-118.1726
230124882,11/26/2023 12:00:00 AM,11/18/2023 12:00:00 AM,1940,1,Central,118,1,330,BURGLARY FROM VEHICLE,1307 0344 0329,45,M,K,116.0,OTHER/OUTSIDE,,,IC,Invest Cont,330.0,,,,1500 N  SPRING                       ST,,34.0677,-118.2309
231010220,06/11/2023 12:00:00 AM,06/11/2023 12:00:00 AM,430,10,West Valley,1039,2,624,BATTERY - SIMPLE ASSAULT,0913 0416 1820 0400 0429 2002 1414,32,F,H,502.0,"MULTI-UNIT DWELLING (APARTMENT, DUPLEX, ETC)",400.0,"STRONG-ARM (HANDS, FIST, FEET OR BODILY FORCE)",IC,Invest Cont,624.0,,,,6700    WOODLEY                      AV,,34.1924,-118.4837
200614300,08/22/2020 12:00:00 AM,08/22/2020 12:00:00 AM,730,6,Hollywood,663,2,624,BATTERY - SIMPLE ASSAULT,0400 0416 1822,54,M,W,102.0,SIDEWALK,400.0,"STRONG-ARM (HANDS, FIST, FEET OR BODILY FORCE)",IC,Invest Cont,624.0,,,,MANSFIELD,SANTA MONICA,34.0907,-118.3405
210121299,11/30/2021 12:00:00 AM,11/30/2021 12:00:00 AM,20,1,Central,192,1,210,ROBBERY,0344 0334 1822 0355 0308 0907 1309 1414,23,M,O,108.0,PARKING LOT,102.0,HAND GUN,AA,Adult Arrest,210.0,,,,VENICE,FLOWER,34.037,-118.2688
221115821,11/01/2022 12:00:00 AM,10/15/2022 12:00:00 AM,5,11,Northeast,1135,1,820,ORAL COPULATION,2000 0913 1813 0512 0532,37,F,H,101.0,STREET,400.0,"STRONG-ARM (HANDS, FIST, FEET OR BODILY FORCE)",IC,Invest Cont,820.0,,,,3100    WELDON                       AV,,34.1164,-118.2332
211104838,01/25/2021 12:00:00 AM,01/25/2021 12:00:00 AM,252,11,Northeast,1102,2,946,OTHER MISCELLANEOUS CRIME,1822 1602 0358 0342,0,X,X,213.0,WAREHOUSE,,,IC,Invest Cont,946.0,,,,5400    SAN FERNANDO                 RD,,34.1509,-118.2747
211509131,05/08/2021 12:00:00 AM,05/06/2021 12:00:00 AM,1400,15,N Hollywood,1569,1,440,THEFT PLAIN - PETTY ($950 & UNDER),0344,53,F,H,502.0,"MULTI-UNIT DWELLING (APARTMENT, DUPLEX, ETC)",,,IC,Invest Cont,440.0,,,,4500    STROHM                       AV,,34.1522,-118.3593
230112861,05/19/2023 12:00:00 AM,05/17/2023 12:00:00 AM,1440,1,Central,119,1,440,THEFT PLAIN - PETTY ($950 & UNDER),2032 0910 0344,62,M,I,834.0,LA UNION STATION (NOT LINE SPECIFIC),,,IC,Invest Cont,440.0,,,,800 N  ALAMEDA                      ST,,34.0561,-118.2375
201819827,10/31/2020 12:00:00 AM,10/31/2020 12:00:00 AM,30,18,Southeast,1842,1,230,"ASSAULT WITH DEADLY WEAPON, AGGRAVATED ASSAULT",1822 1300 1309 0416 0400 1206 2033,25,M,B,101.0,STREET,307.0,VEHICLE,IC,Invest Cont,230.0,,,,111TH                        ST,SAN PEDRO,33.9348,-118.2695
201416819,09/08/2020 12:00:00 AM,09/07/2020 12:00:00 AM,2045,14,Pacific,1412,1,230,"ASSAULT WITH DEADLY WEAPON, AGGRAVATED ASSAULT",0445 0906 0371 1822 0416 1218 2004,42,M,H,117.0,BEACH,309.0,BOARD,AO,Adult Other,230.0,998.0,,,OCEAN FRONT                  WK,DUDLEY,33.994,-118.4799
201416506,08/28/2020 12:00:00 AM,08/27/2020 12:00:00 AM,2200,14,Pacific,1465,1,341,"THEFT-GRAND ($950.01 & OVER)EXCPT,GUNS,FOWL,LIVESTK,PROD",0344,50,M,W,102.0,SIDEWALK,,,IC,Invest Cont,341.0,,,,MESMER                       AV,JEFFERSON                    BL,33.9864,-118.4012
220615271,08/27/2022 12:00:00 AM,08/25/2022 12:00:00 AM,800,6,Hollywood,649,1,510,VEHICLE - STOLEN,,0,,,707.0,GARAGE/CARPORT,,,IC,Invest Cont,510.0,,,,1600 N  HOBART                       BL,,34.1,-118.3056
211311998,07/16/2021 12:00:00 AM,07/15/2021 12:00:00 AM,1955,13,Newton,1307,1,230,"ASSAULT WITH DEADLY WEAPON, AGGRAVATED ASSAULT",1218 1822 0416 1300,44,F,W,102.0,SIDEWALK,114.0,AIR PISTOL/REVOLVER/RIFLE/BB GUN,IC,Invest Cont,230.0,,,,700    TOWNE                        AV,,34.0392,-118.2455
221218114,08/22/2022 12:00:00 AM,08/22/2022 12:00:00 AM,300,12,77th Street,1231,1,210,ROBBERY,0945 0344 1822 0400,0,X,X,401.0,MINI-MART,400.0,"STRONG-ARM (HANDS, FIST, FEET OR BODILY FORCE)",IC,Invest Cont,210.0,,,,4300 W  SLAUSON                      AV,,33.9889,-118.3501
241804777,01/17/2024 12:00:00 AM,01/16/2024 12:00:00 AM,2330,18,Southeast,1863,1,520,VEHICLE - ATTEMPT STOLEN,0329 1612 1307,61,M,H,108.0,PARKING LOT,,,IC,Invest Cont,520.0,,,,116TH                        PL,AVALON,33.9283,-118.2652
220609662,05/01/2022 12:00:00 AM,04/30/2022 12:00:00 AM,1050,6,Hollywood,622,2,740,"VANDALISM - FELONY ($400 & OVER, ALL CHURCH VANDALISMS)",0913 0329 1300,51,M,W,501.0,SINGLE FAMILY DWELLING,311.0,HAMMER,IC,Invest Cont,740.0,,,,2300    JUPITER                      DR,,34.1106,-118.3646
200516151,11/02/2020 12:00:00 AM,10/26/2020 12:00:00 AM,2049,5,Harbor,512,2,624,BATTERY - SIMPLE ASSAULT,0444 0601 0429 1822,26,M,B,239.0,MEDICAL MARIJUANA FACILITIES/BUSINESSES,400.0,"STRONG-ARM (HANDS, FIST, FEET OR BODILY FORCE)",AO,Adult Other,624.0,,,,253RD,NORMANDIE,33.7817,-118.3041
221315514,08/05/2022 12:00:00 AM,08/05/2022 12:00:00 AM,20,13,Newton,1371,1,510,VEHICLE - STOLEN,,0,,,101.0,STREET,,,IC,Invest Cont,510.0,,,,200 W  54TH                         ST,,33.9933,-118.2762
230708671,04/19/2023 12:00:00 AM,04/19/2023 12:00:00 AM,1645,7,Wilshire,762,2,901,VIOLATION OF RESTRAINING ORDER,2038,79,M,B,101.0,STREET,,,AA,Adult Arrest,901.0,,,,1400    ALVIRA                       ST,,34.0529,-118.3738
201918490,12/28/2020 12:00:00 AM,12/27/2020 12:00:00 AM,2225,19,Mission,1972,2,930,CRIMINAL THREATS - NO WEAPON DISPLAYED,0432 1822,19,F,H,501.0,SINGLE FAMILY DWELLING,511.0,VERBAL THREAT,IC,Invest Cont,930.0,,,,8900    COLUMBUS                     AV,,34.2319,-118.4654
201115841,11/18/2020 12:00:00 AM,11/17/2020 12:00:00 AM,1930,11,Northeast,1151,1,761,BRANDISH WEAPON,1814 2038 0913 0443 0334 0910 2000,54,F,B,124.0,BUS STOP,511.0,VERBAL THREAT,AA,Adult Arrest,761.0,930.0,,,VERMONT,HOLLYWOOD,34.1012,-118.2918
212015580,10/12/2021 12:00:00 AM,10/12/2021 12:00:00 AM,1320,20,Olympic,2071,1,442,SHOPLIFTING - PETTY THEFT ($950 & UNDER),1822 0342 0325 0344 0104,0,X,X,242.0,"DISCOUNT STORE (99 CENT,DOLLAR,ETC.",,,IC,Invest Cont,442.0,,,,3100 W  PICO                         BL,,34.0472,-118.3093
211215340,07/08/2021 12:00:00 AM,07/01/2021 12:00:00 AM,900,12,77th Street,1283,1,510,VEHICLE - STOLEN,,0,,,101.0,STREET,,,IC,Invest Cont,510.0,,,,9300 S  WESTERN                      AV,,33.9515,-118.309
240706277,02/23/2024 12:00:00 AM,02/23/2024 12:00:00 AM,2253,7,Wilshire,727,1,210,ROBBERY,0945 0411 0449,23,X,X,102.0,SIDEWALK,200.0,KNIFE WITH BLADE 6INCHES OR LESS,IC,Invest Cont,210.0,,,,200 S  LA BREA                      AV,,34.071,-118.344
241209025,03/26/2024 12:00:00 AM,03/26/2024 12:00:00 AM,1750,12,77th Street,1263,1,230,"ASSAULT WITH DEADLY WEAPON, AGGRAVATED ASSAULT",0400 0334 0913 0361 0603 0431,20,F,H,502.0,"MULTI-UNIT DWELLING (APARTMENT, DUPLEX, ETC)",512.0,MACE/PEPPER SPRAY,IC,Invest Cont,230.0,761.0,,,1600 W  85TH                         ST,,33.9609,-118.3047
240704231,01/06/2024 12:00:00 AM,12/29/2023 12:00:00 AM,900,7,Wilshire,766,1,310,BURGLARY,1822 1601 0344,64,F,B,502.0,"MULTI-UNIT DWELLING (APARTMENT, DUPLEX, ETC)",,,IC,Invest Cont,310.0,,,,4200 W  PICO                         BL,,34.0478,-118.3267
240605992,02/11/2024 12:00:00 AM,02/10/2024 12:00:00 AM,1402,6,Hollywood,645,1,522,"VEHICLE, STOLEN - OTHER (MOTORIZED SCOOTERS, BIKES, ETC)",,0,,,101.0,STREET,,,IC,Invest Cont,522.0,,,,1600 N  LA BREA                      AV,,34.0998,-118.3447
201205230,01/18/2020 12:00:00 AM,01/18/2020 12:00:00 AM,1130,12,77th Street,1253,2,900,VIOLATION OF COURT ORDER,0913 2038 1202,61,F,B,501.0,SINGLE FAMILY DWELLING,,,AO,Adult Other,900.0,,,,7700 S  HARVARD                      BL,,33.97,-118.3068
211114732,10/29/2021 12:00:00 AM,10/29/2021 12:00:00 AM,230,11,Northeast,1129,1,510,VEHICLE - STOLEN,,0,,,101.0,STREET,,,IC,Invest Cont,510.0,,,,800    COOPER                       AV,,34.1202,-118.1742
210105979,02/13/2021 12:00:00 AM,02/13/2021 12:00:00 AM,310,1,Central,162,2,624,BATTERY - SIMPLE ASSAULT,1606 0444 1822,22,F,H,710.0,OTHER PREMISE,400.0,"STRONG-ARM (HANDS, FIST, FEET OR BODILY FORCE)",IC,Invest Cont,624.0,,,,700 W  9TH                          ST,,34.0462,-118.2585
230709857,05/20/2023 12:00:00 AM,05/19/2023 12:00:00 AM,2100,7,Wilshire,773,1,310,BURGLARY,0314 1402 1601 0344 1822,53,M,O,104.0,DRIVEWAY,,,IC,Invest Cont,310.0,998.0,,,1800    COCHRAN                      PL,,34.0436,-118.355
201812562,06/14/2020 12:00:00 AM,06/14/2020 12:00:00 AM,1920,18,Southeast,1844,1,236,INTIMATE PARTNER - AGGRAVATED ASSAULT,2000 1814 0913 0416 2002,57,M,H,501.0,SINGLE FAMILY DWELLING,400.0,"STRONG-ARM (HANDS, FIST, FEET OR BODILY FORCE)",AO,Adult Other,236.0,,,,300 E  112TH                        ST,,33.933,-118.2685
230105702,01/26/2023 12:00:00 AM,01/26/2023 12:00:00 AM,1640,1,Central,162,1,210,ROBBERY,1822 0400 0416 0443 0910,52,M,H,801.0,MTA BUS,400.0,"STRONG-ARM (HANDS, FIST, FEET OR BODILY FORCE)",IC,Invest Cont,210.0,,,,9TH                          ST,HOPE                         ST,34.0451,-118.2604
220908086,04/18/2022 12:00:00 AM,04/17/2022 12:00:00 AM,2200,9,Van Nuys,989,1,236,INTIMATE PARTNER - AGGRAVATED ASSAULT,0913 1414 0416 2000 1814 0447 2002,39,M,H,502.0,"MULTI-UNIT DWELLING (APARTMENT, DUPLEX, ETC)",400.0,"STRONG-ARM (HANDS, FIST, FEET OR BODILY FORCE)",AO,Adult Other,236.0,,,,4400    WOODMAN                      AV,,34.1504,-118.4312
201418255,10/04/2020 12:00:00 AM,10/04/2020 12:00:00 AM,2300,14,Pacific,1407,2,623,BATTERY POLICE (SIMPLE),0356,27,M,B,501.0,SINGLE FAMILY DWELLING,400.0,"STRONG-ARM (HANDS, FIST, FEET OR BODILY FORCE)",AO,Adult Other,623.0,,,,3600    DUNN                         DR,,34.0252,-118.4014
231204690,01/09/2023 12:00:00 AM,01/02/2023 12:00:00 AM,648,12,77th Street,1245,2,354,THEFT OF IDENTITY,0100,38,F,H,501.0,SINGLE FAMILY DWELLING,,,IC,Invest Cont,354.0,,,,6500    RAYMOND                      AV,,33.9806,-118.2981
210614028,08/09/2021 12:00:00 AM,08/07/2021 12:00:00 AM,100,6,Hollywood,639,2,740,"VANDALISM - FELONY ($400 & OVER, ALL CHURCH VANDALISMS)",0329 1300 1609 1822,29,F,H,122.0,"VEHICLE, PASSENGER/TRUCK",,,IC,Invest Cont,740.0,,,,5100    FRANKLIN                     AV,,34.1054,-118.3009
231111234,07/18/2023 12:00:00 AM,07/10/2023 12:00:00 AM,2200,11,Northeast,1143,2,354,THEFT OF IDENTITY,1822 0917,58,M,W,502.0,"MULTI-UNIT DWELLING (APARTMENT, DUPLEX, ETC)",,,IC,Invest Cont,354.0,,,,4000    CLAYTON                      AV,,34.1005,-118.2788
220710434,06/15/2022 12:00:00 AM,06/15/2022 12:00:00 AM,300,7,Wilshire,724,1,220,ATTEMPTED ROBBERY,0344 0355 0334,34,M,W,109.0,PARK/PLAYGROUND,102.0,HAND GUN,IC,Invest Cont,220.0,,,,GARDNER                      ST,3RD                          ST,34.0704,-118.3532
201416171,08/16/2020 12:00:00 AM,08/16/2020 12:00:00 AM,1700,14,Pacific,1431,1,330,BURGLARY FROM VEHICLE,0344 1300 1601,33,M,W,108.0,PARKING LOT,,,IC,Invest Cont,330.0,,,,VENICE,OCEAN FRONT                  WK,33.9842,-118.4711
221518188,12/04/2022 12:00:00 AM,12/02/2022 12:00:00 AM,200,15,N Hollywood,1589,1,761,BRANDISH WEAPON,0334,22,M,B,502.0,"MULTI-UNIT DWELLING (APARTMENT, DUPLEX, ETC)",102.0,HAND GUN,IC,Invest Cont,761.0,,,,3600    BARHAM                       BL,,34.1362,-118.342
201313298,07/03/2020 12:00:00 AM,07/02/2020 12:00:00 AM,1200,13,Newton,1354,2,237,CHILD NEGLECT (SEE 300 W.I.C.),1258,13,F,H,101.0,STREET,,,IC,Invest Cont,237.0,,,,ADAIR                        ST,MARTIN LUTHER KING JR        BL,34.0112,-118.2693
220704453,01/13/2022 12:00:00 AM,01/11/2022 12:00:00 AM,800,7,Wilshire,722,2,740,"VANDALISM - FELONY ($400 & OVER, ALL CHURCH VANDALISMS)",0329,72,M,W,501.0,SINGLE FAMILY DWELLING,,,IC,Invest Cont,740.0,,,,100 S  CROFT                        AV,,34.0745,-118.3742
210713364,09/22/2021 12:00:00 AM,09/20/2021 12:00:00 AM,250,7,Wilshire,788,1,510,VEHICLE - STOLEN,,0,,,101.0,STREET,,,IC,Invest Cont,510.0,,,,2200 S  BRONSON                      AV,,34.0382,-118.3306
211704816,01/22/2021 12:00:00 AM,01/21/2021 12:00:00 AM,2100,17,Devonshire,1756,1,510,VEHICLE - STOLEN,,0,,,101.0,STREET,,,IC,Invest Cont,510.0,,,,10200    ALDEA                        AV,,34.2553,-118.5089
232114305,09/18/2023 12:00:00 AM,01/15/2022 12:00:00 AM,2100,21,Topanga,2155,2,626,INTIMATE PARTNER - SIMPLE ASSAULT,2000 0416 0913 1814 0400 0444,31,F,A,501.0,SINGLE FAMILY DWELLING,400.0,"STRONG-ARM (HANDS, FIST, FEET OR BODILY FORCE)",AO,Adult Other,626.0,,,,6300    GLADE                        AV,,34.1847,-118.6077
221906954,03/14/2022 12:00:00 AM,03/14/2022 12:00:00 AM,1330,19,Mission,1962,1,350,"THEFT, PERSON",0352 1202 1015 1822,70,M,O,102.0,SIDEWALK,,,IC,Invest Cont,350.0,,,,9600 N  SEPULVEDA                    BL,,34.2446,-118.4674
200508147,04/11/2020 12:00:00 AM,04/05/2020 12:00:00 AM,1430,5,Harbor,557,1,330,BURGLARY FROM VEHICLE,1302 1221 0352 0344 0358 0386,47,F,H,101.0,STREET,,,IC,Invest Cont,330.0,,,,500 W  2ND                          ST,,33.7424,-118.2879
200618540,11/27/2020 12:00:00 AM,11/27/2020 12:00:00 AM,950,6,Hollywood,642,1,510,VEHICLE - STOLEN,,0,,,101.0,STREET,,,IC,Invest Cont,510.0,,,,ORANGE,SUNSET,34.0981,-118.3577
211715029,11/13/2021 12:00:00 AM,11/12/2021 12:00:00 AM,2100,17,Devonshire,1743,1,510,VEHICLE - STOLEN,,0,,,101.0,STREET,,,IC,Invest Cont,510.0,,,,DEVONSHIRE,RESEDA,34.2573,-118.5361
241709714,05/20/2024 12:00:00 AM,05/20/2024 12:00:00 AM,1734,17,Devonshire,1764,1,343,SHOPLIFTING-GRAND THEFT ($950.01 & OVER),0325,0,X,X,248.0,CELL PHONE STORE,,,IC,Invest Cont,343.0,,,,9300    TAMPA                        AV,,34.244,-118.5583
222006791,03/06/2022 12:00:00 AM,03/06/2022 12:00:00 AM,1500,20,Olympic,2019,2,624,BATTERY - SIMPLE ASSAULT,1202 0444,75,M,H,301.0,GAS STATION,400.0,"STRONG-ARM (HANDS, FIST, FEET OR BODILY FORCE)",AO,Adult Other,624.0,,,,3600    BEVERLY                      BL,,34.0753,-118.287
211221286,10/11/2021 12:00:00 AM,10/11/2021 12:00:00 AM,320,12,77th Street,1203,2,437,RESISTING ARREST,1212,23,F,H,101.0,STREET,400.0,"STRONG-ARM (HANDS, FIST, FEET OR BODILY FORCE)",IC,Invest Cont,437.0,,,,1800 W  49TH                         ST,,33.999,-118.3133
201809655,04/16/2020 12:00:00 AM,04/15/2020 12:00:00 AM,1900,18,Southeast,1823,1,510,VEHICLE - STOLEN,,0,,,108.0,PARKING LOT,,,IC,Invest Cont,510.0,,,,103RD                        ST,AVALON                       BL,33.9429,-118.2652
200617387,10/30/2020 12:00:00 AM,10/27/2020 12:00:00 AM,1700,6,Hollywood,667,1,310,BURGLARY,0344 1822 1501 1605,0,X,X,254.0,STUDIO (FILM/PHOTOGRAPHIC/MUSIC),,,IC,Invest Cont,310.0,,,,1400    TAMARIND                     AV,,34.0962,-118.319
221013406,08/30/2022 12:00:00 AM,08/10/2022 12:00:00 AM,1200,10,West Valley,1011,2,354,THEFT OF IDENTITY,0935 1822,42,F,H,501.0,SINGLE FAMILY DWELLING,,,IC,Invest Cont,354.0,,,,7400    VANALDEN                     AV,,34.2047,-118.5491
211009073,06/15/2021 12:00:00 AM,06/12/2021 12:00:00 AM,2000,10,West Valley,1047,1,331,THEFT FROM MOTOR VEHICLE - GRAND ($950.01 AND OVER),1822 0385 1300 0344,41,M,H,101.0,STREET,,,IC,Invest Cont,331.0,,,,BURBANK                      BL,EDWARD E HOR                 LN,34.1775,-118.5088
201114316,10/04/2020 12:00:00 AM,10/04/2020 12:00:00 AM,2150,11,Northeast,1151,1,510,VEHICLE - STOLEN,1300 0344,17,M,H,101.0,STREET,,,IC,Invest Cont,510.0,,,,MARIPOSA,SUNSET,34.0981,-118.2994
221515886,10/08/2022 12:00:00 AM,10/08/2022 12:00:00 AM,1830,15,N Hollywood,1504,2,624,BATTERY - SIMPLE ASSAULT,0416 0444 0448 1259 0913,17,M,H,502.0,"MULTI-UNIT DWELLING (APARTMENT, DUPLEX, ETC)",400.0,"STRONG-ARM (HANDS, FIST, FEET OR BODILY FORCE)",AO,Adult Other,624.0,,,,12000    RUNNYMEDE                    ST,,34.2058,-118.3943
231313146,06/30/2023 12:00:00 AM,06/28/2023 12:00:00 AM,2330,13,Newton,1313,1,510,VEHICLE - STOLEN,,0,,,101.0,STREET,,,IC,Invest Cont,510.0,,,,PICO,CENTRAL,34.0294,-118.246
211108417,05/10/2021 12:00:00 AM,05/09/2021 12:00:00 AM,1930,11,Northeast,1125,1,510,VEHICLE - STOLEN,,0,,,101.0,STREET,,,IC,Invest Cont,510.0,,,,ARMADALE                     AV,YORK                         BL,34.1225,-118.212
201407342,02/28/2020 12:00:00 AM,02/22/2020 12:00:00 AM,1130,14,Pacific,1494,1,341,"THEFT-GRAND ($950.01 & OVER)EXCPT,GUNS,FOWL,LIVESTK,PROD",0344 2032,25,F,H,115.0,AIRCRAFT,,,IC,Invest Cont,341.0,,,,00    WORLD WAY,,33.9454,-118.3998
201220012,09/04/2020 12:00:00 AM,09/04/2020 12:00:00 AM,1845,12,77th Street,1267,2,624,BATTERY - SIMPLE ASSAULT,0913 0400 0416 0417 0429 0361,54,F,B,502.0,"MULTI-UNIT DWELLING (APARTMENT, DUPLEX, ETC)",400.0,"STRONG-ARM (HANDS, FIST, FEET OR BODILY FORCE)",IC,Invest Cont,624.0,,,,900 W  85TH                         ST,,33.9613,-118.2883
220207566,03/21/2022 12:00:00 AM,03/20/2022 12:00:00 AM,2100,2,Rampart,235,1,310,BURGLARY,0344 0321 1605 1202,52,F,B,502.0,"MULTI-UNIT DWELLING (APARTMENT, DUPLEX, ETC)",,,IC,Invest Cont,310.0,,,,200 N  LAKE                         ST,,34.0684,-118.2705
201518807,12/19/2020 12:00:00 AM,12/18/2020 12:00:00 AM,1800,15,N Hollywood,1599,1,420,THEFT FROM MOTOR VEHICLE - PETTY ($950 & UNDER),,0,,,101.0,STREET,,,IC,Invest Cont,420.0,,,,3800    FREDONIA                     DR,,34.1329,-118.3645
231404537,01/16/2023 12:00:00 AM,01/14/2023 12:00:00 AM,1700,14,Pacific,1412,1,510,VEHICLE - STOLEN,,0,,,101.0,STREET,,,IC,Invest Cont,510.0,,,,1200    PACIFIC                      AV,,33.99,-118.4741
221113102,08/24/2022 12:00:00 AM,08/23/2022 12:00:00 AM,1930,11,Northeast,1101,1,330,BURGLARY FROM VEHICLE,1609 0344,29,M,K,101.0,STREET,,,IC,Invest Cont,330.0,,,,2300    FERN DELL                    DR,,34.1174,-118.307
220507095,03/22/2022 12:00:00 AM,03/22/2022 12:00:00 AM,1520,5,Harbor,522,1,341,"THEFT-GRAND ($950.01 & OVER)EXCPT,GUNS,FOWL,LIVESTK,PROD",0344 0394,42,M,H,232.0,"DELIVERY SERVICE (FED EX, UPS, COURIERS,COURIER SERVICE)*",,,IC,Invest Cont,341.0,,,,800 W  F                            ST,,33.7795,-118.2715
220817875,12/08/2022 12:00:00 AM,12/08/2022 12:00:00 AM,2030,8,West LA,839,1,341,"THEFT-GRAND ($950.01 & OVER)EXCPT,GUNS,FOWL,LIVESTK,PROD",0325 1822 0344 0352,0,X,X,727.0,SHOPPING MALL (COMMON AREA),,,IC,Invest Cont,341.0,,,,10200    SANTA MONICA                 BL,,34.0611,-118.4184
230804614,01/16/2023 12:00:00 AM,01/04/2023 12:00:00 AM,1200,8,West LA,849,2,354,THEFT OF IDENTITY,1501,27,M,W,502.0,"MULTI-UNIT DWELLING (APARTMENT, DUPLEX, ETC)",,,IC,Invest Cont,354.0,,,,8600    CHALMERS                     DR,,34.061,-118.3783
211516971,11/03/2021 12:00:00 AM,11/03/2021 12:00:00 AM,225,15,N Hollywood,1591,1,310,BURGLARY,1420 1607 0216 0344,0,M,O,301.0,GAS STATION,,,IC,Invest Cont,310.0,,,,12500    VENTURA                      BL,,34.1427,-118.4052
220714618,09/27/2022 12:00:00 AM,09/27/2021 12:00:00 AM,1400,7,Wilshire,783,2,940,EXTORTION,0337 1210 1822 1912 1916,27,F,H,502.0,"MULTI-UNIT DWELLING (APARTMENT, DUPLEX, ETC)",,,IC,Invest Cont,940.0,,,,2300    CARMONA                      AV,,34.0364,-118.3624
211507575,04/03/2021 12:00:00 AM,02/25/2021 12:00:00 AM,1900,15,N Hollywood,1513,1,310,BURGLARY,0352 0344 1606,27,M,A,221.0,PUBLIC STORAGE,,,IC,Invest Cont,310.0,,,,12600    RAYMER                       ST,,34.2029,-118.4073
211205537,01/23/2021 12:00:00 AM,01/23/2021 12:00:00 AM,1100,12,77th Street,1235,2,745,VANDALISM - MISDEAMEANOR ($399 OR UNDER),0329 1307 0913 2021,0,X,X,501.0,SINGLE FAMILY DWELLING,,,IC,Invest Cont,745.0,,,,1200 W  60TH                         ST,,33.9859,-118.2968
200207264,03/04/2020 12:00:00 AM,03/03/2020 12:00:00 AM,1900,2,Rampart,219,1,420,THEFT FROM MOTOR VEHICLE - PETTY ($950 & UNDER),,0,,,101.0,STREET,,,IC,Invest Cont,420.0,,,,1300    KELLAM                       AV,,34.0698,-118.2528
231416287,08/25/2023 12:00:00 AM,08/22/2023 12:00:00 AM,2130,14,Pacific,1483,1,510,VEHICLE - STOLEN,,0,,,707.0,GARAGE/CARPORT,,,IC,Invest Cont,510.0,,,,8100    REDLANDS                     ST,,33.9571,-118.4361
220704882,01/25/2022 12:00:00 AM,01/25/2022 12:00:00 AM,1500,7,Wilshire,753,2,888,TRESPASSING,1501 1822,33,F,W,502.0,"MULTI-UNIT DWELLING (APARTMENT, DUPLEX, ETC)",,,IC,Invest Cont,888.0,,,,1200 S  SPAULDING                    AV,,34.0543,-118.3608
220910414,06/15/2022 12:00:00 AM,06/14/2022 12:00:00 AM,1006,9,Van Nuys,985,2,740,"VANDALISM - FELONY ($400 & OVER, ALL CHURCH VANDALISMS)",0329 1822,37,M,H,213.0,WAREHOUSE,,,IC,Invest Cont,740.0,,,,14000    VENTURA                      BL,,34.149,-118.4372
210514464,10/03/2021 12:00:00 AM,10/03/2021 12:00:00 AM,1710,5,Harbor,519,2,745,VANDALISM - MISDEAMEANOR ($399 OR UNDER),0913 0602 0329 0416 2004 0562,39,F,H,502.0,"MULTI-UNIT DWELLING (APARTMENT, DUPLEX, ETC)",,,IC,Invest Cont,745.0,,,,1200 E  SANDISON                     ST,,33.7942,-118.2491
220118368,08/16/2022 12:00:00 AM,08/16/2022 12:00:00 AM,830,1,Central,144,1,210,ROBBERY,1822 0417 0344 1420 0334 2004 1218 0400 0416,50,M,W,101.0,STREET,400.0,"STRONG-ARM (HANDS, FIST, FEET OR BODILY FORCE)",IC,Invest Cont,210.0,,,,5TH                          ST,MAIN                         ST,34.0471,-118.2491
232012821,07/14/2023 12:00:00 AM,07/13/2023 12:00:00 AM,2315,20,Olympic,2029,2,740,"VANDALISM - FELONY ($400 & OVER, ALL CHURCH VANDALISMS)",0329 1300 1822 1402,24,F,W,122.0,"VEHICLE, PASSENGER/TRUCK",,,IC,Invest Cont,740.0,998.0,,,3200 W  4TH                          ST,,34.0669,-118.2892
231904769,01/21/2023 12:00:00 AM,01/20/2023 12:00:00 AM,2250,19,Mission,1917,1,510,VEHICLE - STOLEN,,0,,,108.0,PARKING LOT,,,IC,Invest Cont,510.0,,,,13200    BROMONT                      AV,,34.3102,-118.4371
211106193,03/06/2021 12:00:00 AM,01/15/2021 12:00:00 AM,805,11,Northeast,1184,2,354,THEFT OF IDENTITY,0930 1822,43,M,B,121.0,YARD (RESIDENTIAL/BUSINESS),,,IC,Invest Cont,354.0,,,,1800    LUCRETIA                     AV,,34.0842,-118.2519
231704143,01/04/2023 12:00:00 AM,01/04/2023 12:00:00 AM,1800,17,Devonshire,1715,1,310,BURGLARY,0329 0321 1202 0344 1609,65,M,A,501.0,SINGLE FAMILY DWELLING,,,IC,Invest Cont,310.0,,,,11900    ANDASOL                      AV,,34.2874,-118.5139
211108989,05/27/2021 12:00:00 AM,05/27/2021 12:00:00 AM,850,11,Northeast,1139,1,510,VEHICLE - STOLEN,,0,,,101.0,STREET,,,AA,Adult Arrest,510.0,,,,5700    OMAHA                        ST,,34.1054,-118.1923
211511702,07/11/2021 12:00:00 AM,07/11/2021 12:00:00 AM,703,15,N Hollywood,1506,1,310,BURGLARY,1420 0344 1609,0,M,W,203.0,OTHER BUSINESS,,,IC,Invest Cont,310.0,,,,11100    GAULT                        ST,,34.1994,-118.3749
241006449,03/09/2024 12:00:00 AM,03/08/2024 12:00:00 AM,2030,10,West Valley,1049,1,510,VEHICLE - STOLEN,,0,,,101.0,STREET,,,IC,Invest Cont,510.0,,,,WOODLEY                      AV,SATICOY                      AV,34.1757,-118.4846
210808184,04/15/2021 12:00:00 AM,04/01/2021 12:00:00 AM,800,8,West LA,812,1,420,THEFT FROM MOTOR VEHICLE - PETTY ($950 & UNDER),,0,,,101.0,STREET,,,IC,Invest Cont,420.0,,,,500 N  ROCKINGHAM                   AV,,34.0639,-118.4903
230309223,04/11/2023 12:00:00 AM,04/10/2023 12:00:00 AM,1630,3,Southwest,358,1,341,"THEFT-GRAND ($950.01 & OVER)EXCPT,GUNS,FOWL,LIVESTK,PROD",0344 1251 1822,24,M,W,101.0,STREET,,,IC,Invest Cont,341.0,,,,3600    WATT                         WY,,34.0228,-118.2862
220804280,12/16/2021 12:00:00 AM,12/15/2021 12:00:00 AM,2000,8,West LA,899,1,330,BURGLARY FROM VEHICLE,0344 1822,60,M,W,101.0,STREET,,,IC,Invest Cont,330.0,,,,8600    BEVERLYWOOD                  ST,,34.036,-118.3792
221908193,04/13/2022 12:00:00 AM,04/01/2022 12:00:00 AM,640,19,Mission,1906,2,354,THEFT OF IDENTITY,0922,31,F,H,501.0,SINGLE FAMILY DWELLING,,,IC,Invest Cont,354.0,,,,13700    BRUSSELS                     AV,,34.3209,-118.4269
210510203,06/12/2021 12:00:00 AM,06/12/2021 12:00:00 AM,200,5,Harbor,511,1,510,VEHICLE - STOLEN,,0,,,108.0,PARKING LOT,,,IC,Invest Cont,510.0,,,,1600 W  PACIFIC COAST                HY,,33.7895,-118.3071
231811189,05/29/2023 12:00:00 AM,05/29/2023 12:00:00 AM,1950,18,Southeast,1891,2,624,BATTERY - SIMPLE ASSAULT,1259 0443 0356 0913,17,F,H,203.0,OTHER BUSINESS,400.0,"STRONG-ARM (HANDS, FIST, FEET OR BODILY FORCE)",IC,Invest Cont,624.0,,,,16500 S  FIGUEROA                     ST,,33.8818,-118.2826
220910040,06/06/2022 12:00:00 AM,05/27/2022 12:00:00 AM,640,9,Van Nuys,964,1,331,THEFT FROM MOTOR VEHICLE - GRAND ($950.01 AND OVER),0344 1602,54,F,F,108.0,PARKING LOT,,,IC,Invest Cont,331.0,,,,14000    RIVERSIDE                    DR,,34.1576,-118.4387
220805365,02/02/2022 12:00:00 AM,02/02/2022 12:00:00 AM,1145,8,West LA,822,2,813,CHILD ANNOYING (17YRS & UNDER),1259 1251 1261,17,F,W,721.0,HIGH SCHOOL,,,IC,Invest Cont,813.0,,,,15700    BOWDOIN                      ST,,34.0468,-118.5319
230126012,12/10/2023 12:00:00 AM,12/09/2023 12:00:00 AM,2000,1,Central,162,1,510,VEHICLE - STOLEN,,0,,,108.0,PARKING LOT,,,IC,Invest Cont,510.0,,,,800 S  OLIVE                        ST,,34.0452,-118.2569
211815619,08/21/2021 12:00:00 AM,08/21/2021 12:00:00 AM,1640,18,Southeast,1804,1,230,"ASSAULT WITH DEADLY WEAPON, AGGRAVATED ASSAULT",0445 1822 0416 0429,50,M,B,501.0,SINGLE FAMILY DWELLING,500.0,UNKNOWN WEAPON/OTHER WEAPON,AO,Adult Other,230.0,,,,800 E  87TH                         ST,,33.9593,-118.2608
230406177,03/06/2023 12:00:00 AM,03/05/2023 12:00:00 AM,2100,4,Hollenbeck,448,1,220,ATTEMPTED ROBBERY,0302 0337 0334 0345 0850,14,F,H,102.0,SIDEWALK,102.0,HAND GUN,IC,Invest Cont,220.0,,,,2700    LANCASTER                    AV,,34.0579,-118.1968
231510119,05/23/2023 12:00:00 AM,05/23/2023 12:00:00 AM,2100,15,N Hollywood,1563,2,860,BATTERY WITH SEXUAL CONTACT,2014 0522 1218,20,F,W,110.0,FREEWAY,400.0,"STRONG-ARM (HANDS, FIST, FEET OR BODILY FORCE)",IC,Invest Cont,860.0,,,,LAUREL CANYON                BL,101 FREEWAY,34.1512,-118.3864
212000764,05/27/2021 12:00:00 AM,03/27/2021 12:00:00 AM,1,20,Olympic,2071,2,812,CRM AGNST CHLD (13 OR UNDER) (14-15 & SUSP 10 YRS OLDER),0416 0429 0419 0553 0417,16,F,H,502.0,"MULTI-UNIT DWELLING (APARTMENT, DUPLEX, ETC)",400.0,"STRONG-ARM (HANDS, FIST, FEET OR BODILY FORCE)",AA,Adult Arrest,627.0,812.0,,,3000 W  15TH                         ST,,34.0453,-118.309
220321982,12/17/2022 12:00:00 AM,12/16/2022 12:00:00 AM,2100,3,Southwest,397,1,510,VEHICLE - STOLEN,,0,,,101.0,STREET,,,IC,Invest Cont,510.0,,,,VERMONT,40TH,34.01,-118.2915
212005622,02/15/2021 12:00:00 AM,02/15/2021 12:00:00 AM,1730,20,Olympic,2058,2,626,INTIMATE PARTNER - SIMPLE ASSAULT,0913 1814 0417 0408 0444 0416 0432 2000,24,F,H,502.0,"MULTI-UNIT DWELLING (APARTMENT, DUPLEX, ETC)",400.0,"STRONG-ARM (HANDS, FIST, FEET OR BODILY FORCE)",AO,Adult Other,626.0,,,,900 S  WESTMORELAND                 AV,,34.0537,-118.2891
221113671,09/09/2022 12:00:00 AM,06/16/2022 12:00:00 AM,1000,11,Northeast,1186,1,440,THEFT PLAIN - PETTY ($950 & UNDER),0344 1822,61,F,W,726.0,POLICE FACILITY,,,IC,Invest Cont,440.0,,,,1800    ACADEMY                      DR,,34.0807,-118.2425
221322543,12/17/2022 12:00:00 AM,12/16/2022 12:00:00 AM,2000,13,Newton,1309,1,330,BURGLARY FROM VEHICLE,1307,30,F,H,108.0,PARKING LOT,,,IC,Invest Cont,330.0,,,,800    MATEO                        ST,,34.0336,-118.2323
232113746,09/04/2023 12:00:00 AM,08/22/2023 12:00:00 AM,1900,21,Topanga,2169,1,420,THEFT FROM MOTOR VEHICLE - PETTY ($950 & UNDER),1822 0377 1606,44,M,O,101.0,STREET,,,IC,Invest Cont,420.0,,,,6200    JUMILLA                      AV,,34.1831,-118.5638
222105258,02/04/2022 12:00:00 AM,03/05/2021 12:00:00 AM,1200,21,Topanga,2197,2,662,"BUNCO, GRAND THEFT",0701 1202,73,M,W,501.0,SINGLE FAMILY DWELLING,,,IC,Invest Cont,662.0,,,,20000    WELLS                        DR,,34.1632,-118.5691
200916182,10/20/2020 12:00:00 AM,09/03/2020 12:00:00 AM,1200,9,Van Nuys,905,2,354,THEFT OF IDENTITY,0930 1822,50,F,W,751.0,WEBSITE,,,IC,Invest Cont,354.0,,,,14800    RUNNYMEDE                    ST,,34.2057,-118.4575
230114377,06/17/2023 12:00:00 AM,06/15/2023 12:00:00 AM,800,1,Central,118,1,420,THEFT FROM MOTOR VEHICLE - PETTY ($950 & UNDER),,0,,,101.0,STREET,,,IC,Invest Cont,420.0,,,,200 E  BLOOM                        ST,,34.0639,-118.2295
200413691,10/11/2020 12:00:00 AM,10/10/2020 12:00:00 AM,1900,4,Hollenbeck,401,1,510,VEHICLE - STOLEN,,0,,,101.0,STREET,,,IC,Invest Cont,510.0,,,,3900    GRIFFIN                      AV,,34.0898,-118.2075
241907606,04/08/2024 12:00:00 AM,04/06/2024 12:00:00 AM,1400,19,Mission,1964,1,510,VEHICLE - STOLEN,,0,,,101.0,STREET,,,IC,Invest Cont,510.0,,,,TUPPER                       ST,VAN NUYS                     BL,34.2391,-118.4502
230114933,06/27/2023 12:00:00 AM,06/23/2023 12:00:00 AM,805,1,Central,111,1,236,INTIMATE PARTNER - AGGRAVATED ASSAULT,2000 1814 2038 0913 1402 1419 1407 0302 0605 1310,50,F,O,101.0,STREET,109.0,SEMI-AUTOMATIC PISTOL,AA,Adult Arrest,236.0,998.0,,,600 N  GRAND                        AV,,34.0607,-118.2435
210711418,07/30/2021 12:00:00 AM,07/30/2021 12:00:00 AM,45,7,Wilshire,704,1,350,"THEFT, PERSON",0342 0346 0344 0400 0216,24,F,W,102.0,SIDEWALK,,,IC,Invest Cont,350.0,,,,LA CIENEGA,SHERWOOD,34.0848,-118.3765
201407432,02/29/2020 12:00:00 AM,02/29/2020 12:00:00 AM,30,14,Pacific,1499,2,624,BATTERY - SIMPLE ASSAULT,0910 0444,57,M,B,710.0,OTHER PREMISE,400.0,"STRONG-ARM (HANDS, FIST, FEET OR BODILY FORCE)",IC,Invest Cont,624.0,,,,11500    AVIATION                     BL,,33.9299,-118.3785
211512914,08/09/2021 12:00:00 AM,08/09/2021 12:00:00 AM,800,15,N Hollywood,1539,1,230,"ASSAULT WITH DEADLY WEAPON, AGGRAVATED ASSAULT",1822 0431,50,F,H,109.0,PARK/PLAYGROUND,512.0,MACE/PEPPER SPRAY,AA,Adult Arrest,230.0,,,,5800    WHITNALL                     HY,,34.1761,-118.3616
211315746,09/12/2021 12:00:00 AM,09/12/2021 12:00:00 AM,325,13,Newton,1362,2,745,VANDALISM - MISDEAMEANOR ($399 OR UNDER),1300 0329,0,M,X,122.0,"VEHICLE, PASSENGER/TRUCK",,,IC,Invest Cont,745.0,,,,400 E  49TH                         ST,,33.9988,-118.2696
201510519,05/26/2020 12:00:00 AM,05/25/2020 12:00:00 AM,1300,15,N Hollywood,1531,1,420,THEFT FROM MOTOR VEHICLE - PETTY ($950 & UNDER),,0,,,101.0,STREET,,,IC,Invest Cont,420.0,,,,12800    OXNARD                       ST,,34.1794,-118.4116
201012804,09/05/2020 12:00:00 AM,09/03/2020 12:00:00 AM,830,10,West Valley,1088,2,354,THEFT OF IDENTITY,1822,62,M,W,502.0,"MULTI-UNIT DWELLING (APARTMENT, DUPLEX, ETC)",,,IC,Invest Cont,354.0,,,,16300 W  VENTURA                      BL,,34.157,-118.488
230316012,09/01/2023 12:00:00 AM,09/01/2023 12:00:00 AM,1722,3,Southwest,399,2,890,FAILURE TO YIELD,0913 1309 1501 2024,22,X,X,110.0,FREEWAY,,,JA,Juv Arrest,890.0,,,,HARBOR                       FY,VERNON                       AV,34.0075,-118.2819
211808145,03/25/2021 12:00:00 AM,03/25/2021 12:00:00 AM,245,18,Southeast,1831,1,210,ROBBERY,1822 1307 0329 0371 0344 0416 0445 1281 1311 0906,24,M,H,108.0,PARKING LOT,102.0,HAND GUN,IC,Invest Cont,210.0,,,,500 W  ATHENS                       BL,,33.9207,-118.283
230410575,07/20/2023 12:00:00 AM,07/20/2023 12:00:00 AM,220,4,Hollenbeck,467,2,753,DISCHARGE FIREARMS/SHOTS FIRED,1100 1407,0,X,X,102.0,SIDEWALK,109.0,SEMI-AUTOMATIC PISTOL,IC,Invest Cont,753.0,998.0,,,500 S  MATHEWS                      ST,,34.0385,-118.2117
211408924,03/29/2021 12:00:00 AM,03/26/2021 12:00:00 AM,2015,14,Pacific,1412,1,210,ROBBERY,0344 1822 0216,22,M,O,117.0,BEACH,204.0,FOLDING KNIFE,IC,Invest Cont,210.0,,,,MAIN                         ST,CLUBHOUSE                    AV,33.9913,-118.4734
220509309,05/19/2022 12:00:00 AM,05/06/2022 12:00:00 AM,1030,5,Harbor,528,2,740,"VANDALISM - FELONY ($400 & OVER, ALL CHURCH VANDALISMS)",1822 0329,68,F,F,101.0,STREET,,,IC,Invest Cont,740.0,,,,1000 E  M                            ST,,33.7892,-118.2502
200216277,10/17/2020 12:00:00 AM,10/16/2020 12:00:00 AM,730,2,Rampart,235,1,510,VEHICLE - STOLEN,,0,,,101.0,STREET,,,IC,Invest Cont,510.0,,,,2200 W  3RD                          ST,,34.0677,-118.2731
201014831,11/07/2020 12:00:00 AM,11/07/2020 12:00:00 AM,700,10,West Valley,1063,2,740,"VANDALISM - FELONY ($400 & OVER, ALL CHURCH VANDALISMS)",0329 0913 1817 0603 1810,0,M,W,502.0,"MULTI-UNIT DWELLING (APARTMENT, DUPLEX, ETC)",306.0,ROCK/THROWN OBJECT,AA,Adult Arrest,740.0,,,,18600    CLARK                        ST,,34.1709,-118.5384
201805565,01/29/2020 12:00:00 AM,01/29/2020 12:00:00 AM,1730,18,Southeast,1849,1,210,ROBBERY,0344 0355 0400 0416 0417 1822 0216,33,F,H,102.0,SIDEWALK,303.0,BRASS KNUCKLES,IC,Invest Cont,210.0,,,,IMPERIAL                     HY,WILMINGTON                   AV,33.9294,-118.2391
231819331,11/13/2023 12:00:00 AM,11/13/2023 12:00:00 AM,1510,18,Southeast,1821,2,626,INTIMATE PARTNER - SIMPLE ASSAULT,2000 0913 1814 0444 0329 1300,24,F,H,501.0,SINGLE FAMILY DWELLING,400.0,"STRONG-ARM (HANDS, FIST, FEET OR BODILY FORCE)",IC,Invest Cont,626.0,,,,800 W  102ND                        ST,,33.9438,-118.2894
231506419,02/26/2023 12:00:00 AM,08/09/2021 12:00:00 AM,2050,15,N Hollywood,1595,2,956,"LETTERS, LEWD  -  TELEPHONE CALLS, LEWD",1906,45,F,W,504.0,OTHER RESIDENCE,,,IC,Invest Cont,956.0,,,,11800    LAUREL HILLS                 RD,,34.1356,-118.3897
220321087,11/30/2022 12:00:00 AM,11/04/2022 12:00:00 AM,1224,3,Southwest,363,2,354,THEFT OF IDENTITY,1822 0100 0930,37,M,B,502.0,"MULTI-UNIT DWELLING (APARTMENT, DUPLEX, ETC)",,,IC,Invest Cont,354.0,,,,4000 S  MUIRFIELD                    RD,,34.0132,-118.3457
242006724,03/03/2024 12:00:00 AM,02/29/2024 12:00:00 AM,600,20,Olympic,2049,1,330,BURGLARY FROM VEHICLE,0344 1307 1609 1822,22,F,B,101.0,STREET,,,IC,Invest Cont,330.0,,,,2900 W  8TH                          ST,,34.0577,-118.2891
221113774,09/12/2022 12:00:00 AM,09/11/2022 12:00:00 AM,300,11,Northeast,1102,2,626,INTIMATE PARTNER - SIMPLE ASSAULT,2000 0913 0419 0400 1813,35,M,H,501.0,SINGLE FAMILY DWELLING,400.0,"STRONG-ARM (HANDS, FIST, FEET OR BODILY FORCE)",AO,Adult Other,626.0,,,,4100    BRUNSWICK                    AV,,34.1269,-118.2671
240209146,04/23/2024 12:00:00 AM,04/22/2024 12:00:00 AM,2100,2,Rampart,245,2,624,BATTERY - SIMPLE ASSAULT,0342 0400 0432,54,F,O,109.0,PARK/PLAYGROUND,500.0,UNKNOWN WEAPON/OTHER WEAPON,IC,Invest Cont,624.0,,,,2200 W  6TH                          ST,,34.0601,-118.2761
200217790,11/24/2020 12:00:00 AM,11/21/2020 12:00:00 AM,800,2,Rampart,237,1,310,BURGLARY,0342 1822 0321 0329 1601,47,F,B,502.0,"MULTI-UNIT DWELLING (APARTMENT, DUPLEX, ETC)",,,IC,Invest Cont,310.0,,,,1500    CROWN HILL                   AV,,34.0594,-118.2643
220321000,11/29/2022 12:00:00 AM,11/24/2022 12:00:00 AM,1800,3,Southwest,392,1,331,THEFT FROM MOTOR VEHICLE - GRAND ($950.01 AND OVER),1300 1601 1822 0344 0352,21,F,W,101.0,STREET,,,IC,Invest Cont,331.0,,,,4900    8TH                          AV,,33.9988,-118.3258
231209890,04/10/2023 12:00:00 AM,04/10/2023 12:00:00 AM,1200,12,77th Street,1245,1,230,"ASSAULT WITH DEADLY WEAPON, AGGRAVATED ASSAULT",0913 1822 0361 0400 0444 0334 0302 0416,27,M,B,104.0,DRIVEWAY,102.0,HAND GUN,AO,Adult Other,230.0,,,,1300 W  62ND                         ST,,33.9832,-118.2981
241406500,02/24/2024 12:00:00 AM,02/24/2024 12:00:00 AM,2100,14,Pacific,1431,2,624,BATTERY - SIMPLE ASSAULT,0416,28,F,W,117.0,BEACH,400.0,"STRONG-ARM (HANDS, FIST, FEET OR BODILY FORCE)",IC,Invest Cont,624.0,,,,OCEAN FRONT                  WK,MARKET,33.9874,-118.4741
240508768,05/06/2024 12:00:00 AM,05/06/2024 12:00:00 AM,1500,5,Harbor,558,2,901,VIOLATION OF RESTRAINING ORDER,2038,80,F,H,501.0,SINGLE FAMILY DWELLING,,,IC,Invest Cont,901.0,,,,300 W  SEPULVEDA                    ST,,33.7451,-118.2835
220413976,10/06/2022 12:00:00 AM,10/05/2022 12:00:00 AM,700,4,Hollenbeck,421,1,510,VEHICLE - STOLEN,,0,,,101.0,STREET,,,IC,Invest Cont,510.0,,,,BROADWAY,AVENUE 20,34.0726,-118.2201
200511268,07/01/2020 12:00:00 AM,07/01/2020 12:00:00 AM,515,5,Harbor,558,1,230,"ASSAULT WITH DEADLY WEAPON, AGGRAVATED ASSAULT",0446 0429 1281 1822 0305 0334 0416 0417,47,M,H,102.0,SIDEWALK,106.0,UNKNOWN FIREARM,IC,Invest Cont,230.0,,,,400 W  SEPULVEDA                    ST,,33.7451,-118.2861
201405422,01/25/2020 12:00:00 AM,01/01/2020 12:00:00 AM,40,14,Pacific,1483,2,649,DOCUMENT FORGERY / STOLEN FELONY,0377,62,M,W,501.0,SINGLE FAMILY DWELLING,,,IC,Invest Cont,649.0,,,,7800 W  TALBERT                      ST,,33.9588,-118.434
241510808,05/27/2024 12:00:00 AM,05/26/2024 12:00:00 AM,2230,15,N Hollywood,1548,1,510,VEHICLE - STOLEN,,0,,,101.0,STREET,,,IC,Invest Cont,510.0,,,,5300    SATSUMA                      AV,,34.167,-118.3676
231319890,10/31/2023 12:00:00 AM,10/31/2023 12:00:00 AM,700,13,Newton,1333,1,341,"THEFT-GRAND ($950.01 & OVER)EXCPT,GUNS,FOWL,LIVESTK,PROD",0344 1822 0202 1309,74,M,W,108.0,PARKING LOT,400.0,"STRONG-ARM (HANDS, FIST, FEET OR BODILY FORCE)",IC,Invest Cont,341.0,,,,3200 S  CENTRAL                      AV,,34.0174,-118.2621
220709883,05/26/2022 12:00:00 AM,05/24/2022 12:00:00 AM,1515,7,Wilshire,701,1,330,BURGLARY FROM VEHICLE,1307 0344,0,M,W,101.0,STREET,,,IC,Invest Cont,330.0,,,,500 N  FAIRFAX                      AV,,34.0847,-118.3686
210118906,10/18/2021 12:00:00 AM,10/16/2021 12:00:00 AM,2115,1,Central,111,1,440,THEFT PLAIN - PETTY ($950 & UNDER),0344 1414 1822 2032,34,F,O,735.0,NIGHT CLUB (OPEN EVENINGS ONLY),,,IC,Invest Cont,440.0,,,,HILL,LEI MIN,34.0651,-118.2384
220706118,02/25/2022 12:00:00 AM,02/11/2022 12:00:00 AM,1500,7,Wilshire,758,2,354,THEFT OF IDENTITY,0922,62,F,K,501.0,SINGLE FAMILY DWELLING,,,IC,Invest Cont,354.0,,,,1000 S  LUCERNE                      BL,,34.0545,-118.3284
211405904,01/03/2021 12:00:00 AM,12/14/2020 12:00:00 AM,1010,14,Pacific,1472,2,354,THEFT OF IDENTITY,0377,25,F,W,605.0,AUTOMATED TELLER MACHINE (ATM),,,IC,Invest Cont,354.0,,,,300 W  MANCHESTER                   AV,,33.9552,-118.4449
230804351,01/05/2023 12:00:00 AM,01/05/2023 12:00:00 AM,745,8,West LA,833,2,664,"BUNCO, PETTY THEFT",0344,70,F,W,501.0,SINGLE FAMILY DWELLING,,,IC,Invest Cont,664.0,,,,10900    WILSHIRE                     BL,,34.0588,-118.4439
231225323,12/20/2023 12:00:00 AM,12/18/2023 12:00:00 AM,1415,12,77th Street,1252,2,740,"VANDALISM - FELONY ($400 & OVER, ALL CHURCH VANDALISMS)",0329,27,F,B,501.0,SINGLE FAMILY DWELLING,,,IC,Invest Cont,740.0,,,,6700    7TH                          AV,,33.9782,-118.3246
221100799,07/10/2022 12:00:00 AM,07/10/2022 12:00:00 AM,1145,11,Northeast,1118,1,230,"ASSAULT WITH DEADLY WEAPON, AGGRAVATED ASSAULT",1218 0416 1402 0913,36,M,W,108.0,PARKING LOT,304.0,CLUB/BAT,AO,Adult Other,230.0,998.0,,,AVENUE 59,MARMION                      WY,34.1115,-118.1915
220511310,07/11/2022 12:00:00 AM,04/26/2022 12:00:00 AM,1030,5,Harbor,564,1,341,"THEFT-GRAND ($950.01 & OVER)EXCPT,GUNS,FOWL,LIVESTK,PROD",0385 0344 1300,33,M,A,203.0,OTHER BUSINESS,,,AO,Adult Other,341.0,,,,100 N  PACIFIC                      AV,,33.7433,-118.2879
212016264,10/29/2021 12:00:00 AM,10/29/2021 12:00:00 AM,300,20,Olympic,2027,1,310,BURGLARY,1822 0358 0321,0,X,X,252.0,"COFFEE SHOP (STARBUCKS, COFFEE BEAN, PEET'S, ETC.)",,,IC,Invest Cont,310.0,,,,3400    WILSHIRE                     BL,,34.0636,-118.296
211222517,10/30/2021 12:00:00 AM,10/30/2021 12:00:00 AM,1800,12,77th Street,1241,1,350,"THEFT, PERSON",1822 0305 0344 0346 0216,22,F,H,101.0,STREET,,,IC,Invest Cont,350.0,,,,CRENSHAW                     BL,HYDE PARK                    BL,33.9806,-118.3309
231815841,09/02/2023 12:00:00 AM,08/29/2023 12:00:00 AM,1200,18,Southeast,1834,1,510,VEHICLE - STOLEN,,0,,,101.0,STREET,,,IC,Invest Cont,510.0,,,,700 E  108TH                        ST,,33.9383,-118.263
230411314,08/13/2023 12:00:00 AM,08/13/2023 12:00:00 AM,1500,4,Hollenbeck,477,1,510,VEHICLE - STOLEN,,0,,,101.0,STREET,,,IC,Invest Cont,510.0,,,,2600    GUIRADO                      ST,,34.0349,-118.2122
210505431,02/04/2021 12:00:00 AM,02/04/2021 12:00:00 AM,1440,5,Harbor,514,2,624,BATTERY - SIMPLE ASSAULT,0400 0913 0555,32,F,H,108.0,PARKING LOT,400.0,"STRONG-ARM (HANDS, FIST, FEET OR BODILY FORCE)",AO,Adult Other,624.0,,,,1100 W  PACIFIC COAST                HY,,33.7905,-118.2762
231807925,03/21/2023 12:00:00 AM,03/20/2023 12:00:00 AM,30,18,Southeast,1804,1,330,BURGLARY FROM VEHICLE,1300 1307 0329 0344 1822,48,M,H,101.0,STREET,,,IC,Invest Cont,330.0,,,,8700 S  CENTRAL                      AV,,33.9593,-118.2564
220307029,03/05/2022 12:00:00 AM,03/05/2022 12:00:00 AM,1420,3,Southwest,317,2,900,VIOLATION OF COURT ORDER,0913 2038 0561,52,M,H,501.0,SINGLE FAMILY DWELLING,,,IC,Invest Cont,900.0,,,,1600 W  23RD                         ST,,34.0355,-118.2975
241708444,04/17/2024 12:00:00 AM,04/17/2024 12:00:00 AM,200,17,Devonshire,1791,1,331,THEFT FROM MOTOR VEHICLE - GRAND ($950.01 AND OVER),0344 1822 1402 1606,25,M,W,123.0,PARKING UNDERGROUND/BUILDING,,,AA,Adult Arrest,331.0,998.0,,,20900    BRYANT                       ST,,34.227,-118.5885
231705303,02/02/2023 12:00:00 AM,02/01/2023 12:00:00 AM,2100,17,Devonshire,1797,1,330,BURGLARY FROM VEHICLE,0344 1608 1822,20,F,H,506.0,ABANDONED BUILDING ABANDONED HOUSE,,,IC,Invest Cont,330.0,,,,16400    PARTHENIA                    ST,,34.2284,-118.4895
201710915,07/08/2020 12:00:00 AM,07/08/2020 12:00:00 AM,1800,17,Devonshire,1765,2,901,VIOLATION OF RESTRAINING ORDER,2038 2003 0913 0561,68,F,O,501.0,SINGLE FAMILY DWELLING,,,AA,Adult Arrest,901.0,,,,18700    DEVONSHIRE                   ST,,34.2573,-118.5417
201009035,05/15/2020 12:00:00 AM,05/15/2020 12:00:00 AM,630,10,West Valley,1008,1,510,VEHICLE - STOLEN,,0,,,101.0,STREET,,,IC,Invest Cont,510.0,,,,6500    HAYVENHURST                  AV,,34.1889,-118.4924
231014811,10/16/2023 12:00:00 AM,10/14/2023 12:00:00 AM,2300,10,West Valley,1039,1,310,BURGLARY,1822 1609 0216 0209 1414 1420,0,M,W,222.0,LAUNDROMAT,,,IC,Invest Cont,310.0,,,,15700    VANOWEN                      ST,,34.1939,-118.4749
230219644,09/19/2023 12:00:00 AM,09/04/2023 12:00:00 AM,2150,2,Rampart,205,1,442,SHOPLIFTING - PETTY THEFT ($950 & UNDER),1822 0325,0,X,X,203.0,OTHER BUSINESS,,,AA,Adult Arrest,442.0,,,,600 N  DILLON                       ST,,34.0786,-118.2788
241608404,05/21/2024 12:00:00 AM,05/09/2024 12:00:00 AM,1225,16,Foothill,1695,2,956,"LETTERS, LEWD  -  TELEPHONE CALLS, LEWD",1822 1501,26,F,B,227.0,ABORTION CLINIC/ABORTION FACILITY*,,,IC,Invest Cont,956.0,,,,11000    ARMINTA                      ST,,34.2139,-118.3703
201807405,02/28/2020 12:00:00 AM,02/14/2020 12:00:00 AM,700,18,Southeast,1801,1,341,"THEFT-GRAND ($950.01 & OVER)EXCPT,GUNS,FOWL,LIVESTK,PROD",1822 0344 2032,40,F,H,501.0,SINGLE FAMILY DWELLING,,,IC,Invest Cont,341.0,,,,9100    ORCHARD                      AV,,33.9542,-118.2881
231107375,04/02/2023 12:00:00 AM,04/01/2023 12:00:00 AM,2210,11,Northeast,1195,2,624,BATTERY - SIMPLE ASSAULT,0401 1266,57,M,H,714.0,DODGER STADIUM,400.0,"STRONG-ARM (HANDS, FIST, FEET OR BODILY FORCE)",IC,Invest Cont,624.0,,,,1000    VIN SCULLY                   AV,,34.0724,-118.2467
231319335,10/21/2023 12:00:00 AM,10/21/2023 12:00:00 AM,620,13,Newton,1313,2,740,"VANDALISM - FELONY ($400 & OVER, ALL CHURCH VANDALISMS)",0329,0,F,H,203.0,OTHER BUSINESS,,,IC,Invest Cont,740.0,,,,400 E  WASHINGTON                   BL,,34.0295,-118.2615
230201116,11/11/2023 12:00:00 AM,11/11/2023 12:00:00 AM,2214,2,Rampart,237,2,740,"VANDALISM - FELONY ($400 & OVER, ALL CHURCH VANDALISMS)",0329 0311 1402,0,X,X,721.0,HIGH SCHOOL,,,AO,Adult Other,740.0,998.0,,,1200    MIRAMAR                      ST,,34.0572,-118.2576
232004768,01/23/2023 12:00:00 AM,01/22/2023 12:00:00 AM,145,20,Olympic,2025,1,230,"ASSAULT WITH DEADLY WEAPON, AGGRAVATED ASSAULT",0334 2000 1814 0319 0421 0913,32,F,H,502.0,"MULTI-UNIT DWELLING (APARTMENT, DUPLEX, ETC)",102.0,HAND GUN,IC,Invest Cont,230.0,,,,400 S  MARIPOSA                     AV,,34.0672,-118.2992
210714891,10/28/2021 12:00:00 AM,10/18/2021 12:00:00 AM,1200,7,Wilshire,753,2,649,DOCUMENT FORGERY / STOLEN FELONY,0935 1202,71,F,B,502.0,"MULTI-UNIT DWELLING (APARTMENT, DUPLEX, ETC)",,,IC,Invest Cont,649.0,,,,1200 S  OGDEN                        DR,,34.0541,-118.3633
210119160,10/24/2021 12:00:00 AM,10/24/2021 12:00:00 AM,930,1,Central,156,1,230,"ASSAULT WITH DEADLY WEAPON, AGGRAVATED ASSAULT",0416 0913 1218 2004 0603,61,M,B,102.0,SIDEWALK,500.0,UNKNOWN WEAPON/OTHER WEAPON,AA,Adult Arrest,230.0,,,,500    WALL                         ST,,34.044,-118.2467
230511738,07/30/2023 12:00:00 AM,07/30/2023 12:00:00 AM,1600,5,Harbor,566,2,745,VANDALISM - MISDEAMEANOR ($399 OR UNDER),1236 0329,0,M,O,202.0,LIQUOR STORE,,,AO,Adult Other,745.0,,,,1300 S  PACIFIC                      AV,,33.7324,-118.2879
200906143,02/18/2020 12:00:00 AM,02/17/2020 12:00:00 AM,2100,9,Van Nuys,906,1,440,THEFT PLAIN - PETTY ($950 & UNDER),0344,44,M,W,301.0,GAS STATION,,,IC,Invest Cont,440.0,,,,7200    VAN NUYS                     BL,,34.2012,-118.4487
200115232,07/23/2020 12:00:00 AM,06/17/2020 12:00:00 AM,1620,1,Central,141,2,668,"EMBEZZLEMENT, GRAND THEFT ($950.01 & OVER)",,0,,,203.0,OTHER BUSINESS,,,IC,Invest Cont,668.0,,,,400 S  FIGUEROA                     ST,,34.0542,-118.2566
210617970,10/25/2021 12:00:00 AM,08/25/2021 12:00:00 AM,1530,6,Hollywood,663,2,354,THEFT OF IDENTITY,1822 0924 0929,38,F,W,501.0,SINGLE FAMILY DWELLING,,,IC,Invest Cont,354.0,,,,7000    SANTA MONICA                 BL,,34.0907,-118.3421
222019256,12/16/2022 12:00:00 AM,12/06/2022 12:00:00 AM,1700,20,Olympic,2027,2,930,CRIMINAL THREATS - NO WEAPON DISPLAYED,0319 1816 0421 0913,47,F,H,719.0,MEDICAL/DENTAL OFFICES,511.0,VERBAL THREAT,AO,Adult Other,930.0,,,,3400 W  6TH                          ST,,34.0636,-118.2954
201111589,07/18/2020 12:00:00 AM,07/17/2020 12:00:00 AM,2200,11,Northeast,1171,1,510,VEHICLE - STOLEN,,0,,,101.0,STREET,,,IC,Invest Cont,510.0,,,,1200    MANZANITA                    ST,,34.0946,-118.2802
211807488,03/10/2021 12:00:00 AM,03/02/2021 12:00:00 AM,1414,18,Southeast,1804,1,440,THEFT PLAIN - PETTY ($950 & UNDER),1822 0394 0344,39,F,H,501.0,SINGLE FAMILY DWELLING,,,IC,Invest Cont,440.0,,,,800 E  87TH                         PL,,33.9583,-118.2608
201223999,11/04/2020 12:00:00 AM,11/04/2020 12:00:00 AM,830,12,77th Street,1269,2,740,"VANDALISM - FELONY ($400 & OVER, ALL CHURCH VANDALISMS)",0329,53,M,B,518.0,TRANSITIONAL HOUSING/HALFWAY HOUSE,500.0,UNKNOWN WEAPON/OTHER WEAPON,AO,Adult Other,740.0,,,,700 E  83RD                         ST,,33.9638,-118.263
212010789,06/24/2021 12:00:00 AM,06/23/2021 12:00:00 AM,1200,20,Olympic,2013,2,626,INTIMATE PARTNER - SIMPLE ASSAULT,0913 1813 0329 0416,46,M,K,501.0,SINGLE FAMILY DWELLING,400.0,"STRONG-ARM (HANDS, FIST, FEET OR BODILY FORCE)",AO,Adult Other,626.0,,,,100 S  SERRANO                      AV,,34.0711,-118.3067
200905765,02/09/2020 12:00:00 AM,02/08/2020 12:00:00 AM,2040,9,Van Nuys,984,2,624,BATTERY - SIMPLE ASSAULT,0444 0429 0416,20,F,H,210.0,RESTAURANT/FAST FOOD,400.0,"STRONG-ARM (HANDS, FIST, FEET OR BODILY FORCE)",AO,Adult Other,624.0,,,,14600    VENTURA                      BL,,34.1513,-118.4509
220211236,06/02/2022 12:00:00 AM,06/02/2022 12:00:00 AM,100,2,Rampart,233,1,510,VEHICLE - STOLEN,,0,,,101.0,STREET,,,IC,Invest Cont,510.0,,,,200 S  OCCIDENTAL                   BL,,34.0677,-118.282
200213219,07/31/2020 12:00:00 AM,07/24/2020 12:00:00 AM,2215,2,Rampart,289,1,440,THEFT PLAIN - PETTY ($950 & UNDER),0344,19,X,X,108.0,PARKING LOT,,,IC,Invest Cont,440.0,,,,1100    VALENCIA                     ST,,34.0466,-118.2735
210400789,05/14/2021 12:00:00 AM,05/13/2021 12:00:00 AM,1630,4,Hollenbeck,421,2,354,THEFT OF IDENTITY,1402 0100,0,M,W,602.0,BANK,,,IC,Invest Cont,354.0,998.0,,,2400 N  BROADWAY,,34.0736,-118.217
232006224,02/24/2023 12:00:00 AM,02/23/2023 12:00:00 AM,2100,20,Olympic,2039,2,624,BATTERY - SIMPLE ASSAULT,0400 0416 0446 2004 1822 1266 0319,35,M,H,101.0,STREET,400.0,"STRONG-ARM (HANDS, FIST, FEET OR BODILY FORCE)",IC,Invest Cont,624.0,,,,3000    WILSHIRE                     BL,,34.0618,-118.2869
222016593,11/01/2022 12:00:00 AM,11/01/2022 12:00:00 AM,1545,20,Olympic,2049,2,930,CRIMINAL THREATS - NO WEAPON DISPLAYED,1822 0432 1906 0371,13,M,H,102.0,SIDEWALK,511.0,VERBAL THREAT,IC,Invest Cont,930.0,,,,SAN MARINO,ARAPAHOE,34.055,-118.2854
201206401,02/03/2020 12:00:00 AM,02/03/2020 12:00:00 AM,1200,12,77th Street,1232,1,310,BURGLARY,0321 1609 0344 1822,36,M,H,501.0,SINGLE FAMILY DWELLING,,,IC,Invest Cont,310.0,,,,5800    5TH                          AV,,33.9891,-118.3226
241505334,01/27/2024 12:00:00 AM,12/31/2023 12:00:00 AM,1200,15,N Hollywood,1513,1,330,BURGLARY FROM VEHICLE,0344,31,F,W,707.0,GARAGE/CARPORT,,,IC,Invest Cont,330.0,,,,12500    VANOWEN                      ST,,34.194,-118.4053
232004866,01/22/2023 12:00:00 AM,01/22/2023 12:00:00 AM,1350,20,Olympic,2062,1,343,SHOPLIFTING-GRAND THEFT ($950.01 & OVER),0342 0344 0325 0202 0209 1822 0378 0352 1221,0,X,X,405.0,CLOTHING STORE,,,IC,Invest Cont,343.0,,,,3100 W  PICO                         BL,,34.0506,-118.3127
210514452,10/03/2021 12:00:00 AM,10/03/2021 12:00:00 AM,500,5,Harbor,551,1,310,BURGLARY,1402 2004 0304,0,X,X,109.0,PARK/PLAYGROUND,,,AA,Adult Arrest,310.0,998.0,,,500 N  WESTERN                      AV,,33.7478,-118.3094
231705306,02/02/2023 12:00:00 AM,01/27/2023 12:00:00 AM,1000,17,Devonshire,1777,2,956,"LETTERS, LEWD  -  TELEPHONE CALLS, LEWD",1906,55,M,H,501.0,SINGLE FAMILY DWELLING,,,IC,Invest Cont,956.0,,,,9700    SWINTON                      AV,,34.2465,-118.4861
221111275,07/08/2022 12:00:00 AM,07/07/2022 12:00:00 AM,1430,11,Northeast,1148,1,230,"ASSAULT WITH DEADLY WEAPON, AGGRAVATED ASSAULT",0416 0431 0445 1822 1300,69,F,H,101.0,STREET,400.0,"STRONG-ARM (HANDS, FIST, FEET OR BODILY FORCE)",IC,Invest Cont,230.0,,,,FIGUEROA                     ST,WOODSIDE                     DR,34.0981,-118.2055
211812324,06/21/2021 12:00:00 AM,06/21/2021 12:00:00 AM,330,18,Southeast,1804,2,740,"VANDALISM - FELONY ($400 & OVER, ALL CHURCH VANDALISMS)",1822 0329,0,X,X,401.0,MINI-MART,,,IC,Invest Cont,740.0,,,,8600 S  CENTRAL                      AV,,33.9595,-118.2564
231412056,06/10/2023 12:00:00 AM,06/09/2023 12:00:00 AM,1410,14,Pacific,1469,1,442,SHOPLIFTING - PETTY THEFT ($950 & UNDER),0325 0344 1822 2028,0,X,X,402.0,MARKET,,,AA,Adult Arrest,442.0,,,,6800    LA CIENEGA                   BL,,33.9761,-118.3726
210310016,05/08/2021 12:00:00 AM,05/08/2021 12:00:00 AM,1230,3,Southwest,397,1,330,BURGLARY FROM VEHICLE,1822 1609 0329 0344 1307 1402,38,M,H,101.0,STREET,400.0,"STRONG-ARM (HANDS, FIST, FEET OR BODILY FORCE)",IC,Invest Cont,330.0,,,,WALTON                       AV,41ST                         PL,34.0082,-118.2941
202008445,04/10/2020 12:00:00 AM,03/12/2020 12:00:00 AM,834,20,Olympic,2021,1,510,VEHICLE - STOLEN,,0,,,101.0,STREET,,,IC,Invest Cont,510.0,,,,6TH,WILSON                       PL,34.0653,-118.3183
231508943,04/27/2023 12:00:00 AM,04/27/2023 12:00:00 AM,100,15,N Hollywood,1502,2,740,"VANDALISM - FELONY ($400 & OVER, ALL CHURCH VANDALISMS)",1609,46,M,H,101.0,STREET,,,IC,Invest Cont,740.0,,,,8000    TEESDALE                     AV,,34.216,-118.4098
240309393,04/19/2024 12:00:00 AM,04/18/2024 12:00:00 AM,1700,3,Southwest,337,1,510,VEHICLE - STOLEN,,0,,,101.0,STREET,,,IC,Invest Cont,510.0,,,,1600 W  30TH                         ST,,34.0273,-118.3002
211609336,07/05/2021 12:00:00 AM,07/05/2021 12:00:00 AM,40,16,Foothill,1601,2,626,INTIMATE PARTNER - SIMPLE ASSAULT,2000 1814 0913 0416 1243 2002,18,F,H,101.0,STREET,400.0,"STRONG-ARM (HANDS, FIST, FEET OR BODILY FORCE)",AO,Adult Other,626.0,,,,12100    BROMONT                      AV,,34.2896,-118.414
221705432,02/08/2022 12:00:00 AM,02/08/2022 12:00:00 AM,800,17,Devonshire,1767,1,320,"BURGLARY, ATTEMPTED",0913 1607 2000 1814,29,F,H,501.0,SINGLE FAMILY DWELLING,,,IC,Invest Cont,320.0,,,,9400    RESEDA                       BL,,34.2409,-118.5361
211709625,06/17/2021 12:00:00 AM,06/16/2021 12:00:00 AM,1700,17,Devonshire,1755,2,902,VIOLATION OF TEMPORARY RESTRAINING ORDER,2038 0913 2000 1813,42,F,H,702.0,OFFICE BUILDING/OFFICE,,,AA,Adult Arrest,902.0,,,,18000    DEVONSHIRE                   ST,,34.2573,-118.5244
201217562,07/31/2020 12:00:00 AM,07/31/2020 12:00:00 AM,1020,12,77th Street,1245,2,903,CONTEMPT OF COURT,0913 2004 2038 0212,32,F,B,502.0,"MULTI-UNIT DWELLING (APARTMENT, DUPLEX, ETC)",,,IC,Invest Cont,903.0,,,,1200 W  65TH                         ST,,33.9806,-118.2981
230313786,07/19/2023 12:00:00 AM,07/19/2023 12:00:00 AM,855,3,Southwest,358,2,930,CRIMINAL THREATS - NO WEAPON DISPLAYED,1822 0910 2051 2050 0416 0421,52,F,H,801.0,MTA BUS,511.0,VERBAL THREAT,IC,Invest Cont,930.0,,,,VERMONT                      AV,JEFFERSON,34.0251,-118.2915
211220425,09/27/2021 12:00:00 AM,09/27/2021 12:00:00 AM,50,12,77th Street,1233,2,626,INTIMATE PARTNER - SIMPLE ASSAULT,0913 0400 0416 1310 0429 1814 2000,30,F,B,101.0,STREET,400.0,"STRONG-ARM (HANDS, FIST, FEET OR BODILY FORCE)",AO,Adult Other,626.0,,,,1800 W  SLAUSON                      AV,,33.9891,-118.3097
212010613,06/18/2021 12:00:00 AM,06/18/2021 12:00:00 AM,1820,20,Olympic,2001,1,230,"ASSAULT WITH DEADLY WEAPON, AGGRAVATED ASSAULT",2003 1822 0417 0416 0445,50,F,W,102.0,SIDEWALK,306.0,ROCK/THROWN OBJECT,IC,Invest Cont,230.0,,,,600 N  IRVING                       BL,,34.0817,-118.3187
221712271,08/15/2022 12:00:00 AM,08/15/2022 12:00:00 AM,40,17,Devonshire,1781,1,230,"ASSAULT WITH DEADLY WEAPON, AGGRAVATED ASSAULT",1100 0450 1816 0906 0913 1817 1402 2024 1407 1300,19,F,H,101.0,STREET,102.0,HAND GUN,JA,Juv Arrest,230.0,998.0,,,20900    GRESHAM                      ST,,34.2306,-118.5885
211517664,11/18/2021 12:00:00 AM,09/14/2021 12:00:00 AM,1200,15,N Hollywood,1549,1,341,"THEFT-GRAND ($950.01 & OVER)EXCPT,GUNS,FOWL,LIVESTK,PROD",0344 0346 1822,0,X,X,121.0,YARD (RESIDENTIAL/BUSINESS),,,IC,Invest Cont,341.0,,,,10800    CHANDLER                     BL,,34.1687,-118.3657
211109017,05/28/2021 12:00:00 AM,05/27/2021 12:00:00 AM,30,11,Northeast,1146,2,740,"VANDALISM - FELONY ($400 & OVER, ALL CHURCH VANDALISMS)",0329,0,M,X,501.0,SINGLE FAMILY DWELLING,,,AO,Adult Other,740.0,,,,2000    BLAKE                        AV,,34.1015,-118.2441
211812042,06/15/2021 12:00:00 AM,06/02/2021 12:00:00 AM,100,18,Southeast,1827,1,341,"THEFT-GRAND ($950.01 & OVER)EXCPT,GUNS,FOWL,LIVESTK,PROD",0910 1822 0344,0,X,X,154.0,TRAIN TRACKS,,,IC,Invest Cont,341.0,,,,GRAHAM,95TH                         ST,33.9506,-118.243
221017921,12/20/2022 12:00:00 AM,12/15/2022 12:00:00 AM,1800,10,West Valley,1021,2,940,EXTORTION,1822 1402,42,F,H,501.0,SINGLE FAMILY DWELLING,,,IC,Invest Cont,940.0,998.0,,,6800    BOTHWELL                     RD,,34.1947,-118.5612
240306377,02/15/2024 12:00:00 AM,02/15/2024 12:00:00 AM,1430,3,Southwest,374,1,820,ORAL COPULATION,0913 1309 1415 1409 0507 0505 1817 1258,11,F,B,122.0,"VEHICLE, PASSENGER/TRUCK",400.0,"STRONG-ARM (HANDS, FIST, FEET OR BODILY FORCE)",IC,Invest Cont,812.0,820.0,,,3800    DUBLIN                       AV,,34.0173,-118.3224
230408168,05/07/2023 12:00:00 AM,05/07/2023 12:00:00 AM,900,4,Hollenbeck,464,2,740,"VANDALISM - FELONY ($400 & OVER, ALL CHURCH VANDALISMS)",0329 1300,26,F,H,108.0,PARKING LOT,,,IC,Invest Cont,740.0,,,,CHICAGO,1ST,34.0449,-118.2122
211013479,10/16/2021 12:00:00 AM,10/16/2021 12:00:00 AM,2330,10,West Valley,1018,2,740,"VANDALISM - FELONY ($400 & OVER, ALL CHURCH VANDALISMS)",1300 1822 0329 1414,0,M,W,122.0,"VEHICLE, PASSENGER/TRUCK",,,IC,Invest Cont,740.0,,,,HASKELL                      AV,STRATHERN                    ST,34.2157,-118.4749
200905281,01/30/2020 12:00:00 AM,01/29/2020 12:00:00 AM,2100,9,Van Nuys,914,1,440,THEFT PLAIN - PETTY ($950 & UNDER),0344,38,F,H,406.0,OTHER STORE,,,IC,Invest Cont,440.0,,,,SHERMAN                      WY,SEPULVEDA                    BL,34.2012,-118.4662
220510023,06/09/2022 12:00:00 AM,06/09/2022 12:00:00 AM,750,5,Harbor,501,1,330,BURGLARY FROM VEHICLE,1822 0329 0344,0,X,X,108.0,PARKING LOT,,,IC,Invest Cont,330.0,,,,700 W  182ND                        ST,,33.8696,-118.2863
221605074,02/02/2022 12:00:00 AM,02/02/2022 12:00:00 AM,1200,16,Foothill,1665,2,354,THEFT OF IDENTITY,0922,49,F,H,501.0,SINGLE FAMILY DWELLING,,,IC,Invest Cont,354.0,,,,11300    ALLEGHENY                    ST,,34.2488,-118.377
202007515,03/14/2020 12:00:00 AM,03/13/2020 12:00:00 AM,2000,20,Olympic,2091,1,330,BURGLARY FROM VEHICLE,0344 1307,29,M,B,108.0,PARKING LOT,,,IC,Invest Cont,330.0,,,,2000    ARLINGTON                    AV,,34.039,-118.3177
221412869,06/24/2022 12:00:00 AM,06/23/2022 12:00:00 AM,245,14,Pacific,1441,2,740,"VANDALISM - FELONY ($400 & OVER, ALL CHURCH VANDALISMS)",0329,0,X,X,707.0,GARAGE/CARPORT,,,IC,Invest Cont,740.0,,,,100 S  VENICE                       BL,,33.9845,-118.4697
201513152,07/27/2020 12:00:00 AM,07/25/2020 12:00:00 AM,100,15,N Hollywood,1562,1,330,BURGLARY FROM VEHICLE,1300 0344,82,F,W,104.0,DRIVEWAY,,,IC,Invest Cont,330.0,,,,12400    LANDALE                      ST,,34.1522,-118.4044
210507448,03/27/2021 12:00:00 AM,03/27/2021 12:00:00 AM,1830,5,Harbor,526,2,740,"VANDALISM - FELONY ($400 & OVER, ALL CHURCH VANDALISMS)",0329 0913 1307 1242 0562,51,M,H,108.0,PARKING LOT,,,AO,Adult Other,740.0,,,,800 N  AVALON                       BL,,33.7798,-118.2656
220805225,01/31/2022 12:00:00 AM,01/31/2022 12:00:00 AM,1445,8,West LA,822,1,440,THEFT PLAIN - PETTY ($950 & UNDER),1202 0416 0443 1818,63,F,W,501.0,SINGLE FAMILY DWELLING,400.0,"STRONG-ARM (HANDS, FIST, FEET OR BODILY FORCE)",AA,Adult Arrest,440.0,624.0,,,300 N  LAS CASAS                    AV,,34.0408,-118.5429
230306908,02/24/2023 12:00:00 AM,02/24/2023 12:00:00 AM,2052,3,Southwest,363,1,310,BURGLARY,0342 0104 1609 0358 0344 0352 1822 1221,22,X,X,404.0,DEPARTMENT STORE,,,IC,Invest Cont,310.0,,,,4000    CRENSHAW                     BL,,34.012,-118.3351
221015846,10/29/2022 12:00:00 AM,10/29/2022 12:00:00 AM,2130,10,West Valley,1034,1,236,INTIMATE PARTNER - AGGRAVATED ASSAULT,0913 2000 1813 0408 1814 0400 2002 1414,59,F,W,502.0,"MULTI-UNIT DWELLING (APARTMENT, DUPLEX, ETC)",400.0,"STRONG-ARM (HANDS, FIST, FEET OR BODILY FORCE)",AA,Adult Arrest,236.0,,,,6200    RESEDA                       BL,,34.1829,-118.536
220614977,08/21/2022 12:00:00 AM,08/03/2022 12:00:00 AM,1000,6,Hollywood,645,2,664,"BUNCO, PETTY THEFT",1822 1501 1202,60,M,B,502.0,"MULTI-UNIT DWELLING (APARTMENT, DUPLEX, ETC)",,,IC,Invest Cont,664.0,,,,7000    HOLLYWOOD                    BL,,34.1015,-118.3417
202107985,04/04/2020 12:00:00 AM,04/03/2020 12:00:00 AM,2330,21,Topanga,2128,1,442,SHOPLIFTING - PETTY THEFT ($950 & UNDER),0325,35,M,X,401.0,MINI-MART,,,IC,Invest Cont,442.0,,,,20100    SATICOY                      ST,,34.212,-118.5754
231015907,10/12/2023 12:00:00 AM,10/12/2023 12:00:00 AM,100,10,West Valley,1018,2,745,VANDALISM - MISDEAMEANOR ($399 OR UNDER),1822 0329 0311,64,M,O,108.0,PARKING LOT,,,IC,Invest Cont,745.0,,,,7300    VALJEAN                      AV,,34.203,-118.4859
222018106,12/07/2022 12:00:00 AM,12/06/2022 12:00:00 AM,940,20,Olympic,2042,2,624,BATTERY - SIMPLE ASSAULT,1202 0448 0913,63,M,O,717.0,HEALTH SPA/GYM,400.0,"STRONG-ARM (HANDS, FIST, FEET OR BODILY FORCE)",IC,Invest Cont,624.0,,,,900 S  WESTERN                      AV,,34.0564,-118.3131
231223069,11/13/2023 12:00:00 AM,11/12/2023 12:00:00 AM,1050,12,77th Street,1218,1,341,"THEFT-GRAND ($950.01 & OVER)EXCPT,GUNS,FOWL,LIVESTK,PROD",0344 0342 1822,30,F,B,501.0,SINGLE FAMILY DWELLING,,,IC,Invest Cont,341.0,,,,600 W  54TH                         ST,,33.9933,-118.2842
231712891,07/18/2023 12:00:00 AM,07/13/2023 12:00:00 AM,2025,17,Devonshire,1783,1,442,SHOPLIFTING - PETTY THEFT ($950 & UNDER),0325 0378,45,F,W,404.0,DEPARTMENT STORE,,,AO,Adult Other,442.0,,,,8900    TAMPA                        AV,,34.2328,-118.5535
220121347,09/26/2022 12:00:00 AM,09/26/2022 12:00:00 AM,1230,1,Central,164,1,440,THEFT PLAIN - PETTY ($950 & UNDER),0344,56,M,O,502.0,"MULTI-UNIT DWELLING (APARTMENT, DUPLEX, ETC)",,,IC,Invest Cont,440.0,,,,600 S  MAIN                         ST,,34.0453,-118.2499
222108660,05/02/2022 12:00:00 AM,05/02/2022 12:00:00 AM,845,21,Topanga,2175,2,740,"VANDALISM - FELONY ($400 & OVER, ALL CHURCH VANDALISMS)",0329 1307,52,M,X,101.0,STREET,,,IC,Invest Cont,740.0,,,,MIRANDA,SHOUP,34.1756,-118.6146
200913245,08/08/2020 12:00:00 AM,07/18/2020 12:00:00 AM,2105,9,Van Nuys,984,2,624,BATTERY - SIMPLE ASSAULT,0400,52,M,H,210.0,RESTAURANT/FAST FOOD,400.0,"STRONG-ARM (HANDS, FIST, FEET OR BODILY FORCE)",AO,Adult Other,624.0,,,,14600 W  VENTURA                      BL,,34.1513,-118.4511
221307341,03/03/2022 12:00:00 AM,03/03/2022 12:00:00 AM,1940,13,Newton,1324,2,624,BATTERY - SIMPLE ASSAULT,1822 0444 0400,46,M,H,402.0,MARKET,400.0,"STRONG-ARM (HANDS, FIST, FEET OR BODILY FORCE)",IC,Invest Cont,624.0,,,,2000 S  CENTRAL                      AV,,34.0233,-118.2516
221300660,04/05/2022 12:00:00 AM,04/05/2022 12:00:00 AM,1425,13,Newton,1342,1,761,BRANDISH WEAPON,1402 0602 0561 0334 0421 2002 0913,47,F,H,501.0,SINGLE FAMILY DWELLING,205.0,KITCHEN KNIFE,AO,Adult Other,761.0,998.0,,,3700    MAPLE                        AV,,34.0149,-118.2709
230413581,10/20/2023 12:00:00 AM,10/20/2023 12:00:00 AM,2245,4,Hollenbeck,453,1,230,"ASSAULT WITH DEADLY WEAPON, AGGRAVATED ASSAULT",0400 0416 1300 1309,23,F,H,101.0,STREET,500.0,UNKNOWN WEAPON/OTHER WEAPON,IC,Invest Cont,230.0,,,,1700    PENNSYLVANIA                 AV,,34.0487,-118.2192
201804279,01/06/2020 12:00:00 AM,01/05/2020 12:00:00 AM,1000,18,Southeast,1802,2,740,"VANDALISM - FELONY ($400 & OVER, ALL CHURCH VANDALISMS)",1202 1402 0329 1307,64,F,H,122.0,"VEHICLE, PASSENGER/TRUCK",,,IC,Invest Cont,740.0,998.0,,,100 E  89TH                         ST,,33.9556,-118.2739
232007613,04/01/2023 12:00:00 AM,03/31/2023 12:00:00 AM,2000,20,Olympic,2042,1,510,VEHICLE - STOLEN,,0,,,101.0,STREET,,,IC,Invest Cont,510.0,,,,8TH,WILTON,34.0581,-118.3143
200907820,03/25/2020 12:00:00 AM,03/23/2020 12:00:00 AM,1000,9,Van Nuys,941,2,661,UNAUTHORIZED COMPUTER ACCESS,1914,37,M,W,203.0,OTHER BUSINESS,,,IC,Invest Cont,661.0,,,,6000    SEPULVEDA                    BL,,34.1794,-118.4662
241306335,02/19/2024 12:00:00 AM,02/17/2024 12:00:00 AM,1030,13,Newton,1327,1,420,THEFT FROM MOTOR VEHICLE - PETTY ($950 & UNDER),,0,,,101.0,STREET,,,IC,Invest Cont,420.0,,,,1500 E  22ND                         ST,,34.0189,-118.2481
210408689,05/16/2021 12:00:00 AM,05/16/2021 12:00:00 AM,15,4,Hollenbeck,497,2,740,"VANDALISM - FELONY ($400 & OVER, ALL CHURCH VANDALISMS)",0329,23,M,H,101.0,STREET,308.0,STICK,IC,Invest Cont,740.0,,,,14TH,LORENA                       ST,34.0173,-118.2062
232016216,10/06/2023 12:00:00 AM,10/04/2023 12:00:00 AM,900,20,Olympic,2014,1,510,VEHICLE - STOLEN,,0,,,101.0,STREET,,,IC,Invest Cont,510.0,,,,200 S  ARDMORE                      AV,,34.0712,-118.3016
221305196,01/26/2022 12:00:00 AM,01/26/2022 12:00:00 AM,110,13,Newton,1313,1,440,THEFT PLAIN - PETTY ($950 & UNDER),0344 1218 2060 2034 1822,38,F,B,101.0,STREET,,,IC,Invest Cont,440.0,,,,1100 E  PICO                         BL,,34.0304,-118.2484
240309722,04/25/2024 12:00:00 AM,04/24/2024 12:00:00 AM,930,3,Southwest,314,2,930,CRIMINAL THREATS - NO WEAPON DISPLAYED,0913 1251 0334 0319 1824 2024 1815,15,M,H,721.0,HIGH SCHOOL,200.0,KNIFE WITH BLADE 6INCHES OR LESS,IC,Invest Cont,930.0,,,,3200 W  ADAMS                        BL,,34.0326,-118.3189
211106780,03/22/2021 12:00:00 AM,02/26/2021 12:00:00 AM,1500,11,Northeast,1147,1,331,THEFT FROM MOTOR VEHICLE - GRAND ($950.01 AND OVER),0385,53,M,W,101.0,STREET,,,IC,Invest Cont,331.0,,,,2700    FUTURE                       ST,,34.0984,-118.2339
201016455,12/16/2020 12:00:00 AM,09/01/2020 12:00:00 AM,1140,10,West Valley,1008,2,354,THEFT OF IDENTITY,1822 0917,64,M,O,501.0,SINGLE FAMILY DWELLING,,,IC,Invest Cont,354.0,,,,6500    HAYVENHURST                  AV,,34.1889,-118.4924
221219367,09/11/2022 12:00:00 AM,09/11/2022 12:00:00 AM,100,12,77th Street,1263,2,626,INTIMATE PARTNER - SIMPLE ASSAULT,2000 1823 0913 1309 1240 0448 0319 0305 1313,52,F,B,101.0,STREET,400.0,"STRONG-ARM (HANDS, FIST, FEET OR BODILY FORCE)",AO,Adult Other,626.0,,,,83RD                         ST,WESTERN                      AV,33.9637,-118.309
231416236,08/23/2023 12:00:00 AM,08/23/2023 12:00:00 AM,630,14,Pacific,1494,1,341,"THEFT-GRAND ($950.01 & OVER)EXCPT,GUNS,FOWL,LIVESTK,PROD",1822 0344,37,F,O,212.0,TRANSPORTATION FACILITY (AIRPORT),500.0,UNKNOWN WEAPON/OTHER WEAPON,IC,Invest Cont,341.0,,,,500    WORLD                        WY,,33.9427,-118.4049
231713487,08/02/2023 12:00:00 AM,01/15/2020 12:00:00 AM,800,17,Devonshire,1797,2,354,THEFT OF IDENTITY,0928 1822,73,M,W,501.0,SINGLE FAMILY DWELLING,,,IC,Invest Cont,354.0,,,,16400    PARTHENIA                    ST,,34.2284,-118.4895
201917082,11/17/2020 12:00:00 AM,11/17/2020 12:00:00 AM,1730,19,Mission,1998,2,745,VANDALISM - MISDEAMEANOR ($399 OR UNDER),0329,47,M,H,210.0,RESTAURANT/FAST FOOD,,,IC,Invest Cont,745.0,,,,8000    VAN NUYS                     BL,,34.2164,-118.4488
230221471,11/24/2023 12:00:00 AM,11/24/2023 12:00:00 AM,1700,2,Rampart,245,1,236,INTIMATE PARTNER - AGGRAVATED ASSAULT,2000 0913 0334 0449 1813 1814 0443 0421 1402,54,F,B,502.0,"MULTI-UNIT DWELLING (APARTMENT, DUPLEX, ETC)",215.0,MACHETE,AA,Adult Arrest,236.0,998.0,,,2500 W  6TH                          ST,,34.0617,-118.2795
200909236,05/03/2020 12:00:00 AM,04/30/2020 12:00:00 AM,1000,9,Van Nuys,926,1,310,BURGLARY,1605 0344 0358 0352,30,M,W,501.0,SINGLE FAMILY DWELLING,500.0,UNKNOWN WEAPON/OTHER WEAPON,IC,Invest Cont,310.0,,,,14300    GILMORE                      ST,,34.1877,-118.4444
200707787,03/27/2020 12:00:00 AM,03/19/2020 12:00:00 AM,1300,7,Wilshire,775,1,330,BURGLARY FROM VEHICLE,0344 1300,63,M,H,101.0,STREET,,,IC,Invest Cont,330.0,,,,4700    SATURN                       ST,,34.0436,-118.34
211706330,03/08/2021 12:00:00 AM,03/07/2021 12:00:00 AM,315,17,Devonshire,1761,1,310,BURGLARY,1202 0344 1601 1607,65,F,B,221.0,PUBLIC STORAGE,,,IC,Invest Cont,310.0,,,,9300    TOPANGA CANYON               BL,,34.2391,-118.6061
240709462,06/12/2024 12:00:00 AM,07/01/2023 12:00:00 AM,1200,7,Wilshire,784,1,330,BURGLARY FROM VEHICLE,1300 0344,32,F,H,217.0,AUTO REPAIR SHOP,,,IC,Invest Cont,330.0,,,,2200 S  LA BREA                      AV,,34.0372,-118.349
201411230,05/21/2020 12:00:00 AM,05/21/2020 12:00:00 AM,1700,14,Pacific,1438,2,624,BATTERY - SIMPLE ASSAULT,0400 0416,29,F,O,502.0,"MULTI-UNIT DWELLING (APARTMENT, DUPLEX, ETC)",500.0,UNKNOWN WEAPON/OTHER WEAPON,IC,Invest Cont,624.0,,,,3600    MIDVALE                      AV,,34.0204,-118.4139
200815924,10/29/2020 12:00:00 AM,10/24/2020 12:00:00 AM,1700,8,West LA,822,1,330,BURGLARY FROM VEHICLE,0344 1822,27,F,O,123.0,PARKING UNDERGROUND/BUILDING,,,IC,Invest Cont,330.0,,,,17200 W  SUNSET                       BL,,34.0436,-118.5533
242108877,05/07/2024 12:00:00 AM,05/05/2024 12:00:00 AM,1800,21,Topanga,2155,1,480,BIKE - STOLEN,0344,59,M,O,707.0,GARAGE/CARPORT,,,IC,Invest Cont,480.0,,,,22200    SUMMIT VUE                   DR,,34.1797,-118.6104
220811274,06/28/2022 12:00:00 AM,06/26/2022 12:00:00 AM,1300,8,West LA,835,1,510,VEHICLE - STOLEN,,0,,,101.0,STREET,,,IC,Invest Cont,510.0,,,,11000 W  OLYMPIC                      BL,,34.0462,-118.4361
231105960,02/21/2023 12:00:00 AM,02/18/2023 12:00:00 AM,1000,11,Northeast,1178,1,510,VEHICLE - STOLEN,,0,,,101.0,STREET,,,IC,Invest Cont,510.0,,,,3200    GRANADA                      ST,,34.0959,-118.2288
230107120,02/16/2023 12:00:00 AM,02/14/2023 12:00:00 AM,500,1,Central,192,1,330,BURGLARY FROM VEHICLE,1609 0344 1300 1822 1307,23,M,B,717.0,HEALTH SPA/GYM,,,IC,Invest Cont,330.0,,,,400 W  PICO                         BL,,34.0389,-118.2643
220109950,04/09/2022 12:00:00 AM,04/09/2022 12:00:00 AM,30,1,Central,158,2,930,CRIMINAL THREATS - NO WEAPON DISPLAYED,1601 1218 0358 1814 0913 0443 0340 1307,23,F,H,101.0,STREET,400.0,"STRONG-ARM (HANDS, FIST, FEET OR BODILY FORCE)",AA,Adult Arrest,930.0,,,,500    CERES                        AV,,34.0414,-118.2399
202018283,12/07/2020 12:00:00 AM,12/04/2020 12:00:00 AM,1700,20,Olympic,2058,2,745,VANDALISM - MISDEAMEANOR ($399 OR UNDER),0311 0329 1822,54,F,F,122.0,"VEHICLE, PASSENGER/TRUCK",,,IC,Invest Cont,745.0,,,,2700    SAN MARINO                   ST,,34.055,-118.2878
201307723,03/07/2020 12:00:00 AM,03/06/2020 12:00:00 AM,2255,13,Newton,1361,2,626,INTIMATE PARTNER - SIMPLE ASSAULT,0913 2000 0416 0400,52,M,B,501.0,SINGLE FAMILY DWELLING,400.0,"STRONG-ARM (HANDS, FIST, FEET OR BODILY FORCE)",IC,Invest Cont,626.0,,,,200 W  50TH                         ST,,33.9974,-118.2762
232018000,11/17/2023 12:00:00 AM,06/17/2023 12:00:00 AM,2100,20,Olympic,2011,1,330,BURGLARY FROM VEHICLE,1822 0344 1307 1609,45,M,W,101.0,STREET,,,IC,Invest Cont,330.0,,,,100 S  VAN NESS                     AV,,34.073,-118.3157
211512060,07/19/2021 12:00:00 AM,07/19/2021 12:00:00 AM,1500,15,N Hollywood,1553,1,442,SHOPLIFTING - PETTY THEFT ($950 & UNDER),0344,55,M,H,402.0,MARKET,,,IC,Invest Cont,442.0,,,,4700    LAUREL CANYON                BL,,34.1558,-118.3965
200121672,11/29/2020 12:00:00 AM,11/29/2020 12:00:00 AM,118,1,Central,161,2,740,"VANDALISM - FELONY ($400 & OVER, ALL CHURCH VANDALISMS)",0329 1822 1414,0,X,X,502.0,"MULTI-UNIT DWELLING (APARTMENT, DUPLEX, ETC)",,,IC,Invest Cont,740.0,,,,1000 W  8TH                          ST,,34.0487,-118.2627
231704538,01/17/2023 12:00:00 AM,01/17/2023 12:00:00 AM,630,17,Devonshire,1785,1,420,THEFT FROM MOTOR VEHICLE - PETTY ($950 & UNDER),1606 2034 0605 0344,19,M,W,101.0,STREET,,,IC,Invest Cont,420.0,,,,RESEDA                       BL,RAYEN                        ST,34.2319,-118.5361
220215109,08/22/2022 12:00:00 AM,08/20/2022 12:00:00 AM,510,2,Rampart,237,1,648,ARSON,1501 0329 1822,38,F,H,122.0,"VEHICLE, PASSENGER/TRUCK",,,IC,Invest Cont,648.0,,,,200    UNION                        PL,,34.0618,-118.2654
230411602,08/22/2023 12:00:00 AM,08/22/2023 12:00:00 AM,410,4,Hollenbeck,464,2,956,"LETTERS, LEWD  -  TELEPHONE CALLS, LEWD",1906,34,F,H,101.0,STREET,,,AA,Adult Arrest,956.0,,,,2100 E  1ST                          ST,,34.0449,-118.2138
240704428,01/10/2024 12:00:00 AM,01/10/2024 12:00:00 AM,2000,7,Wilshire,743,1,330,BURGLARY FROM VEHICLE,1300 1307 0344 1822,50,M,F,101.0,STREET,,,IC,Invest Cont,330.0,,,,WILSHIRE,OGDEN,34.0627,-118.3593
220615678,09/07/2022 12:00:00 AM,09/07/2022 12:00:00 AM,40,6,Hollywood,646,1,230,"ASSAULT WITH DEADLY WEAPON, AGGRAVATED ASSAULT",0411,49,M,H,102.0,SIDEWALK,208.0,RAZOR,IC,Invest Cont,230.0,,,,HOLLYWOOD,COSMO,34.1016,-118.3288
211506611,03/09/2021 12:00:00 AM,03/09/2021 12:00:00 AM,745,15,N Hollywood,1548,1,510,VEHICLE - STOLEN,,0,,,101.0,STREET,,,IC,Invest Cont,510.0,,,,TUJUNGA,MAGNOLIA                     AV,34.165,-118.379
220304695,01/17/2022 12:00:00 AM,01/15/2022 12:00:00 AM,1000,3,Southwest,353,1,510,VEHICLE - STOLEN,,0,,,101.0,STREET,,,IC,Invest Cont,510.0,,,,3600    WELLINGTON                   RD,,34.0199,-118.3383
210913895,09/09/2021 12:00:00 AM,05/26/2021 12:00:00 AM,1300,9,Van Nuys,991,2,354,THEFT OF IDENTITY,0930 1822,80,F,W,501.0,SINGLE FAMILY DWELLING,,,IC,Invest Cont,354.0,,,,3600    CODY                         RD,,34.1358,-118.4636
220406021,03/03/2022 12:00:00 AM,03/02/2022 12:00:00 AM,2030,4,Hollenbeck,491,1,510,VEHICLE - STOLEN,,0,,,101.0,STREET,,,IC,Invest Cont,510.0,,,,1200 S  BOYLE                        AV,,34.0287,-118.2206
221207320,02/25/2022 12:00:00 AM,02/25/2022 12:00:00 AM,1200,12,77th Street,1218,1,341,"THEFT-GRAND ($950.01 & OVER)EXCPT,GUNS,FOWL,LIVESTK,PROD",0344,18,F,H,506.0,ABANDONED BUILDING ABANDONED HOUSE,,,IC,Invest Cont,341.0,,,,5300 S  HOOVER                       ST,,33.9942,-118.2871
221910432,06/02/2022 12:00:00 AM,06/02/2022 12:00:00 AM,13,19,Mission,1985,2,354,THEFT OF IDENTITY,1822 0930,25,F,H,501.0,SINGLE FAMILY DWELLING,,,IC,Invest Cont,354.0,,,,8300    LENNOX                       AV,,34.2216,-118.446
210514434,09/17/2021 12:00:00 AM,09/17/2021 12:00:00 AM,2000,5,Harbor,587,2,888,TRESPASSING,,0,X,X,109.0,PARK/PLAYGROUND,,,AA,Adult Arrest,888.0,,,,GAFFEY,PASEO DEL MAR,33.707,-118.2929
221204006,12/31/2021 12:00:00 AM,12/31/2021 12:00:00 AM,1835,12,77th Street,1283,1,210,ROBBERY,0344 1820 1300,58,F,B,101.0,STREET,307.0,VEHICLE,IC,Invest Cont,210.0,,,,9600 S  WESTERN                      AV,,33.9487,-118.309
241509861,05/01/2024 12:00:00 AM,04/30/2024 12:00:00 AM,1345,15,N Hollywood,1525,2,624,BATTERY - SIMPLE ASSAULT,0913 0416 0400 1258,5,F,H,102.0,SIDEWALK,400.0,"STRONG-ARM (HANDS, FIST, FEET OR BODILY FORCE)",IC,Invest Cont,624.0,,,,6300    RADFORD                      AV,,34.1849,-118.3922
221606487,03/19/2022 12:00:00 AM,03/19/2022 12:00:00 AM,2100,16,Foothill,1612,2,740,"VANDALISM - FELONY ($400 & OVER, ALL CHURCH VANDALISMS)",0329 1307 1822,35,F,H,122.0,"VEHICLE, PASSENGER/TRUCK",306.0,ROCK/THROWN OBJECT,AO,Adult Other,740.0,,,,VAN NUYS                     BL,NORRIS                       ST,34.2704,-118.4162
220714914,10/04/2022 12:00:00 AM,10/02/2022 12:00:00 AM,2200,7,Wilshire,736,1,420,THEFT FROM MOTOR VEHICLE - PETTY ($950 & UNDER),0344 1822,27,F,W,707.0,GARAGE/CARPORT,,,IC,Invest Cont,420.0,,,,300 S  DETROIT                      ST,,34.0683,-118.3451
201205085,01/16/2020 12:00:00 AM,01/15/2020 12:00:00 AM,1800,12,77th Street,1243,2,626,INTIMATE PARTNER - SIMPLE ASSAULT,0400 0416 0913 1813 2000 2027,41,M,H,501.0,SINGLE FAMILY DWELLING,400.0,"STRONG-ARM (HANDS, FIST, FEET OR BODILY FORCE)",IC,Invest Cont,626.0,,,,1600 W  62ND                         ST,,33.9833,-118.3046
221013232,08/25/2022 12:00:00 AM,08/24/2022 12:00:00 AM,2000,10,West Valley,1003,1,310,BURGLARY,1822 0344 0329,31,F,H,502.0,"MULTI-UNIT DWELLING (APARTMENT, DUPLEX, ETC)",500.0,UNKNOWN WEAPON/OTHER WEAPON,IC,Invest Cont,310.0,,,,7900    RESEDA                       BL,,34.2148,-118.5404
220614753,08/17/2022 12:00:00 AM,08/16/2022 12:00:00 AM,1800,6,Hollywood,678,1,510,VEHICLE - STOLEN,,0,,,101.0,STREET,,,IC,Invest Cont,510.0,,,,700 N  KINGSLEY                     DR,,34.0835,-118.3028
221505704,02/11/2022 12:00:00 AM,02/10/2022 12:00:00 AM,1630,15,N Hollywood,1583,1,330,BURGLARY FROM VEHICLE,1300 0344 1609 1307,63,F,W,108.0,PARKING LOT,,,IC,Invest Cont,330.0,,,,11900    MOORPARK                     ST,,34.1501,-118.3932
201505975,02/09/2020 12:00:00 AM,02/02/2020 12:00:00 AM,1730,15,N Hollywood,1543,1,331,THEFT FROM MOTOR VEHICLE - GRAND ($950.01 AND OVER),1300 0344 1606,66,F,O,707.0,GARAGE/CARPORT,,,IC,Invest Cont,331.0,,,,12300    CHANDLER                     BL,,34.1684,-118.4013
230317974,10/11/2023 12:00:00 AM,10/11/2023 12:00:00 AM,1900,3,Southwest,335,2,624,BATTERY - SIMPLE ASSAULT,0913 0361 0416 0446,35,F,H,502.0,"MULTI-UNIT DWELLING (APARTMENT, DUPLEX, ETC)",400.0,"STRONG-ARM (HANDS, FIST, FEET OR BODILY FORCE)",IC,Invest Cont,624.0,,,,2400 W  JEFFERSON                    BL,,34.0276,-118.3229
201704824,01/21/2020 12:00:00 AM,01/09/2020 12:00:00 AM,900,17,Devonshire,1785,1,331,THEFT FROM MOTOR VEHICLE - GRAND ($950.01 AND OVER),0344,63,F,W,108.0,PARKING LOT,,,IC,Invest Cont,331.0,,,,9200    RESEDA                       BL,,34.2373,-118.5361
230917931,12/27/2023 12:00:00 AM,12/27/2023 12:00:00 AM,1835,9,Van Nuys,904,1,442,SHOPLIFTING - PETTY THEFT ($950 & UNDER),0325 1822 0342,0,X,X,405.0,CLOTHING STORE,,,IC,Invest Cont,442.0,,,,7900 N  SEPULVEDA                    BL,,34.2141,-118.4662
200810517,06/11/2020 12:00:00 AM,06/11/2020 12:00:00 AM,815,8,West LA,826,1,310,BURGLARY,1609 0344 1822,77,M,W,501.0,SINGLE FAMILY DWELLING,500.0,UNKNOWN WEAPON/OTHER WEAPON,IC,Invest Cont,310.0,,,,400 S  BUNDY                        DR,,34.0557,-118.4759
240506357,03/03/2024 12:00:00 AM,03/03/2024 12:00:00 AM,230,5,Harbor,541,1,210,ROBBERY,1008 1822 0334 0416 0344 2004 1402,43,M,H,101.0,STREET,211.0,AXE,AA,Adult Arrest,210.0,998.0,,,CHANNEL,GAFFEY,33.7538,-118.2923
240400568,01/23/2024 12:00:00 AM,01/22/2024 12:00:00 AM,1100,4,Hollenbeck,466,1,310,BURGLARY,0329 0344 0358 1402,69,F,H,710.0,OTHER PREMISE,,,IC,Invest Cont,310.0,998.0,,,200 N  FICKETT                      ST,,34.0434,-118.2068
232013767,08/04/2023 12:00:00 AM,08/03/2023 12:00:00 AM,1940,20,Olympic,2073,1,331,THEFT FROM MOTOR VEHICLE - GRAND ($950.01 AND OVER),1822 0344 0385 1602,31,M,H,101.0,STREET,,,IC,Invest Cont,331.0,,,,2900 W  15TH                         ST,,34.0454,-118.3061
231509458,05/07/2023 12:00:00 AM,05/06/2023 12:00:00 AM,205,15,N Hollywood,1503,1,341,"THEFT-GRAND ($950.01 & OVER)EXCPT,GUNS,FOWL,LIVESTK,PROD",0344,30,F,H,207.0,BAR/COCKTAIL/NIGHTCLUB,,,IC,Invest Cont,341.0,,,,12100    HART                         ST,,34.1976,-118.3965
230606766,03/06/2023 12:00:00 AM,03/06/2023 12:00:00 AM,1130,6,Hollywood,648,2,930,CRIMINAL THREATS - NO WEAPON DISPLAYED,1822 0342 0443 0421 1309,34,F,W,101.0,STREET,511.0,VERBAL THREAT,IC,Invest Cont,930.0,,,,SUNSET,WESTERN,34.0981,-118.3092
200205399,01/30/2020 12:00:00 AM,01/29/2020 12:00:00 AM,2200,2,Rampart,204,1,330,BURGLARY FROM VEHICLE,1300 1307 1822 0344 1251,21,F,W,101.0,STREET,,,IC,Invest Cont,330.0,,,,MANZANITA,SANTA MONICA,34.0923,-118.2817
210607083,03/16/2021 12:00:00 AM,03/16/2021 12:00:00 AM,120,6,Hollywood,626,2,626,INTIMATE PARTNER - SIMPLE ASSAULT,0400 0416 2000 1241 1813,25,M,W,501.0,SINGLE FAMILY DWELLING,400.0,"STRONG-ARM (HANDS, FIST, FEET OR BODILY FORCE)",AO,Adult Other,626.0,,,,2000    IVAR                         AV,,34.1069,-118.3283
231110921,07/08/2023 12:00:00 AM,07/08/2023 12:00:00 AM,900,11,Northeast,1134,1,510,VEHICLE - STOLEN,,0,,,101.0,STREET,,,IC,Invest Cont,510.0,,,,2700    ESTARA                       AV,,34.1131,-118.2366
220506775,03/10/2022 12:00:00 AM,03/04/2022 12:00:00 AM,1700,5,Harbor,564,2,354,THEFT OF IDENTITY,1402,45,F,H,602.0,BANK,,,IC,Invest Cont,354.0,,,,300 W  1ST                          ST,,33.7433,-118.2836
211415583,07/25/2021 12:00:00 AM,07/21/2021 12:00:00 AM,930,14,Pacific,1488,2,956,"LETTERS, LEWD  -  TELEPHONE CALLS, LEWD",1501,26,F,B,501.0,SINGLE FAMILY DWELLING,511.0,VERBAL THREAT,IC,Invest Cont,956.0,,,,8800    RAMSGATE                     AV,,33.957,-118.3827
230800897,08/10/2023 12:00:00 AM,08/10/2023 12:00:00 AM,2020,8,West LA,853,1,230,"ASSAULT WITH DEADLY WEAPON, AGGRAVATED ASSAULT",0421 1402,41,M,H,501.0,SINGLE FAMILY DWELLING,511.0,VERBAL THREAT,AA,Adult Arrest,230.0,998.0,,,11500    IOWA                         AV,,34.0437,-118.4503
230106583,02/02/2023 12:00:00 AM,02/02/2023 12:00:00 AM,1720,1,Central,133,1,330,BURGLARY FROM VEHICLE,1609 0344 1300 1822,58,X,O,108.0,PARKING LOT,,,IC,Invest Cont,330.0,,,,200 S  HILL                         ST,,34.0531,-118.2478
220809013,05/03/2022 12:00:00 AM,04/30/2022 12:00:00 AM,1,8,West LA,841,2,354,THEFT OF IDENTITY,1822 0100 0928,24,F,W,502.0,"MULTI-UNIT DWELLING (APARTMENT, DUPLEX, ETC)",,,IC,Invest Cont,354.0,,,,1300    AMHERST                      ST,,34.0422,-118.4669
201812262,06/06/2020 12:00:00 AM,06/06/2020 12:00:00 AM,1930,18,Southeast,1849,2,740,"VANDALISM - FELONY ($400 & OVER, ALL CHURCH VANDALISMS)",1822 0417 0329,0,X,X,122.0,"VEHICLE, PASSENGER/TRUCK",400.0,"STRONG-ARM (HANDS, FIST, FEET OR BODILY FORCE)",AO,Adult Other,740.0,,,,2000 E  114TH                        ST,,33.9315,-118.2363
220818403,12/21/2022 12:00:00 AM,12/21/2022 12:00:00 AM,323,8,West LA,881,1,442,SHOPLIFTING - PETTY THEFT ($950 & UNDER),1822 0325 0346,0,X,X,301.0,GAS STATION,400.0,"STRONG-ARM (HANDS, FIST, FEET OR BODILY FORCE)",IC,Invest Cont,442.0,,,,11700 W  OLYMPIC                      BL,,34.0342,-118.4478
211315329,08/28/2021 12:00:00 AM,08/28/2021 12:00:00 AM,1200,13,Newton,1341,2,740,"VANDALISM - FELONY ($400 & OVER, ALL CHURCH VANDALISMS)",0329 1822 1307,38,M,H,122.0,"VEHICLE, PASSENGER/TRUCK",,,IC,Invest Cont,740.0,,,,39TH                         ST,BROADWAY,34.0121,-118.2768
240209678,05/10/2024 12:00:00 AM,05/08/2024 12:00:00 AM,1717,2,Rampart,265,2,956,"LETTERS, LEWD  -  TELEPHONE CALLS, LEWD",0913 1906,22,F,B,504.0,OTHER RESIDENCE,,,IC,Invest Cont,956.0,,,,ALVARADO,8TH,34.0549,-118.2778
240210124,05/23/2024 12:00:00 AM,05/18/2024 12:00:00 AM,1530,2,Rampart,217,1,440,THEFT PLAIN - PETTY ($950 & UNDER),1822 0344 0394,25,F,O,145.0,MAIL BOX,,,IC,Invest Cont,440.0,,,,400 N  BONNIE BRAE                  ST,,34.0695,-118.2655
231014109,09/23/2023 12:00:00 AM,03/01/2023 12:00:00 AM,100,10,West Valley,1047,1,341,"THEFT-GRAND ($950.01 & OVER)EXCPT,GUNS,FOWL,LIVESTK,PROD",0344 1822 0329 1602,0,M,O,109.0,PARK/PLAYGROUND,,,IC,Invest Cont,341.0,,,,17100    HATTERAS                     ST,,34.1763,-118.5055
230414143,11/05/2023 12:00:00 AM,11/05/2023 12:00:00 AM,1920,4,Hollenbeck,408,2,740,"VANDALISM - FELONY ($400 & OVER, ALL CHURCH VANDALISMS)",1300 0329,33,M,B,101.0,STREET,,,IC,Invest Cont,740.0,,,,GUARDIA                      AV,HUNTINGTON DR,34.0887,-118.1785
230127209,12/26/2023 12:00:00 AM,12/25/2023 12:00:00 AM,2200,1,Central,111,1,510,VEHICLE - STOLEN,,0,,,123.0,PARKING UNDERGROUND/BUILDING,,,IC,Invest Cont,510.0,,,,500 N  FIGUEROA                     ST,,34.0615,-118.247
230607401,03/20/2023 12:00:00 AM,03/20/2023 12:00:00 AM,1700,6,Hollywood,637,2,888,TRESPASSING,1822 2004,0,F,H,506.0,ABANDONED BUILDING ABANDONED HOUSE,,,IC,Invest Cont,888.0,,,,1700    VISTA DEL MAR                ST,,34.1028,-118.3239
241905284,02/02/2024 12:00:00 AM,01/13/2024 12:00:00 AM,1030,19,Mission,1972,2,813,CHILD ANNOYING (17YRS & UNDER),0558 0913 1259,16,F,H,501.0,SINGLE FAMILY DWELLING,,,IC,Invest Cont,813.0,,,,8900    LEMONA                       AV,,34.2327,-118.4596
220311817,06/06/2022 12:00:00 AM,01/20/2022 12:00:00 AM,1400,3,Southwest,361,2,354,THEFT OF IDENTITY,,0,X,X,101.0,STREET,,,AA,Adult Arrest,354.0,,,,5000    OBAMA                        BL,,34.0215,-118.3515
211613524,11/15/2021 12:00:00 AM,11/13/2021 12:00:00 AM,1808,16,Foothill,1689,1,331,THEFT FROM MOTOR VEHICLE - GRAND ($950.01 AND OVER),0385 0344,44,M,W,203.0,OTHER BUSINESS,,,IC,Invest Cont,331.0,,,,8500    SAN FERNANDO                 RD,,34.2243,-118.3758
211818065,10/06/2021 12:00:00 AM,10/05/2021 12:00:00 AM,1800,18,Southeast,1802,1,330,BURGLARY FROM VEHICLE,1202 1822 1609 0344 0329,64,F,B,707.0,GARAGE/CARPORT,,,IC,Invest Cont,330.0,,,,9100 S  FIGUEROA                     ST,,33.9535,-118.2827
201505315,01/28/2020 12:00:00 AM,01/27/2020 12:00:00 AM,1900,15,N Hollywood,1504,1,510,VEHICLE - STOLEN,,0,,,123.0,PARKING UNDERGROUND/BUILDING,,,IC,Invest Cont,510.0,,,,7300    HINDS                        AV,,34.203,-118.3911
221819702,10/26/2022 12:00:00 AM,10/23/2022 12:00:00 AM,1200,18,Southeast,1801,2,354,THEFT OF IDENTITY,1822 1202 0100,63,F,W,501.0,SINGLE FAMILY DWELLING,,,IC,Invest Cont,354.0,,,,8900    ORCHARD                      AV,,33.9565,-118.2881
221415622,08/24/2022 12:00:00 AM,08/24/2022 12:00:00 AM,2240,14,Pacific,1407,2,626,INTIMATE PARTNER - SIMPLE ASSAULT,2000 0400,28,F,H,502.0,"MULTI-UNIT DWELLING (APARTMENT, DUPLEX, ETC)",400.0,"STRONG-ARM (HANDS, FIST, FEET OR BODILY FORCE)",IC,Invest Cont,626.0,,,,3700    CLARINGTON                   AV,,34.0248,-118.4021
220516165,11/19/2022 12:00:00 AM,11/02/2022 12:00:00 AM,1357,5,Harbor,518,2,354,THEFT OF IDENTITY,1822 0922 0930,66,F,B,501.0,SINGLE FAMILY DWELLING,,,IC,Invest Cont,354.0,,,,1500    BAYPOINT                     AV,,33.7936,-118.2587
211224348,11/30/2021 12:00:00 AM,11/30/2021 12:00:00 AM,1930,12,77th Street,1257,1,210,ROBBERY,1822 0400 0416 0344,60,M,H,101.0,STREET,212.0,BOTTLE,IC,Invest Cont,210.0,,,,76TH                         ST,FIGUEROA                     ST,33.9708,-118.2827
231606829,04/01/2023 12:00:00 AM,04/01/2023 12:00:00 AM,225,16,Foothill,1637,1,310,BURGLARY,1822 0344 0352 1402,0,M,O,501.0,SINGLE FAMILY DWELLING,,,IC,Invest Cont,310.0,998.0,,,8300    FOOTHILL                     BL,,34.2634,-118.3074
232111047,06/29/2023 12:00:00 AM,06/29/2023 12:00:00 AM,49,21,Topanga,2187,1,310,BURGLARY,0314,62,F,W,501.0,SINGLE FAMILY DWELLING,,,AA,Adult Arrest,310.0,,,,21900    DE LA OSA                    ST,,34.1594,-118.6045
241106451,03/04/2024 12:00:00 AM,03/01/2024 12:00:00 AM,1200,11,Northeast,1171,1,420,THEFT FROM MOTOR VEHICLE - PETTY ($950 & UNDER),,0,,,101.0,STREET,,,IC,Invest Cont,420.0,,,,1400    MICHELTORENA                 ST,,34.0876,-118.2759
220108388,03/15/2022 12:00:00 AM,03/15/2022 12:00:00 AM,1435,1,Central,164,1,421,THEFT FROM MOTOR VEHICLE - ATTEMPT,1606 0321 1822,47,M,W,101.0,STREET,,,IC,Invest Cont,421.0,,,,600 S  MAIN                         ST,,34.0453,-118.2499
231418996,10/01/2023 12:00:00 AM,09/30/2023 12:00:00 AM,120,14,Pacific,1473,1,420,THEFT FROM MOTOR VEHICLE - PETTY ($950 & UNDER),0344,38,F,W,501.0,SINGLE FAMILY DWELLING,,,IC,Invest Cont,420.0,,,,7500 W  82ND                         ST,,33.9622,-118.4282
230609023,04/27/2023 12:00:00 AM,04/27/2023 12:00:00 AM,755,6,Hollywood,648,2,888,TRESPASSING,2004 1501 0910,0,X,X,909.0,MTA - RED LINE - HOLLYWOOD/WESTERN,,,IC,Invest Cont,888.0,,,,5400    HOLLYWOOD                    BL,,34.1017,-118.3072
210607012,03/14/2021 12:00:00 AM,03/14/2021 12:00:00 AM,5,6,Hollywood,667,1,420,THEFT FROM MOTOR VEHICLE - PETTY ($950 & UNDER),,0,,,108.0,PARKING LOT,,,IC,Invest Cont,420.0,,,,1200 N  BEACHWOOD                    DR,,34.0926,-118.3212
200401007,08/23/2020 12:00:00 AM,08/23/2020 12:00:00 AM,700,4,Hollenbeck,411,1,230,"ASSAULT WITH DEADLY WEAPON, AGGRAVATED ASSAULT",0329 0416 0334 1402 1822,35,F,H,203.0,OTHER BUSINESS,500.0,UNKNOWN WEAPON/OTHER WEAPON,AO,Adult Other,230.0,998.0,,,1900 N  BROADWAY,,34.0766,-118.2228
231224701,12/11/2023 12:00:00 AM,12/09/2023 12:00:00 AM,2330,12,77th Street,1209,1,510,VEHICLE - STOLEN,,0,,,101.0,STREET,,,IC,Invest Cont,510.0,,,,4800 S  FIGUEROA                     ST,,33.9992,-118.2827
220913109,08/27/2022 12:00:00 AM,08/20/2022 12:00:00 AM,1400,9,Van Nuys,935,2,354,THEFT OF IDENTITY,1822,18,M,H,501.0,SINGLE FAMILY DWELLING,,,IC,Invest Cont,354.0,,,,14100    SYLVAN                       ST,,34.1847,-118.44
201710562,06/29/2020 12:00:00 AM,06/19/2020 12:00:00 AM,1000,17,Devonshire,1764,1,310,BURGLARY,1607 0321 0344 0352,25,F,H,221.0,PUBLIC STORAGE,,,IC,Invest Cont,310.0,,,,9300    SHIRLEY                      AV,,34.2391,-118.558
231408582,04/16/2023 12:00:00 AM,04/15/2023 12:00:00 AM,830,14,Pacific,1488,1,230,"ASSAULT WITH DEADLY WEAPON, AGGRAVATED ASSAULT",0445 0603 0913 0361,40,M,B,502.0,"MULTI-UNIT DWELLING (APARTMENT, DUPLEX, ETC)",309.0,BOARD,IC,Invest Cont,230.0,,,,9000    RAMSGATE                     AV,,33.9553,-118.3827
212108856,05/13/2021 12:00:00 AM,05/13/2021 12:00:00 AM,1730,21,Topanga,2111,2,626,INTIMATE PARTNER - SIMPLE ASSAULT,2000 1241 0416 1813,71,M,O,501.0,SINGLE FAMILY DWELLING,400.0,"STRONG-ARM (HANDS, FIST, FEET OR BODILY FORCE)",IC,Invest Cont,626.0,,,,23000    ELKWOOD                      ST,,34.2126,-118.6278
212015644,10/13/2021 12:00:00 AM,10/12/2021 12:00:00 AM,2003,20,Olympic,2042,2,900,VIOLATION OF COURT ORDER,0913 2038,44,F,B,502.0,"MULTI-UNIT DWELLING (APARTMENT, DUPLEX, ETC)",,,AO,Adult Other,900.0,,,,800 S  ST ANDREWS                   PL,,34.0564,-118.3131
231204670,01/13/2023 12:00:00 AM,01/12/2023 12:00:00 AM,1900,12,77th Street,1283,1,510,VEHICLE - STOLEN,,0,,,108.0,PARKING LOT,,,IC,Invest Cont,510.0,,,,92ND                         ST,WESTERN                      AV,33.9527,-118.309
221409981,04/27/2022 12:00:00 AM,04/23/2022 12:00:00 AM,100,14,Pacific,1412,1,480,BIKE - STOLEN,0344,41,M,O,102.0,SIDEWALK,,,IC,Invest Cont,480.0,,,,OCEAN FRONT                  WK,NAVY                         ST,33.9958,-118.4816
231912214,07/29/2023 12:00:00 AM,07/28/2023 12:00:00 AM,2300,19,Mission,1983,1,510,VEHICLE - STOLEN,,0,,,101.0,STREET,,,IC,Invest Cont,510.0,,,,BURNET,PLUMMER,34.2249,-118.4637
241807607,03/17/2024 12:00:00 AM,03/17/2024 12:00:00 AM,945,18,Southeast,1826,1,210,ROBBERY,0945 0334 1822 0344 0325,0,X,X,403.0,DRUG STORE,207.0,OTHER KNIFE,IC,Invest Cont,210.0,,,,1600 E  103RD                        ST,,33.9485,-118.2461
220817124,11/04/2022 12:00:00 AM,10/28/2022 12:00:00 AM,1400,8,West LA,835,1,440,THEFT PLAIN - PETTY ($950 & UNDER),2032 0344 0394 1822,41,M,W,502.0,"MULTI-UNIT DWELLING (APARTMENT, DUPLEX, ETC)",,,IC,Invest Cont,440.0,,,,1700 S  BENTLEY                      AV,,34.0479,-118.4433
201204709,01/10/2020 12:00:00 AM,01/10/2020 12:00:00 AM,1050,12,77th Street,1233,1,442,SHOPLIFTING - PETTY THEFT ($950 & UNDER),0325 1822,0,X,X,243.0,"DIY CENTER (LOWE'S,HOME DEPOT,OSH,CONTRACTORS WAREHOUSE)",,,IC,Invest Cont,442.0,,,,1800 W  SLAUSON                      AV,,33.9892,-118.3089
230916684,11/24/2023 12:00:00 AM,11/24/2023 12:00:00 AM,530,9,Van Nuys,989,1,510,VEHICLE - STOLEN,,0,,,101.0,STREET,,,IC,Invest Cont,510.0,,,,13400    MOORPARK                     ST,,34.1503,-118.4249
220104652,12/22/2021 12:00:00 AM,12/19/2021 12:00:00 AM,920,1,Central,162,1,341,"THEFT-GRAND ($950.01 & OVER)EXCPT,GUNS,FOWL,LIVESTK,PROD",0344 2004,29,F,H,210.0,RESTAURANT/FAST FOOD,,,IC,Invest Cont,341.0,,,,800 S  FLOWER                       ST,,34.0473,-118.2601
211007121,04/12/2021 12:00:00 AM,02/23/2021 12:00:00 AM,1845,10,West Valley,1029,2,354,THEFT OF IDENTITY,1822 0928,61,M,H,502.0,"MULTI-UNIT DWELLING (APARTMENT, DUPLEX, ETC)",,,IC,Invest Cont,354.0,,,,7100    HASKELL                      AV,,34.1994,-118.4749
220718379,12/29/2022 12:00:00 AM,12/28/2022 12:00:00 AM,2300,7,Wilshire,762,1,330,BURGLARY FROM VEHICLE,1606 1300 1822 0344,59,M,W,101.0,STREET,,,IC,Invest Cont,330.0,,,,1500 S  POINT VIEW                   ST,,34.0503,-118.3704
232013427,07/29/2023 12:00:00 AM,07/29/2023 12:00:00 AM,1830,20,Olympic,2071,1,420,THEFT FROM MOTOR VEHICLE - PETTY ($950 & UNDER),,0,,,101.0,STREET,,,IC,Invest Cont,420.0,,,,1500 S  VAN NESS                     AV,,34.0454,-118.3157
230806541,02/27/2023 12:00:00 AM,02/26/2023 12:00:00 AM,800,8,West LA,807,2,354,THEFT OF IDENTITY,0930 1822,35,M,W,501.0,SINGLE FAMILY DWELLING,,,IC,Invest Cont,354.0,,,,2400    BENEDICT CANYON              DR,,34.1126,-118.4441
221718272,12/26/2022 12:00:00 AM,12/10/2022 12:00:00 AM,1900,17,Devonshire,1745,1,310,BURGLARY,1501 1202 0344,74,M,O,502.0,"MULTI-UNIT DWELLING (APARTMENT, DUPLEX, ETC)",,,IC,Invest Cont,310.0,,,,17300    CHATSWORTH                   ST,,34.2648,-118.511
241705085,01/28/2024 12:00:00 AM,01/28/2024 12:00:00 AM,900,17,Devonshire,1781,1,230,"ASSAULT WITH DEADLY WEAPON, AGGRAVATED ASSAULT",0447 0913 1803 2004,69,M,O,213.0,WAREHOUSE,221.0,GLASS,AA,Adult Arrest,230.0,,,,20100    NORDHOFF                     ST,,34.2318,-118.5711
231204752,01/14/2023 12:00:00 AM,01/14/2023 12:00:00 AM,930,12,77th Street,1245,2,901,VIOLATION OF RESTRAINING ORDER,2038 1402,29,M,H,501.0,SINGLE FAMILY DWELLING,,,IC,Invest Cont,901.0,998.0,,,1100 W  67TH                         ST,,33.9785,-118.2937
221612469,09/16/2022 12:00:00 AM,09/16/2022 12:00:00 AM,1400,16,Foothill,1605,2,624,BATTERY - SIMPLE ASSAULT,0416 0913,63,M,H,501.0,SINGLE FAMILY DWELLING,400.0,"STRONG-ARM (HANDS, FIST, FEET OR BODILY FORCE)",IC,Invest Cont,624.0,,,,11600    REMINGTON                    ST,,34.2834,-118.3853
230611110,06/13/2023 12:00:00 AM,06/12/2023 12:00:00 AM,1800,6,Hollywood,668,2,740,"VANDALISM - FELONY ($400 & OVER, ALL CHURCH VANDALISMS)",1822 0329,0,X,X,203.0,OTHER BUSINESS,,,IC,Invest Cont,740.0,,,,1300 N  WESTERN                      AV,,34.0944,-118.3125
211217034,08/03/2021 12:00:00 AM,08/03/2021 12:00:00 AM,1650,12,77th Street,1211,1,331,THEFT FROM MOTOR VEHICLE - GRAND ($950.01 AND OVER),1300 0344 0346,58,M,B,108.0,PARKING LOT,,,IC,Invest Cont,331.0,,,,5700    2ND                          AV,,33.9906,-118.3193
230317008,09/21/2023 12:00:00 AM,09/07/2023 12:00:00 AM,940,3,Southwest,316,1,330,BURGLARY FROM VEHICLE,1822 1307 1300 0344 1302,61,M,H,116.0,OTHER/OUTSIDE,,,IC,Invest Cont,330.0,,,,2200 S  HARVARD                      BL,,34.0364,-118.3065
230218538,10/04/2023 12:00:00 AM,10/04/2023 12:00:00 AM,5,2,Rampart,245,1,230,"ASSAULT WITH DEADLY WEAPON, AGGRAVATED ASSAULT",1822 1202 0334 0432 0411 2047,74,M,B,102.0,SIDEWALK,223.0,UNKNOWN TYPE CUTTING INSTRUMENT,IC,Invest Cont,230.0,,,,ALVARADO                     ST,6TH                          ST,34.0595,-118.2749
241207410,02/28/2024 12:00:00 AM,02/28/2024 12:00:00 AM,500,12,77th Street,1255,1,236,INTIMATE PARTNER - AGGRAVATED ASSAULT,2000 1813 0408 0400 0416 0446 0913,24,F,H,501.0,SINGLE FAMILY DWELLING,400.0,"STRONG-ARM (HANDS, FIST, FEET OR BODILY FORCE)",AA,Adult Arrest,236.0,,,,1000 W  75TH                         ST,,33.9719,-118.2919
211007740,05/06/2021 12:00:00 AM,04/24/2021 12:00:00 AM,2025,10,West Valley,1083,1,341,"THEFT-GRAND ($950.01 & OVER)EXCPT,GUNS,FOWL,LIVESTK,PROD",1822 0344 0394 0352,54,F,W,119.0,"PORCH, RESIDENTIAL",,,IC,Invest Cont,341.0,,,,18500    WELLS                        DR,,34.1632,-118.5375
220305813,02/10/2022 12:00:00 AM,02/10/2022 12:00:00 AM,1415,3,Southwest,391,1,230,"ASSAULT WITH DEADLY WEAPON, AGGRAVATED ASSAULT",1100 1822 0334 1309 0302 0605 0450,0,F,B,101.0,STREET,102.0,HAND GUN,IC,Invest Cont,230.0,,,,4200 W  DON TOMASO                   DR,,34.0048,-118.3473
201909819,05/15/2020 12:00:00 AM,05/09/2020 12:00:00 AM,2200,19,Mission,1917,1,341,"THEFT-GRAND ($950.01 & OVER)EXCPT,GUNS,FOWL,LIVESTK,PROD",1202 0344 1822,69,M,W,510.0,NURSING/CONVALESCENT/RETIREMENT HOME,,,IC,Invest Cont,341.0,,,,14000    ASTORIA                      ST,,34.312,-118.4383
200104240,01/04/2020 12:00:00 AM,01/02/2020 12:00:00 AM,1100,1,Central,105,1,331,THEFT FROM MOTOR VEHICLE - GRAND ($950.01 AND OVER),0344,30,M,H,108.0,PARKING LOT,,,IC,Invest Cont,331.0,,,,CASANOVA                     ST,BROADWAY,34.0722,-118.2295
232009371,05/06/2023 12:00:00 AM,05/06/2023 12:00:00 AM,1230,20,Olympic,2034,1,440,THEFT PLAIN - PETTY ($950 & UNDER),1822 0344 2032,28,F,W,735.0,NIGHT CLUB (OPEN EVENINGS ONLY),,,IC,Invest Cont,440.0,,,,3500    WILSHIRE                     BL,,34.0617,-118.3004
240906659,03/11/2024 12:00:00 AM,03/10/2024 12:00:00 AM,1400,9,Van Nuys,939,1,331,THEFT FROM MOTOR VEHICLE - GRAND ($950.01 AND OVER),0344 0385 1602,61,F,H,101.0,STREET,,,IC,Invest Cont,331.0,,,,13100    VICTORY                      BL,,34.1867,-118.4181
221206686,02/20/2022 12:00:00 AM,02/20/2022 12:00:00 AM,1030,12,77th Street,1239,2,626,INTIMATE PARTNER - SIMPLE ASSAULT,1814 0913 0432 0416 0444 2000,23,F,B,501.0,SINGLE FAMILY DWELLING,400.0,"STRONG-ARM (HANDS, FIST, FEET OR BODILY FORCE)",AA,Adult Arrest,626.0,,,,5800    DENVER                       AV,,33.9892,-118.2838
232116222,11/09/2023 12:00:00 AM,11/09/2023 12:00:00 AM,100,21,Topanga,2136,2,626,INTIMATE PARTNER - SIMPLE ASSAULT,0416 0447 1813 2000,28,M,H,102.0,SIDEWALK,400.0,"STRONG-ARM (HANDS, FIST, FEET OR BODILY FORCE)",IC,Invest Cont,626.0,,,,7200    TOPANGA CANYON               BL,,34.201,-118.606
201504451,01/09/2020 12:00:00 AM,01/09/2020 12:00:00 AM,1645,15,N Hollywood,1599,1,330,BURGLARY FROM VEHICLE,1300 0344 1609 1307,25,F,W,108.0,PARKING LOT,,,IC,Invest Cont,330.0,,,,3400    CAHUENGA                     BL,,34.1316,-118.352
211319451,11/25/2021 12:00:00 AM,11/25/2021 12:00:00 AM,600,13,Newton,1364,2,740,"VANDALISM - FELONY ($400 & OVER, ALL CHURCH VANDALISMS)",0913 1814 0329 2000,32,F,B,501.0,SINGLE FAMILY DWELLING,,,AO,Adult Other,740.0,,,,4900 S  CENTRAL                      AV,,33.9993,-118.2565
211111282,07/28/2021 12:00:00 AM,07/27/2021 12:00:00 AM,753,11,Northeast,1143,2,745,VANDALISM - MISDEAMEANOR ($399 OR UNDER),0329,26,F,J,101.0,STREET,,,IC,Invest Cont,745.0,,,,2300    HYPERION                     AV,,34.1053,-118.2785
200605530,02/02/2020 12:00:00 AM,02/02/2020 12:00:00 AM,2030,6,Hollywood,646,2,624,BATTERY - SIMPLE ASSAULT,0400 0416 0913 1802,27,M,H,210.0,RESTAURANT/FAST FOOD,400.0,"STRONG-ARM (HANDS, FIST, FEET OR BODILY FORCE)",IC,Invest Cont,624.0,,,,1500 N  CAHUENGA                     BL,,34.098,-118.3295
220108651,03/20/2022 12:00:00 AM,03/19/2022 12:00:00 AM,2300,1,Central,192,2,740,"VANDALISM - FELONY ($400 & OVER, ALL CHURCH VANDALISMS)",0329 1822,33,M,H,122.0,"VEHICLE, PASSENGER/TRUCK",,,IC,Invest Cont,740.0,,,,1500 S  HOPE                         ST,,34.0371,-118.2672
220911974,07/29/2022 12:00:00 AM,07/29/2022 12:00:00 AM,1350,9,Van Nuys,939,1,440,THEFT PLAIN - PETTY ($950 & UNDER),1822 0344,26,M,H,210.0,RESTAURANT/FAST FOOD,,,IC,Invest Cont,440.0,,,,13200    BURBANK                      BL,,34.1721,-118.4206
220612309,06/27/2022 12:00:00 AM,06/15/2022 12:00:00 AM,1,6,Hollywood,628,1,330,BURGLARY FROM VEHICLE,1300 0329 0344 1822 1601 1602,30,F,W,123.0,PARKING UNDERGROUND/BUILDING,,,IC,Invest Cont,330.0,,,,2200 N  BEACHWOOD                    DR,,34.1101,-118.3215
200206358,02/17/2020 12:00:00 AM,02/17/2020 12:00:00 AM,1038,2,Rampart,245,1,230,"ASSAULT WITH DEADLY WEAPON, AGGRAVATED ASSAULT",1822 1206 1218 2033 0411,30,M,H,109.0,PARK/PLAYGROUND,200.0,KNIFE WITH BLADE 6INCHES OR LESS,IC,Invest Cont,230.0,,,,6TH                          ST,ALVARADO,34.0601,-118.2761
220200678,04/08/2022 12:00:00 AM,04/07/2022 12:00:00 AM,1300,2,Rampart,201,1,310,BURGLARY,1822 0344 1608,61,M,A,501.0,SINGLE FAMILY DWELLING,400.0,"STRONG-ARM (HANDS, FIST, FEET OR BODILY FORCE)",IC,Invest Cont,310.0,998.0,,,1000 N  KENMORE                      AV,,34.0895,-118.297
201510677,05/26/2020 12:00:00 AM,05/26/2020 12:00:00 AM,1500,15,N Hollywood,1522,2,624,BATTERY - SIMPLE ASSAULT,0400 0416,25,M,B,602.0,BANK,400.0,"STRONG-ARM (HANDS, FIST, FEET OR BODILY FORCE)",AO,Adult Other,624.0,,,,13000    VICTORY                      BL,,34.1936,-118.4166
200322107,12/22/2020 12:00:00 AM,12/22/2020 12:00:00 AM,1455,3,Southwest,311,2,624,BATTERY - SIMPLE ASSAULT,1822 0444 0429 1309 1251,31,F,O,102.0,SIDEWALK,400.0,"STRONG-ARM (HANDS, FIST, FEET OR BODILY FORCE)",IC,Invest Cont,624.0,,,,BLACKWELDER                  ST,HAUSER                       BL,34.0287,-118.3641
240404549,01/18/2024 12:00:00 AM,01/15/2024 12:00:00 AM,1100,4,Hollenbeck,456,1,420,THEFT FROM MOTOR VEHICLE - PETTY ($950 & UNDER),,0,,,101.0,STREET,,,IC,Invest Cont,420.0,,,,4TH,WABASH,34.0499,-118.2009
221820422,11/09/2022 12:00:00 AM,11/08/2022 12:00:00 AM,1,18,Southeast,1862,2,354,THEFT OF IDENTITY,0100 1822 0922,30,M,W,501.0,SINGLE FAMILY DWELLING,,,IC,Invest Cont,354.0,,,,200 W  117TH                        ST,,33.9274,-118.2761
211418857,09/19/2021 12:00:00 AM,09/09/2021 12:00:00 AM,600,14,Pacific,1496,1,331,THEFT FROM MOTOR VEHICLE - GRAND ($950.01 AND OVER),1822 0358 0344 1300,40,M,W,102.0,SIDEWALK,500.0,UNKNOWN WEAPON/OTHER WEAPON,IC,Invest Cont,331.0,,,,9800    VICKSBURG                    AV,,33.9464,-118.394
232104563,01/17/2023 12:00:00 AM,12/13/2022 12:00:00 AM,1500,21,Topanga,2172,1,440,THEFT PLAIN - PETTY ($950 & UNDER),0344,47,F,O,721.0,HIGH SCHOOL,,,IC,Invest Cont,440.0,,,,5400    VALLEY CIRCLE                BL,,34.1684,-118.6426
200516884,11/19/2020 12:00:00 AM,11/18/2020 12:00:00 AM,1500,5,Harbor,569,1,420,THEFT FROM MOTOR VEHICLE - PETTY ($950 & UNDER),1300 0344 1218 0216,40,F,H,108.0,PARKING LOT,,,IC,Invest Cont,420.0,,,,1100    NAGOYA                       WY,,33.7322,-118.2769
200116856,08/24/2020 12:00:00 AM,08/20/2020 12:00:00 AM,1400,1,Central,176,1,341,"THEFT-GRAND ($950.01 & OVER)EXCPT,GUNS,FOWL,LIVESTK,PROD",0344 0104 1822 0380,0,X,X,203.0,OTHER BUSINESS,,,IC,Invest Cont,341.0,,,,800    MAPLE                        AV,,34.0395,-118.2527
231016713,12/03/2023 12:00:00 AM,12/02/2023 12:00:00 AM,1600,10,West Valley,1008,1,310,BURGLARY,1822 0344 1602,51,F,W,221.0,PUBLIC STORAGE,,,IC,Invest Cont,310.0,,,,7600    BALBOA                       BL,,34.2084,-118.5012
201608191,04/17/2020 12:00:00 AM,04/16/2020 12:00:00 AM,1430,16,Foothill,1656,2,354,THEFT OF IDENTITY,1822 0930,37,F,O,501.0,SINGLE FAMILY DWELLING,,,IC,Invest Cont,354.0,,,,7800    APPERSON                     ST,,34.256,-118.3027
230401633,11/25/2023 12:00:00 AM,11/17/2023 12:00:00 AM,1830,4,Hollenbeck,412,1,310,BURGLARY,0344 1402 0321,26,F,H,501.0,SINGLE FAMILY DWELLING,,,IC,Invest Cont,310.0,998.0,,,200 N  AVENUE 25,,34.078,-118.2181
210908670,04/28/2021 12:00:00 AM,08/05/2020 12:00:00 AM,900,9,Van Nuys,914,2,813,CHILD ANNOYING (17YRS & UNDER),1259 1501,15,F,H,502.0,"MULTI-UNIT DWELLING (APARTMENT, DUPLEX, ETC)",,,AA,Adult Arrest,813.0,,,,6900 N  SEPULVEDA                    BL,,34.1957,-118.4662
231511710,06/30/2023 12:00:00 AM,06/28/2023 12:00:00 AM,2000,15,N Hollywood,1559,1,121,"RAPE, FORCIBLE",0527 1814 0913 1804 1402,25,F,W,501.0,SINGLE FAMILY DWELLING,400.0,"STRONG-ARM (HANDS, FIST, FEET OR BODILY FORCE)",IC,Invest Cont,121.0,998.0,,,5100    BILOXI                       AV,,34.1631,-118.3583
241004295,01/06/2024 12:00:00 AM,01/03/2024 12:00:00 AM,400,10,West Valley,1094,1,330,BURGLARY FROM VEHICLE,0344 1822 1300 0329,46,M,W,101.0,STREET,,,IC,Invest Cont,330.0,,,,4100    ALONZO                       AV,,34.1449,-118.5252
240210740,06/08/2024 12:00:00 AM,06/07/2024 12:00:00 AM,2000,2,Rampart,218,1,330,BURGLARY FROM VEHICLE,1609 1307 1300 0344 1822,31,M,H,108.0,PARKING LOT,,,IC,Invest Cont,330.0,,,,LEMOYNE                      ST,PARK                         AV,34.0759,-118.2604
200117651,09/07/2020 12:00:00 AM,09/07/2020 12:00:00 AM,2100,1,Central,171,2,890,FAILURE TO YIELD,1501,0,X,X,101.0,STREET,,,IC,Invest Cont,890.0,,,,GEORGIA,OLYMPIC,34.0459,-118.2669
221405283,01/27/2022 12:00:00 AM,01/25/2022 12:00:00 AM,1155,14,Pacific,1452,1,341,"THEFT-GRAND ($950.01 & OVER)EXCPT,GUNS,FOWL,LIVESTK,PROD",0344 2032,39,F,W,117.0,BEACH,,,IC,Invest Cont,341.0,,,,00    LIGHTHOUSE                   ST,,33.9729,-118.4613
201711789,08/01/2020 12:00:00 AM,08/01/2020 12:00:00 AM,1400,17,Devonshire,1799,2,624,BATTERY - SIMPLE ASSAULT,0416 0913 1810 1251,20,M,H,501.0,SINGLE FAMILY DWELLING,400.0,"STRONG-ARM (HANDS, FIST, FEET OR BODILY FORCE)",IC,Invest Cont,624.0,,,,16000    PARTHENIA                    ST,,34.2284,-118.4805
230412530,09/18/2023 12:00:00 AM,09/17/2023 12:00:00 AM,1830,4,Hollenbeck,488,1,510,VEHICLE - STOLEN,,0,,,101.0,STREET,,,IC,Invest Cont,510.0,,,,8TH,LORENA,34.0216,-118.2048
201414691,07/31/2020 12:00:00 AM,07/26/2020 12:00:00 AM,1924,14,Pacific,1406,2,745,VANDALISM - MISDEAMEANOR ($399 OR UNDER),0329,0,X,X,203.0,OTHER BUSINESS,,,IC,Invest Cont,745.0,,,,3300    MOTOR                        AV,,34.024,-118.409
230818421,12/23/2023 12:00:00 AM,12/23/2023 12:00:00 AM,947,8,West LA,852,1,442,SHOPLIFTING - PETTY THEFT ($950 & UNDER),2028 0325,0,X,X,203.0,OTHER BUSINESS,,,AA,Adult Arrest,442.0,,,,11800    SANTA MONICA                 BL,,34.0428,-118.4582
202111095,07/02/2020 12:00:00 AM,06/26/2020 12:00:00 AM,1000,21,Topanga,2134,1,420,THEFT FROM MOTOR VEHICLE - PETTY ($950 & UNDER),,0,,,101.0,STREET,,,IC,Invest Cont,420.0,,,,SHERMAN                      WY,FARRALONE                    AV,34.201,-118.6103
221608353,05/14/2022 12:00:00 AM,05/14/2022 12:00:00 AM,1200,16,Foothill,1663,2,624,BATTERY - SIMPLE ASSAULT,0416 0913,18,F,H,701.0,HOSPITAL,400.0,"STRONG-ARM (HANDS, FIST, FEET OR BODILY FORCE)",AO,Adult Other,624.0,,,,9400    SAN FERNANDO                 RD,,34.24,-118.3944
211416446,08/11/2021 12:00:00 AM,08/02/2021 12:00:00 AM,1900,14,Pacific,1483,1,480,BIKE - STOLEN,0344,26,F,W,707.0,GARAGE/CARPORT,,,IC,Invest Cont,480.0,,,,7200 W  MANCHESTER                   AV,,33.9597,-118.4201
201819934,11/02/2020 12:00:00 AM,11/02/2020 12:00:00 AM,1420,18,Southeast,1822,1,230,"ASSAULT WITH DEADLY WEAPON, AGGRAVATED ASSAULT",0906 1822 1310 0450,22,M,B,101.0,STREET,109.0,SEMI-AUTOMATIC PISTOL,IC,Invest Cont,230.0,998.0,,,103RD                        ST,MAIN                         ST,33.9429,-118.2739
220716851,11/22/2022 12:00:00 AM,11/21/2022 12:00:00 AM,2000,7,Wilshire,734,2,354,THEFT OF IDENTITY,1822 0930,23,M,Z,501.0,SINGLE FAMILY DWELLING,,,IC,Invest Cont,354.0,,,,300 S  BURNSIDE                     AV,,34.0707,-118.3552
231418769,10/15/2023 12:00:00 AM,10/15/2023 12:00:00 AM,1430,14,Pacific,1431,1,420,THEFT FROM MOTOR VEHICLE - PETTY ($950 & UNDER),,0,,,101.0,STREET,,,IC,Invest Cont,420.0,,,,MAIN                         ST,WESTMINSTER                  AV,33.9897,-118.4724
200812650,08/04/2020 12:00:00 AM,08/03/2020 12:00:00 AM,810,8,West LA,826,2,624,BATTERY - SIMPLE ASSAULT,0444,53,F,O,101.0,STREET,400.0,"STRONG-ARM (HANDS, FIST, FEET OR BODILY FORCE)",AO,Adult Other,624.0,,,,12000    SAN VICENTE                  BL,,34.052,-118.4742
211614199,12/09/2021 12:00:00 AM,06/30/2021 12:00:00 AM,100,16,Foothill,1622,2,860,BATTERY WITH SEXUAL CONTACT,0400 1259 0503,15,F,O,109.0,PARK/PLAYGROUND,400.0,"STRONG-ARM (HANDS, FIST, FEET OR BODILY FORCE)",IC,Invest Cont,860.0,,,,10700    LAUREL CANYON                BL,,34.2647,-118.4384
231714907,09/09/2023 12:00:00 AM,09/09/2023 12:00:00 AM,1720,17,Devonshire,1721,1,420,THEFT FROM MOTOR VEHICLE - PETTY ($950 & UNDER),0344 1606,40,M,B,108.0,PARKING LOT,,,IC,Invest Cont,420.0,,,,21300    BERMUDA                      ST,,34.2654,-118.5951
220411960,08/12/2022 12:00:00 AM,08/11/2022 12:00:00 AM,1940,4,Hollenbeck,453,1,420,THEFT FROM MOTOR VEHICLE - PETTY ($950 & UNDER),,0,,,101.0,STREET,,,IC,Invest Cont,420.0,,,,STATE                        ST,E  CESAR CHAVEZ                 AV,34.0501,-118.2151
221512288,07/14/2022 12:00:00 AM,07/14/2022 12:00:00 AM,2215,15,N Hollywood,1596,1,210,ROBBERY,0344,28,F,H,210.0,RESTAURANT/FAST FOOD,400.0,"STRONG-ARM (HANDS, FIST, FEET OR BODILY FORCE)",AA,Adult Arrest,210.0,,,,10600    VENTURA                      BL,,34.1372,-118.3633
201321089,12/11/2020 12:00:00 AM,12/10/2020 12:00:00 AM,2300,13,Newton,1372,1,510,VEHICLE - STOLEN,,0,,,101.0,STREET,,,IC,Invest Cont,510.0,,,,100 E  57TH                         ST,,33.9907,-118.2739
210120955,11/21/2021 12:00:00 AM,10/20/2021 12:00:00 AM,1430,1,Central,162,1,331,THEFT FROM MOTOR VEHICLE - GRAND ($950.01 AND OVER),0321 1822 0386 0344 0352 1300 1606,33,M,H,108.0,PARKING LOT,,,IC,Invest Cont,331.0,,,,600 W  9TH                          ST,,34.0462,-118.2585
211805598,02/01/2021 12:00:00 AM,02/01/2021 12:00:00 AM,1210,18,Southeast,1824,1,510,VEHICLE - STOLEN,,0,,,101.0,STREET,,,IC,Invest Cont,510.0,,,,9700    MCKINLEY                     AV,,33.9479,-118.2608
201319544,11/05/2020 12:00:00 AM,11/05/2020 12:00:00 AM,1300,13,Newton,1383,2,626,INTIMATE PARTNER - SIMPLE ASSAULT,2000 0416 0443 0429,23,F,H,102.0,SIDEWALK,400.0,"STRONG-ARM (HANDS, FIST, FEET OR BODILY FORCE)",AA,Adult Arrest,626.0,,,,6100 S  SAN PEDRO                    ST,,33.9858,-118.2739
201715241,10/31/2020 12:00:00 AM,10/31/2020 12:00:00 AM,1215,17,Devonshire,1764,1,442,SHOPLIFTING - PETTY THEFT ($950 & UNDER),0352 0325 0378 0344,0,X,X,404.0,DEPARTMENT STORE,,,IC,Invest Cont,442.0,,,,9300    TAMPA                        AV,,34.244,-118.5583
221108283,04/24/2022 12:00:00 AM,04/20/2022 12:00:00 AM,1,11,Northeast,1128,2,354,THEFT OF IDENTITY,0922 1822,62,M,C,605.0,AUTOMATED TELLER MACHINE (ATM),,,IC,Invest Cont,354.0,,,,900 N  AVENUE 63,,34.1229,-118.179
241608138,05/10/2024 12:00:00 AM,05/09/2024 12:00:00 AM,214,16,Foothill,1622,1,330,BURGLARY FROM VEHICLE,0344,57,M,H,101.0,STREET,,,IC,Invest Cont,330.0,,,,13600    JUDD                         ST,,34.265,-118.4291
231105295,02/02/2023 12:00:00 AM,02/02/2023 12:00:00 AM,1,11,Northeast,1134,2,354,THEFT OF IDENTITY,1822 1501 0100 0930,23,F,H,501.0,SINGLE FAMILY DWELLING,,,IC,Invest Cont,354.0,,,,3100    CAZADOR                      ST,,34.1048,-118.234
210215006,09/22/2021 12:00:00 AM,09/22/2021 12:00:00 AM,1100,2,Rampart,265,2,626,INTIMATE PARTNER - SIMPLE ASSAULT,0913 2000 1814 0416,0,F,H,101.0,STREET,400.0,"STRONG-ARM (HANDS, FIST, FEET OR BODILY FORCE)",IC,Invest Cont,626.0,,,,800 S  BONNIE BRAE                  ST,,34.0547,-118.2772
211814650,08/03/2021 12:00:00 AM,07/29/2021 12:00:00 AM,2100,18,Southeast,1804,1,510,VEHICLE - STOLEN,,0,,,101.0,STREET,,,IC,Invest Cont,510.0,,,,87TH                         ST,CENTRAL                      AV,33.9593,-118.2564
212006514,03/12/2021 12:00:00 AM,03/11/2021 12:00:00 AM,1730,20,Olympic,2042,1,510,VEHICLE - STOLEN,,0,,,108.0,PARKING LOT,,,IC,Invest Cont,510.0,,,,800 S  SAINT ANDREWS                PL,,34.0564,-118.3131
201913947,08/31/2020 12:00:00 AM,08/30/2020 12:00:00 AM,2330,19,Mission,1981,1,210,ROBBERY,2000 0416 0444 1814 0913,26,F,H,502.0,"MULTI-UNIT DWELLING (APARTMENT, DUPLEX, ETC)",201.0,KNIFE WITH BLADE OVER 6 INCHES IN LENGTH,AA,Adult Arrest,210.0,,,,8700    ORION                        AV,,34.2283,-118.472
201800631,03/29/2020 12:00:00 AM,03/29/2020 12:00:00 AM,1655,18,Southeast,1824,1,230,"ASSAULT WITH DEADLY WEAPON, AGGRAVATED ASSAULT",0913 0411 0334 1810,54,M,B,501.0,SINGLE FAMILY DWELLING,201.0,KNIFE WITH BLADE OVER 6 INCHES IN LENGTH,AO,Adult Other,230.0,998.0,,,600 E  94TH                         ST,,33.9511,-118.2651
221113289,08/30/2022 12:00:00 AM,08/29/2022 12:00:00 AM,1945,11,Northeast,1178,2,888,TRESPASSING,1501 2004,61,F,H,501.0,SINGLE FAMILY DWELLING,,,IC,Invest Cont,888.0,,,,3300    MERCED                       ST,,34.0916,-118.2239
221009241,05/15/2022 12:00:00 AM,05/15/2022 12:00:00 AM,2013,10,West Valley,1025,2,624,BATTERY - SIMPLE ASSAULT,1822 0416 0400 1236 0446 0906 0374 2024 0202 1420,26,M,H,210.0,RESTAURANT/FAST FOOD,400.0,"STRONG-ARM (HANDS, FIST, FEET OR BODILY FORCE)",IC,Invest Cont,624.0,,,,6800    RESEDA                       BL,,34.1939,-118.536
201806979,02/20/2020 12:00:00 AM,02/19/2020 12:00:00 AM,2200,18,Southeast,1803,1,330,BURGLARY FROM VEHICLE,1300 0329 0344 1307 1609,29,F,H,101.0,STREET,,,IC,Invest Cont,330.0,,,,97TH                         PL,AVALON                       BL,33.9583,-118.2684
221211912,05/16/2022 12:00:00 AM,05/16/2022 12:00:00 AM,1545,12,77th Street,1252,2,624,BATTERY - SIMPLE ASSAULT,1258 0913 1817 0400 0416 2024,13,M,B,720.0,JUNIOR HIGH SCHOOL,400.0,"STRONG-ARM (HANDS, FIST, FEET OR BODILY FORCE)",IC,Invest Cont,624.0,,,,2900 W  70TH                         ST,,33.9764,-118.3246
210409423,06/08/2021 12:00:00 AM,06/08/2021 12:00:00 AM,105,4,Hollenbeck,457,2,901,VIOLATION OF RESTRAINING ORDER,2038,33,F,O,502.0,"MULTI-UNIT DWELLING (APARTMENT, DUPLEX, ETC)",,,AA,Adult Arrest,901.0,,,,2800    CINCINATTI                   ST,,34.0469,-118.2032
221225053,12/09/2022 12:00:00 AM,12/09/2022 12:00:00 AM,1215,12,77th Street,1232,2,354,THEFT OF IDENTITY,0100 1822 0929,56,F,H,501.0,SINGLE FAMILY DWELLING,,,IC,Invest Cont,354.0,,,,5800    4TH                          AV,,33.9891,-118.3216
201712629,08/27/2020 12:00:00 AM,08/27/2020 12:00:00 AM,1945,17,Devonshire,1701,2,740,"VANDALISM - FELONY ($400 & OVER, ALL CHURCH VANDALISMS)",0329 1402 1212 1822 0311,60,M,W,104.0,DRIVEWAY,,,IC,Invest Cont,740.0,998.0,,,12000    CARABELLA                    CT,,34.2898,-118.5831
231115489,11/07/2023 12:00:00 AM,11/03/2023 12:00:00 AM,2000,11,Northeast,1181,1,510,VEHICLE - STOLEN,,0,,,101.0,STREET,,,IC,Invest Cont,510.0,,,,2000    RESERVOIR                    ST,,34.0786,-118.2615
210115997,08/30/2021 12:00:00 AM,08/21/2021 12:00:00 AM,750,1,Central,111,2,624,BATTERY - SIMPLE ASSAULT,2004 0416,30,M,B,502.0,"MULTI-UNIT DWELLING (APARTMENT, DUPLEX, ETC)",400.0,"STRONG-ARM (HANDS, FIST, FEET OR BODILY FORCE)",IC,Invest Cont,624.0,,,,700 N  ALAMEDA                      ST,,34.0615,-118.2412
201511946,06/29/2020 12:00:00 AM,06/25/2020 12:00:00 AM,400,15,N Hollywood,1515,2,626,INTIMATE PARTNER - SIMPLE ASSAULT,2000 1814 0913 0444 0417 0416,34,F,H,501.0,SINGLE FAMILY DWELLING,400.0,"STRONG-ARM (HANDS, FIST, FEET OR BODILY FORCE)",AA,Adult Arrest,626.0,,,,11800    HART                         ST,,34.1976,-118.3911
210600558,04/03/2021 12:00:00 AM,04/03/2021 12:00:00 AM,1135,6,Hollywood,666,2,901,VIOLATION OF RESTRAINING ORDER,0913 2000 1402 1501,22,F,W,502.0,"MULTI-UNIT DWELLING (APARTMENT, DUPLEX, ETC)",,,IC,Invest Cont,901.0,998.0,,,6500 W  SUNSET                       BL,,34.098,-118.3312
231604657,01/21/2023 12:00:00 AM,12/30/2022 12:00:00 AM,1500,16,Foothill,1612,1,341,"THEFT-GRAND ($950.01 & OVER)EXCPT,GUNS,FOWL,LIVESTK,PROD",0344 0352,31,M,W,108.0,PARKING LOT,,,IC,Invest Cont,341.0,,,,13300    PAXTON                       ST,,34.2764,-118.4224
210716108,11/29/2021 12:00:00 AM,11/28/2021 12:00:00 AM,2100,7,Wilshire,775,1,510,VEHICLE - STOLEN,,0,,,101.0,STREET,,,IC,Invest Cont,510.0,,,,4700 W  17TH                         ST,,34.0445,-118.3397
201106072,02/16/2020 12:00:00 AM,02/15/2020 12:00:00 AM,1200,11,Northeast,1172,1,310,BURGLARY,0344 0321 1607,31,F,B,502.0,"MULTI-UNIT DWELLING (APARTMENT, DUPLEX, ETC)",,,IC,Invest Cont,310.0,,,,2200    DUANE                        ST,,34.0902,-118.2597
230318860,10/29/2023 12:00:00 AM,10/29/2023 12:00:00 AM,1530,3,Southwest,391,2,626,INTIMATE PARTNER - SIMPLE ASSAULT,0913 2000 0416 0446 1814 2021 1309,38,F,A,502.0,"MULTI-UNIT DWELLING (APARTMENT, DUPLEX, ETC)",400.0,"STRONG-ARM (HANDS, FIST, FEET OR BODILY FORCE)",IC,Invest Cont,626.0,,,,4600    DON LORENZO                  DR,,34.0013,-118.3553
200509231,05/09/2020 12:00:00 AM,05/09/2020 12:00:00 AM,1130,5,Harbor,563,1,510,VEHICLE - STOLEN,,0,,,101.0,STREET,,,IC,Invest Cont,510.0,,,,600 W  10TH                         ST,,33.7321,-118.295
221104490,01/15/2022 12:00:00 AM,01/14/2022 12:00:00 AM,2030,11,Northeast,1143,1,510,VEHICLE - STOLEN,,0,,,101.0,STREET,,,IC,Invest Cont,510.0,,,,1800    TALMADGE                     ST,,34.1036,-118.2831
240805278,02/04/2024 12:00:00 AM,02/04/2024 12:00:00 AM,300,8,West LA,835,1,310,BURGLARY,1822 0344 0342 1300 0329 0358 0216,47,M,H,501.0,SINGLE FAMILY DWELLING,,,IC,Invest Cont,310.0,,,,1900    KELTON                       AV,,34.0471,-118.4373
231505142,01/30/2023 12:00:00 AM,01/30/2023 12:00:00 AM,440,15,N Hollywood,1586,1,350,"THEFT, PERSON",2050 0344 0910 2052 1822,36,M,W,912.0,MTA - RED LINE - UNIVERSAL CITY/STUDIO CITY,,,IC,Invest Cont,350.0,,,,CAMPO,LANKERSHIM                   BL,34.1425,-118.3643
240507168,03/24/2024 12:00:00 AM,03/22/2024 12:00:00 AM,2330,5,Harbor,587,1,520,VEHICLE - ATTEMPT STOLEN,0329 1300,38,F,B,101.0,STREET,,,IC,Invest Cont,520.0,,,,3000 S  KERCKHOFF                    AV,,33.717,-118.2898
211206646,01/28/2021 12:00:00 AM,01/25/2021 12:00:00 AM,730,12,77th Street,1218,1,420,THEFT FROM MOTOR VEHICLE - PETTY ($950 & UNDER),0385 0344 1606,37,M,H,101.0,STREET,,,IC,Invest Cont,420.0,,,,500 W  52ND                         ST,,33.9957,-118.2864
240706843,03/06/2024 12:00:00 AM,03/02/2024 12:00:00 AM,152,7,Wilshire,733,1,310,BURGLARY,1601 1605 1822 0344 0216,0,X,X,502.0,"MULTI-UNIT DWELLING (APARTMENT, DUPLEX, ETC)",,,IC,Invest Cont,310.0,,,,5700 W  6TH                          ST,,34.0649,-118.3525
240304492,01/09/2024 12:00:00 AM,12/30/2023 12:00:00 AM,1341,3,Southwest,392,1,440,THEFT PLAIN - PETTY ($950 & UNDER),1822 0344,42,F,B,501.0,SINGLE FAMILY DWELLING,,,IC,Invest Cont,440.0,,,,4900    9TH                          AV,,33.999,-118.3269
200306586,02/13/2020 12:00:00 AM,02/13/2020 12:00:00 AM,140,3,Southwest,329,2,921,HUMAN TRAFFICKING - INVOLUNTARY SERVITUDE,0443 1822 1514 1278 0319 2036 2055 1310 0903,41,F,B,122.0,"VEHICLE, PASSENGER/TRUCK",511.0,VERBAL THREAT,IC,Invest Cont,921.0,,,,FLOWER                       ST,32ND                         ST,34.0246,-118.2772
220912656,08/16/2022 12:00:00 AM,08/12/2022 12:00:00 AM,1200,9,Van Nuys,963,1,310,BURGLARY,0329 0344 1414 1420 1605 0321 1402,75,F,H,719.0,MEDICAL/DENTAL OFFICES,,,IC,Invest Cont,310.0,998.0,,,4900    VAN NUYS                     BL,,34.1594,-118.4487
201512027,06/30/2020 12:00:00 AM,06/30/2020 12:00:00 AM,420,15,N Hollywood,1538,2,740,"VANDALISM - FELONY ($400 & OVER, ALL CHURCH VANDALISMS)",0329,45,M,O,210.0,RESTAURANT/FAST FOOD,,,IC,Invest Cont,740.0,,,,11000    BURBANK                      BL,,34.1758,-118.3746
211217715,08/14/2021 12:00:00 AM,08/14/2021 12:00:00 AM,2130,12,77th Street,1253,1,236,INTIMATE PARTNER - AGGRAVATED ASSAULT,2000 0913 0416 0446 1814 1240,21,F,B,122.0,"VEHICLE, PASSENGER/TRUCK",400.0,"STRONG-ARM (HANDS, FIST, FEET OR BODILY FORCE)",AO,Adult Other,236.0,,,,FLORENCE,WESTERN,33.9746,-118.309
202017539,11/22/2020 12:00:00 AM,11/15/2020 12:00:00 AM,1900,20,Olympic,2021,1,331,THEFT FROM MOTOR VEHICLE - GRAND ($950.01 AND OVER),0344 1822,33,M,C,101.0,STREET,,,IC,Invest Cont,331.0,,,,S  VAN NESS                     AV,W  3RD                          ST,34.069,-118.3151
200918449,12/15/2020 12:00:00 AM,12/15/2020 12:00:00 AM,150,9,Van Nuys,911,1,236,INTIMATE PARTNER - AGGRAVATED ASSAULT,2000 2004 0407 1814 2002 1414 0913,44,M,B,505.0,MOTEL,506.0,FIRE,AO,Adult Other,236.0,,,,6900 N  SEPULVEDA                    BL,,34.1938,-118.4702
210907466,03/29/2021 12:00:00 AM,03/28/2021 12:00:00 AM,1300,9,Van Nuys,984,1,442,SHOPLIFTING - PETTY THEFT ($950 & UNDER),1414 2003 0325 2005,22,M,H,203.0,OTHER BUSINESS,,,AO,Adult Other,442.0,,,,14500    VENTURA                      BL,,34.1509,-118.4487
220114780,06/22/2022 12:00:00 AM,06/22/2022 12:00:00 AM,2250,1,Central,163,1,236,INTIMATE PARTNER - AGGRAVATED ASSAULT,0913 1268 1813 1814 0334 0411 0445 2000,29,M,W,502.0,"MULTI-UNIT DWELLING (APARTMENT, DUPLEX, ETC)",205.0,KITCHEN KNIFE,AO,Adult Other,236.0,,,,700 S  BROADWAY,,34.0452,-118.2533
211806117,02/12/2021 12:00:00 AM,02/12/2021 12:00:00 AM,400,18,Southeast,1801,1,510,VEHICLE - STOLEN,,0,,,101.0,STREET,,,IC,Invest Cont,510.0,,,,8700    MENLO                        AV,,33.9596,-118.2904
211314846,08/25/2021 12:00:00 AM,08/25/2021 12:00:00 AM,1220,13,Newton,1352,1,210,ROBBERY,0344 0337 0369 0334,0,M,W,402.0,MARKET,102.0,HAND GUN,AO,Adult Other,210.0,,,,4300    WALL                         ST,,34.0053,-118.2717
211915619,11/15/2021 12:00:00 AM,06/01/2021 12:00:00 AM,835,19,Mission,1924,2,354,THEFT OF IDENTITY,0928,47,M,H,501.0,SINGLE FAMILY DWELLING,,,IC,Invest Cont,354.0,,,,14900    OSCEOLA                      ST,,34.2905,-118.4572
221400719,04/22/2022 12:00:00 AM,04/21/2022 12:00:00 AM,1530,14,Pacific,1437,1,420,THEFT FROM MOTOR VEHICLE - PETTY ($950 & UNDER),1300 0344 1402,48,F,H,707.0,GARAGE/CARPORT,,,IC,Invest Cont,420.0,998.0,,,3700    DUFRESNE                     CT,,34.0145,-118.4178
241505865,02/08/2024 12:00:00 AM,02/08/2024 12:00:00 AM,13,15,N Hollywood,1599,1,310,BURGLARY,1501 1606,0,M,O,719.0,MEDICAL/DENTAL OFFICES,,,IC,Invest Cont,310.0,,,,3100    CAHUENGA                     BL,,34.1266,-118.3454
200406768,03/10/2020 12:00:00 AM,03/04/2020 12:00:00 AM,1956,4,Hollenbeck,437,1,440,THEFT PLAIN - PETTY ($950 & UNDER),0344,30,F,A,501.0,SINGLE FAMILY DWELLING,,,IC,Invest Cont,440.0,,,,2100 N  HICKS                        AV,,34.068,-118.1908
200310838,05/04/2020 12:00:00 AM,05/04/2020 12:00:00 AM,1840,3,Southwest,375,1,230,"ASSAULT WITH DEADLY WEAPON, AGGRAVATED ASSAULT",0334 0302 0421 1202 0913,61,M,B,501.0,SINGLE FAMILY DWELLING,103.0,RIFLE,AA,Adult Arrest,230.0,,,,2000    BROWNING                     BL,,34.0119,-118.3152
201706415,02/25/2020 12:00:00 AM,02/10/2020 12:00:00 AM,1455,17,Devonshire,1751,2,662,"BUNCO, GRAND THEFT",0701 1900,42,M,H,501.0,SINGLE FAMILY DWELLING,,,IC,Invest Cont,662.0,,,,10100    OWENSMOUTH                   AV,,34.254,-118.6017
220904792,01/23/2022 12:00:00 AM,01/21/2022 12:00:00 AM,845,9,Van Nuys,904,1,510,VEHICLE - STOLEN,,0,,,108.0,PARKING LOT,,,IC,Invest Cont,510.0,,,,7700    VAN NUYS                     BL,,34.2103,-118.4488
230218258,09/28/2023 12:00:00 AM,09/19/2023 12:00:00 AM,2200,2,Rampart,218,2,946,OTHER MISCELLANEOUS CRIME,1906 1814 2041,22,F,H,502.0,"MULTI-UNIT DWELLING (APARTMENT, DUPLEX, ETC)",,,AA,Adult Arrest,946.0,,,,1400 W  TEMPLE                       ST,,34.0726,-118.2578
231116233,11/28/2023 12:00:00 AM,11/23/2023 12:00:00 AM,2000,11,Northeast,1124,1,210,ROBBERY,0416 0344 0429 0432 0400,53,M,H,102.0,SIDEWALK,400.0,"STRONG-ARM (HANDS, FIST, FEET OR BODILY FORCE)",IC,Invest Cont,210.0,,,,3000    FLETCHER                     DR,,34.1149,-118.2459
220805526,01/29/2022 12:00:00 AM,01/29/2022 12:00:00 AM,758,8,West LA,841,2,740,"VANDALISM - FELONY ($400 & OVER, ALL CHURCH VANDALISMS)",0329 1300,32,M,A,707.0,GARAGE/CARPORT,,,IC,Invest Cont,740.0,,,,1400    ARMACOST                     AV,,34.0423,-118.4656
210612758,07/15/2021 12:00:00 AM,07/14/2021 12:00:00 AM,1500,6,Hollywood,648,1,420,THEFT FROM MOTOR VEHICLE - PETTY ($950 & UNDER),1300 1822 0344 0321,67,F,A,108.0,PARKING LOT,,,IC,Invest Cont,420.0,,,,5400    CARLTON                      WY,,34.1005,-118.3092
220710345,06/13/2022 12:00:00 AM,06/11/2022 12:00:00 AM,2200,7,Wilshire,721,2,886,DISTURBING THE PEACE,1501,36,F,B,102.0,SIDEWALK,511.0,VERBAL THREAT,IC,Invest Cont,886.0,,,,8700 W  3RD                          ST,,34.0736,-118.3817
221307009,02/27/2022 12:00:00 AM,02/27/2022 12:00:00 AM,300,13,Newton,1373,1,510,VEHICLE - STOLEN,,0,,,707.0,GARAGE/CARPORT,,,IC,Invest Cont,510.0,,,,1000 E  53RD                         ST,,33.9943,-118.2582
211904333,01/10/2021 12:00:00 AM,01/09/2021 12:00:00 AM,2300,19,Mission,1954,1,310,BURGLARY,1606 0344,38,M,H,502.0,"MULTI-UNIT DWELLING (APARTMENT, DUPLEX, ETC)",,,IC,Invest Cont,310.0,,,,10000 N  SEPULVEDA                    BL,,34.2519,-118.4673
212008067,04/14/2021 12:00:00 AM,04/14/2021 12:00:00 AM,1200,20,Olympic,2046,2,626,INTIMATE PARTNER - SIMPLE ASSAULT,0913 2000 0445 0416 0446,24,M,W,502.0,"MULTI-UNIT DWELLING (APARTMENT, DUPLEX, ETC)",308.0,STICK,AO,Adult Other,626.0,,,,800 S  CATALINA                     ST,,34.0572,-118.2954
230211770,06/02/2023 12:00:00 AM,06/02/2023 12:00:00 AM,1200,2,Rampart,245,2,624,BATTERY - SIMPLE ASSAULT,0913 0400 1802 0416,50,M,H,101.0,STREET,400.0,"STRONG-ARM (HANDS, FIST, FEET OR BODILY FORCE)",AO,Adult Other,624.0,,,,2400 W  6TH                          ST,,34.0612,-118.2785
210817146,11/30/2021 12:00:00 AM,11/30/2021 12:00:00 AM,1,8,West LA,822,2,626,INTIMATE PARTNER - SIMPLE ASSAULT,1300 1309 0416 2000,27,F,H,108.0,PARKING LOT,400.0,"STRONG-ARM (HANDS, FIST, FEET OR BODILY FORCE)",AO,Adult Other,626.0,,,,PICO,BEVERLY GLEN,34.043,-118.5398
202116177,11/18/2020 12:00:00 AM,11/04/2020 12:00:00 AM,900,21,Topanga,2132,2,354,THEFT OF IDENTITY,1822 0928 1202,60,M,W,501.0,SINGLE FAMILY DWELLING,,,IC,Invest Cont,354.0,,,,23500    BALMORAL                     LN,,34.198,-118.6402
220211502,06/01/2022 12:00:00 AM,05/31/2022 12:00:00 AM,2000,2,Rampart,279,1,330,BURGLARY FROM VEHICLE,1300 0344 1822 0329 1307 1609,36,M,B,101.0,STREET,,,IC,Invest Cont,330.0,,,,1400 W  OLYMPIC                      BL,,34.0478,-118.2711
221822625,12/24/2022 12:00:00 AM,12/23/2022 12:00:00 AM,2100,18,Southeast,1881,1,510,VEHICLE - STOLEN,,0,,,101.0,STREET,,,IC,Invest Cont,510.0,,,,15500    BONSALLO                     AV,,33.8908,-118.2867
210108977,04/16/2021 12:00:00 AM,04/16/2021 12:00:00 AM,600,1,Central,155,2,740,"VANDALISM - FELONY ($400 & OVER, ALL CHURCH VANDALISMS)",0329,0,X,X,122.0,"VEHICLE, PASSENGER/TRUCK",,,AO,Adult Other,740.0,,,,200 E  6TH                          ST,,34.0448,-118.2474
200210750,05/26/2020 12:00:00 AM,05/25/2020 12:00:00 AM,1440,2,Rampart,218,1,480,BIKE - STOLEN,0344 0397,27,F,W,707.0,GARAGE/CARPORT,,,IC,Invest Cont,480.0,,,,700    ECHO PARK                    AV,,34.0713,-118.2597
230412264,09/10/2023 12:00:00 AM,09/09/2023 12:00:00 AM,2100,4,Hollenbeck,491,1,510,VEHICLE - STOLEN,,0,,,101.0,STREET,,,IC,Invest Cont,510.0,,,,1300    RIO VISTA                    AV,,34.0265,-118.2219
201411398,05/25/2020 12:00:00 AM,05/25/2020 12:00:00 AM,230,14,Pacific,1496,1,341,"THEFT-GRAND ($950.01 & OVER)EXCPT,GUNS,FOWL,LIVESTK,PROD",0913 0344,47,F,B,503.0,HOTEL,,,IC,Invest Cont,341.0,,,,5900 W  CENTURY                      BL,,33.9472,-118.3909
210407064,03/26/2021 12:00:00 AM,03/25/2021 12:00:00 AM,2030,4,Hollenbeck,455,1,330,BURGLARY FROM VEHICLE,0344 1302 1307,49,F,W,101.0,STREET,,,IC,Invest Cont,330.0,,,,2100 E  CESAR E CHAVEZ               AV,,34.0512,-118.2093
231104588,01/17/2023 12:00:00 AM,01/15/2023 12:00:00 AM,1835,11,Northeast,1142,1,310,BURGLARY,0344 0358,0,X,X,502.0,"MULTI-UNIT DWELLING (APARTMENT, DUPLEX, ETC)",,,IC,Invest Cont,310.0,,,,4500    LOS FELIZ                    BL,,34.1119,-118.2874
231704752,01/23/2023 12:00:00 AM,01/22/2023 12:00:00 AM,2300,17,Devonshire,1728,1,510,VEHICLE - STOLEN,,0,,,101.0,STREET,,,IC,Invest Cont,510.0,,,,ETIWANDA                     AV,CHATSWORTH                   ST,34.2645,-118.5317
200311843,05/25/2020 12:00:00 AM,05/25/2020 12:00:00 AM,1310,3,Southwest,357,2,740,"VANDALISM - FELONY ($400 & OVER, ALL CHURCH VANDALISMS)",0329 0555,34,F,B,501.0,SINGLE FAMILY DWELLING,400.0,"STRONG-ARM (HANDS, FIST, FEET OR BODILY FORCE)",AO,Adult Other,740.0,,,,1300 W  37TH                         PL,,34.02,-118.2977
200404225,01/06/2020 12:00:00 AM,01/04/2020 12:00:00 AM,1050,4,Hollenbeck,426,1,440,THEFT PLAIN - PETTY ($950 & UNDER),0344,35,F,H,108.0,PARKING LOT,,,IC,Invest Cont,440.0,,,,4900    HUNTINGTON                   DR,,34.0868,-118.177
231904315,01/09/2023 12:00:00 AM,01/04/2023 12:00:00 AM,2300,19,Mission,1959,1,331,THEFT FROM MOTOR VEHICLE - GRAND ($950.01 AND OVER),0385,58,F,H,101.0,STREET,,,IC,Invest Cont,331.0,,,,10300    PATRICK                      AV,,34.2585,-118.4398
200812025,07/19/2020 12:00:00 AM,07/19/2020 12:00:00 AM,1030,8,West LA,821,2,624,BATTERY - SIMPLE ASSAULT,0416 0432,29,M,W,104.0,DRIVEWAY,400.0,"STRONG-ARM (HANDS, FIST, FEET OR BODILY FORCE)",AO,Adult Other,624.0,,,,17000    PACIFIC COAST                HY,,34.0394,-118.5505
230312552,06/22/2023 12:00:00 AM,05/26/2023 12:00:00 AM,1500,3,Southwest,377,1,341,"THEFT-GRAND ($950.01 & OVER)EXCPT,GUNS,FOWL,LIVESTK,PROD",0344,46,M,H,501.0,SINGLE FAMILY DWELLING,,,IC,Invest Cont,341.0,,,,1200    BROWNING                     BL,,34.0121,-118.2975
240904465,01/15/2024 12:00:00 AM,01/14/2024 12:00:00 AM,2345,9,Van Nuys,989,2,624,BATTERY - SIMPLE ASSAULT,0416 0913,36,M,O,101.0,STREET,400.0,"STRONG-ARM (HANDS, FIST, FEET OR BODILY FORCE)",AO,Adult Other,624.0,,,,13600    VENTURA                      BL,,34.1478,-118.4296
202018334,12/13/2020 12:00:00 AM,12/09/2020 12:00:00 AM,2024,20,Olympic,2046,1,440,THEFT PLAIN - PETTY ($950 & UNDER),1822 0344 0394,22,M,K,502.0,"MULTI-UNIT DWELLING (APARTMENT, DUPLEX, ETC)",,,IC,Invest Cont,440.0,,,,900 S  CATALINA                     ST,,34.0545,-118.2954
231010946,07/02/2023 12:00:00 AM,07/02/2023 12:00:00 AM,1130,10,West Valley,1078,1,761,BRANDISH WEAPON,0913 0421 0334 1817,26,M,B,719.0,MEDICAL/DENTAL OFFICES,200.0,KNIFE WITH BLADE 6INCHES OR LESS,AA,Adult Arrest,761.0,,,,5000    BALBOA                       BL,,34.1617,-118.5011
231510321,05/29/2023 12:00:00 AM,05/28/2023 12:00:00 AM,1630,15,N Hollywood,1586,1,510,VEHICLE - STOLEN,,0,,,101.0,STREET,,,IC,Invest Cont,510.0,,,,10700    AQUA VISTA                   ST,,34.1451,-118.3626
201215341,06/25/2020 12:00:00 AM,06/25/2020 12:00:00 AM,650,12,77th Street,1268,2,745,VANDALISM - MISDEAMEANOR ($399 OR UNDER),1300 1822 0329,37,M,H,122.0,"VEHICLE, PASSENGER/TRUCK",,,AO,Adult Other,745.0,,,,200 E  82ND                         ST,,33.9654,-118.2717
230808771,04/16/2023 12:00:00 AM,04/11/2023 12:00:00 AM,1300,8,West LA,839,1,442,SHOPLIFTING - PETTY THEFT ($950 & UNDER),1822 0325 0344,0,X,X,203.0,OTHER BUSINESS,,,IC,Invest Cont,442.0,,,,10200    SANTA MONICA                 BL,,34.0611,-118.4184
200122799,12/27/2020 12:00:00 AM,12/27/2020 12:00:00 AM,300,1,Central,174,1,341,"THEFT-GRAND ($950.01 & OVER)EXCPT,GUNS,FOWL,LIVESTK,PROD",1822 0344 2032 0352,52,M,W,102.0,SIDEWALK,,,IC,Invest Cont,341.0,,,,700 S  MAIN                         ST,,34.0437,-118.2518
222115735,10/22/2022 12:00:00 AM,10/17/2022 12:00:00 AM,1400,21,Topanga,2177,1,440,THEFT PLAIN - PETTY ($950 & UNDER),0394,37,F,W,146.0,PATIO*,,,AO,Adult Other,440.0,,,,5700    OWENSMOUTH                   AV,,34.1732,-118.6019
230104723,01/10/2023 12:00:00 AM,01/10/2023 12:00:00 AM,1920,1,Central,159,1,330,BURGLARY FROM VEHICLE,1606 1609 0344 1822 1300,34,M,K,101.0,STREET,,,IC,Invest Cont,330.0,,,,4TH                          PL,MATEO,34.0414,-118.2332
231705094,01/26/2023 12:00:00 AM,01/26/2023 12:00:00 AM,800,17,Devonshire,1782,1,236,INTIMATE PARTNER - AGGRAVATED ASSAULT,1813 2038 2000 0448 0913 0408,47,F,W,501.0,SINGLE FAMILY DWELLING,400.0,"STRONG-ARM (HANDS, FIST, FEET OR BODILY FORCE)",AA,Adult Arrest,236.0,,,,19900    ACRE                         ST,,34.23,-118.5667
241211950,05/24/2024 12:00:00 AM,05/23/2024 12:00:00 AM,2200,12,77th Street,1211,1,510,VEHICLE - STOLEN,,0,,,101.0,STREET,,,IC,Invest Cont,510.0,,,,2600 W  54TH                         ST,,33.9932,-118.3215
211715178,11/15/2021 12:00:00 AM,11/12/2021 12:00:00 AM,1915,17,Devonshire,1764,1,310,BURGLARY,1501 0329,0,X,X,710.0,OTHER PREMISE,,,IC,Invest Cont,310.0,,,,19300    LEMARSH                      ST,,34.2563,-118.5545
221208378,03/20/2022 12:00:00 AM,03/20/2022 12:00:00 AM,115,12,77th Street,1268,1,310,BURGLARY,0913 1609 0329 0202 0344,42,M,H,502.0,"MULTI-UNIT DWELLING (APARTMENT, DUPLEX, ETC)",,,AO,Adult Other,310.0,,,,7900 S  MAIN                         ST,,33.9679,-118.2739
211817241,09/22/2021 12:00:00 AM,06/07/2021 12:00:00 AM,1633,18,Southeast,1836,1,341,"THEFT-GRAND ($950.01 & OVER)EXCPT,GUNS,FOWL,LIVESTK,PROD",0394 1822,29,M,H,145.0,MAIL BOX,,,IC,Invest Cont,341.0,,,,1200 E  109TH                        ST,,33.9368,-118.2542
231608553,05/25/2023 12:00:00 AM,05/24/2023 12:00:00 AM,1045,16,Foothill,1643,2,624,BATTERY - SIMPLE ASSAULT,0416 0913,25,M,H,101.0,STREET,400.0,"STRONG-ARM (HANDS, FIST, FEET OR BODILY FORCE)",AO,Adult Other,624.0,,,,10500    SAN FERNANDO                 RD,,34.2609,-118.4167
201212519,05/10/2020 12:00:00 AM,05/10/2020 12:00:00 AM,305,12,77th Street,1256,1,310,BURGLARY,1267 1822 0344 0345 1606 1202,62,M,H,501.0,SINGLE FAMILY DWELLING,,,IC,Invest Cont,310.0,,,,800 W  75TH                         ST,,33.9717,-118.2871
200606560,02/21/2020 12:00:00 AM,02/20/2020 12:00:00 AM,1705,6,Hollywood,636,1,510,VEHICLE - STOLEN,,0,,,101.0,STREET,,,AA,Adult Arrest,510.0,,,,6700    YUCCA                        ST,,34.1032,-118.3361
240112205,06/02/2024 12:00:00 AM,05/26/2024 12:00:00 AM,2100,1,Central,101,1,510,VEHICLE - STOLEN,,0,,,101.0,STREET,,,AO,Adult Other,510.0,,,,800 N  BEAUDRY                      AV,,34.0662,-118.2476
211715927,11/18/2021 12:00:00 AM,11/11/2021 12:00:00 AM,2000,17,Devonshire,1707,1,331,THEFT FROM MOTOR VEHICLE - GRAND ($950.01 AND OVER),0344,53,M,W,104.0,DRIVEWAY,,,IC,Invest Cont,331.0,,,,ELMDALE                      PL,LITHUANIA                    DR,34.2961,-118.5069
212014317,09/13/2021 12:00:00 AM,09/11/2021 12:00:00 AM,1400,20,Olympic,2069,2,740,"VANDALISM - FELONY ($400 & OVER, ALL CHURCH VANDALISMS)",0329 1822,53,M,H,122.0,"VEHICLE, PASSENGER/TRUCK",,,IC,Invest Cont,740.0,,,,1000 S  WESTMORELAND                 AV,,34.0508,-118.2891
221808667,04/05/2022 12:00:00 AM,02/02/2022 12:00:00 AM,635,18,Southeast,1802,2,354,THEFT OF IDENTITY,1822 0930 0100,47,F,B,501.0,SINGLE FAMILY DWELLING,,,IC,Invest Cont,354.0,,,,8700 S  FIGUEROA                     ST,,33.9587,-118.2827
231808679,04/08/2023 12:00:00 AM,04/07/2023 12:00:00 AM,5,18,Southeast,1849,1,510,VEHICLE - STOLEN,,0,,,101.0,STREET,,,IC,Invest Cont,510.0,,,,2200 E  115TH                        ST,,33.9297,-118.2335
241104068,01/02/2024 12:00:00 AM,12/12/2023 12:00:00 AM,335,11,Northeast,1176,1,331,THEFT FROM MOTOR VEHICLE - GRAND ($950.01 AND OVER),0344 0385 1309 0327,52,M,H,101.0,STREET,,,IC,Invest Cont,331.0,,,,2300    FERNLEAF                     ST,,34.0875,-118.2319
220810071,05/23/2022 12:00:00 AM,05/22/2022 12:00:00 AM,1845,8,West LA,817,1,442,SHOPLIFTING - PETTY THEFT ($950 & UNDER),0325 0352 1221 1822 0378,0,X,X,404.0,DEPARTMENT STORE,,,IC,Invest Cont,442.0,,,,10800    WEYBURN                      AV,,34.0623,-118.4434
200908313,04/10/2020 12:00:00 AM,04/09/2020 12:00:00 AM,300,9,Van Nuys,994,1,330,BURGLARY FROM VEHICLE,0344 1300,32,F,W,104.0,DRIVEWAY,,,IC,Invest Cont,330.0,,,,3900    WESLIN                       AV,,34.1403,-118.4308
220612184,06/18/2022 12:00:00 AM,06/18/2022 12:00:00 AM,2200,6,Hollywood,647,1,330,BURGLARY FROM VEHICLE,1822 1300 0344 0352 1307 1601 1609,36,M,W,103.0,ALLEY,,,IC,Invest Cont,330.0,,,,6200    HOLLYWOOD                    BL,,34.1016,-118.3246
220716865,11/22/2022 12:00:00 AM,11/22/2022 12:00:00 AM,1245,7,Wilshire,721,1,442,SHOPLIFTING - PETTY THEFT ($950 & UNDER),0325,21,X,X,416.0,THE BEVERLY CENTER,,,IC,Invest Cont,442.0,,,,8500    BEVERLY                      BL,,34.0761,-118.3766
210907682,04/03/2021 12:00:00 AM,04/02/2021 12:00:00 AM,1800,9,Van Nuys,955,1,330,BURGLARY FROM VEHICLE,0344 1300 1307 1822 1420,41,F,O,101.0,STREET,,,IC,Invest Cont,330.0,,,,5200    SYLMAR                       AV,,34.1649,-118.4465
221214007,06/16/2022 12:00:00 AM,06/16/2022 12:00:00 AM,1940,12,77th Street,1218,1,210,ROBBERY,0601 0359 1822 0216 0324 0315 0375 0209,0,X,X,405.0,CLOTHING STORE,400.0,"STRONG-ARM (HANDS, FIST, FEET OR BODILY FORCE)",IC,Invest Cont,210.0,,,,5300 S  VERMONT                      AV,,33.9941,-118.2915
202116722,12/07/2020 12:00:00 AM,12/07/2020 12:00:00 AM,100,21,Topanga,2136,1,330,BURGLARY FROM VEHICLE,1609 0344,24,M,O,101.0,STREET,,,IC,Invest Cont,330.0,,,,CANOGA                       AV,SATICOY                      ST,34.2083,-118.5975
240707905,04/06/2024 12:00:00 AM,04/06/2024 12:00:00 AM,1905,7,Wilshire,724,1,440,THEFT PLAIN - PETTY ($950 & UNDER),0344 0377,49,F,W,415.0,THE GROVE,,,IC,Invest Cont,440.0,,,,100    THE GROVE                    DR,,34.0736,-118.3563
241304984,01/22/2024 12:00:00 AM,01/15/2024 12:00:00 AM,1424,13,Newton,1364,1,440,THEFT PLAIN - PETTY ($950 & UNDER),0344 0352 1822,21,F,B,121.0,YARD (RESIDENTIAL/BUSINESS),,,IC,Invest Cont,440.0,,,,1100 E  52ND                         ST,,33.996,-118.2565
232014547,08/24/2023 12:00:00 AM,08/24/2023 12:00:00 AM,2210,20,Olympic,2022,1,230,"ASSAULT WITH DEADLY WEAPON, AGGRAVATED ASSAULT",0319 0334 0340 0913 2002 0445,32,M,W,102.0,SIDEWALK,311.0,HAMMER,IC,Invest Cont,230.0,,,,400 S  GRAMERCY                     PL,,34.0671,-118.3128
200915015,09/22/2020 12:00:00 AM,09/14/2020 12:00:00 AM,228,9,Van Nuys,952,1,330,BURGLARY FROM VEHICLE,0344 1300,64,M,W,123.0,PARKING UNDERGROUND/BUILDING,,,IC,Invest Cont,330.0,,,,15200    MAGNOLIA                     BL,,34.1684,-118.4586
212109138,05/20/2021 12:00:00 AM,05/20/2021 12:00:00 AM,1850,21,Topanga,2136,1,310,BURGLARY,0344 1607 1402 0321 1420,35,M,X,203.0,OTHER BUSINESS,,,IC,Invest Cont,310.0,998.0,,,7200    REMMET                       AV,,34.201,-118.6003
201110214,06/08/2020 12:00:00 AM,03/31/2020 12:00:00 AM,915,11,Northeast,1139,2,354,THEFT OF IDENTITY,1501,54,F,W,501.0,SINGLE FAMILY DWELLING,,,IC,Invest Cont,354.0,,,,5600    VIA MARISOL,,34.104,-118.1915
221304762,01/17/2022 12:00:00 AM,01/16/2022 12:00:00 AM,1355,13,Newton,1303,2,624,BATTERY - SIMPLE ASSAULT,0342 0446 1309,49,M,H,101.0,STREET,400.0,"STRONG-ARM (HANDS, FIST, FEET OR BODILY FORCE)",IC,Invest Cont,624.0,,,,MAPLE                        AV,11TH                         ST,34.0372,-118.2551
230117835,08/12/2023 12:00:00 AM,08/12/2023 12:00:00 AM,30,1,Central,164,1,352,PICKPOCKET,1822 0344,27,F,H,735.0,NIGHT CLUB (OPEN EVENINGS ONLY),,,IC,Invest Cont,352.0,,,,600 S  SPRING                       ST,,34.046,-118.251
230517012,12/18/2023 12:00:00 AM,12/16/2023 12:00:00 AM,1700,5,Harbor,585,1,510,VEHICLE - STOLEN,,0,,,101.0,STREET,,,IC,Invest Cont,510.0,,,,700 W  24TH                         ST,,33.7225,-118.2924
200413985,10/19/2020 12:00:00 AM,10/19/2020 12:00:00 AM,210,4,Hollenbeck,477,2,930,CRIMINAL THREATS - NO WEAPON DISPLAYED,1300 0421 0312 1822 0371,51,F,H,101.0,STREET,511.0,VERBAL THREAT,IC,Invest Cont,930.0,,,,CAMULOS,WHITTIER,34.0319,-118.21
221110537,06/18/2022 12:00:00 AM,06/17/2022 12:00:00 AM,1800,11,Northeast,1163,1,210,ROBBERY,0344 0411 1822,36,M,H,101.0,STREET,223.0,UNKNOWN TYPE CUTTING INSTRUMENT,IC,Invest Cont,210.0,,,,1100 N  VERMONT                      AV,,34.0932,-118.2939
230601128,11/10/2023 12:00:00 AM,11/10/2023 12:00:00 AM,840,6,Hollywood,625,2,930,CRIMINAL THREATS - NO WEAPON DISPLAYED,1501 0913 0443,51,M,O,502.0,"MULTI-UNIT DWELLING (APARTMENT, DUPLEX, ETC)",511.0,VERBAL THREAT,IC,Invest Cont,930.0,,,,7200    SENALDA                      RD,,34.1156,-118.3459
220906050,02/24/2022 12:00:00 AM,01/17/2022 12:00:00 AM,1200,9,Van Nuys,964,2,354,THEFT OF IDENTITY,0928 1822,53,M,H,502.0,"MULTI-UNIT DWELLING (APARTMENT, DUPLEX, ETC)",,,IC,Invest Cont,354.0,,,,4900    HAZELTINE                    AV,,34.1594,-118.44
201012407,08/25/2020 12:00:00 AM,08/14/2020 12:00:00 AM,1355,10,West Valley,1063,1,442,SHOPLIFTING - PETTY THEFT ($950 & UNDER),0325 1822 0104,0,M,W,402.0,MARKET,,,AO,Adult Other,442.0,,,,18400 W  VENTURA                      BL,,34.1679,-118.5338
221608643,05/22/2022 12:00:00 AM,05/21/2022 12:00:00 AM,1700,16,Foothill,1676,1,236,INTIMATE PARTNER - AGGRAVATED ASSAULT,0913 2000 1814 0407,26,F,B,108.0,PARKING LOT,200.0,KNIFE WITH BLADE 6INCHES OR LESS,AO,Adult Other,236.0,,,,8700    SUNLAND                      BL,,34.228,-118.3662
211808922,03/31/2021 12:00:00 AM,03/31/2021 12:00:00 AM,2150,18,Southeast,1824,1,210,ROBBERY,0913 0602 0561 0416 0337 0344,44,F,H,501.0,SINGLE FAMILY DWELLING,400.0,"STRONG-ARM (HANDS, FIST, FEET OR BODILY FORCE)",AO,Adult Other,210.0,,,,800 E  COLDEN                       AV,,33.9493,-118.2608
210122644,12/20/2021 12:00:00 AM,12/20/2021 12:00:00 AM,1630,1,Central,171,1,341,"THEFT-GRAND ($950.01 & OVER)EXCPT,GUNS,FOWL,LIVESTK,PROD",0344 2032 1822,44,M,W,203.0,OTHER BUSINESS,,,IC,Invest Cont,341.0,,,,900    GEORGIA                      ST,,34.0471,-118.266
210320502,12/21/2021 12:00:00 AM,12/21/2021 12:00:00 AM,1245,3,Southwest,301,2,946,OTHER MISCELLANEOUS CRIME,0443,37,M,H,101.0,STREET,511.0,VERBAL THREAT,IC,Invest Cont,946.0,,,,WASHINGTON,FAIRFAX,34.0334,-118.3639
221407323,03/10/2022 12:00:00 AM,03/05/2022 12:00:00 AM,1600,14,Pacific,1435,1,341,"THEFT-GRAND ($950.01 & OVER)EXCPT,GUNS,FOWL,LIVESTK,PROD",0344,25,M,B,502.0,"MULTI-UNIT DWELLING (APARTMENT, DUPLEX, ETC)",,,IC,Invest Cont,341.0,,,,11500    VENICE                       BL,,34.0097,-118.4229
241507311,03/08/2024 12:00:00 AM,03/07/2024 12:00:00 AM,1800,15,N Hollywood,1533,1,330,BURGLARY FROM VEHICLE,1300 0352 1306 2034 0344,37,M,W,104.0,DRIVEWAY,,,IC,Invest Cont,330.0,,,,12000    BURBANK                      BL,,34.1751,-118.3943
231319870,10/31/2023 12:00:00 AM,10/29/2023 12:00:00 AM,100,13,Newton,1313,2,740,"VANDALISM - FELONY ($400 & OVER, ALL CHURCH VANDALISMS)",0329 1307 1822,33,M,W,122.0,"VEHICLE, PASSENGER/TRUCK",,,IC,Invest Cont,740.0,,,,1100 E  18TH                         ST,,34.0262,-118.2518
232007570,03/30/2023 12:00:00 AM,03/30/2023 12:00:00 AM,1930,20,Olympic,2079,1,510,VEHICLE - STOLEN,,0,,,101.0,STREET,,,IC,Invest Cont,510.0,,,,2300 W  PICO                         BL,,34.0473,-118.2865
221915708,10/14/2022 12:00:00 AM,10/14/2022 12:00:00 AM,1725,19,Mission,1935,2,624,BATTERY - SIMPLE ASSAULT,0913 1817 0416,47,M,W,721.0,HIGH SCHOOL,400.0,"STRONG-ARM (HANDS, FIST, FEET OR BODILY FORCE)",AA,Adult Arrest,624.0,,,,11100    ALEMANY                      DR,,34.2757,-118.4613
230304143,01/03/2023 12:00:00 AM,01/03/2023 12:00:00 AM,1130,3,Southwest,363,2,930,CRIMINAL THREATS - NO WEAPON DISPLAYED,1822 1912 0432 0421 0422,56,M,B,502.0,"MULTI-UNIT DWELLING (APARTMENT, DUPLEX, ETC)",511.0,VERBAL THREAT,IC,Invest Cont,930.0,,,,4100    BUCKINGHAM                   RD,,34.0121,-118.3423
211114875,11/01/2021 12:00:00 AM,10/30/2021 12:00:00 AM,1800,11,Northeast,1158,1,510,VEHICLE - STOLEN,,0,,,101.0,STREET,,,IC,Invest Cont,510.0,,,,3900    GLENALBYN                    DR,,34.0927,-118.2135
230604353,01/05/2023 12:00:00 AM,12/03/2022 12:00:00 AM,1500,6,Hollywood,644,1,440,THEFT PLAIN - PETTY ($950 & UNDER),0344 1822 1501,58,M,W,504.0,OTHER RESIDENCE,,,IC,Invest Cont,440.0,,,,1300 N  MARTEL                       AV,,34.0944,-118.3507
230811714,07/06/2023 12:00:00 AM,07/06/2023 12:00:00 AM,1810,8,West LA,853,1,440,THEFT PLAIN - PETTY ($950 & UNDER),1822 0344 2032,68,F,H,738.0,LIBRARY,,,IC,Invest Cont,440.0,,,,11300    SANTA MONICA                 BL,,34.0464,-118.4488
210306235,02/16/2021 12:00:00 AM,02/15/2021 12:00:00 AM,1320,3,Southwest,379,1,440,THEFT PLAIN - PETTY ($950 & UNDER),0344 0394 1822,33,F,H,502.0,"MULTI-UNIT DWELLING (APARTMENT, DUPLEX, ETC)",,,IC,Invest Cont,440.0,,,,1000 W  38TH                         ST,,34.0168,-118.2931
220909942,06/05/2022 12:00:00 AM,06/03/2022 12:00:00 AM,2100,9,Van Nuys,933,2,626,INTIMATE PARTNER - SIMPLE ASSAULT,0408 0419 0444 2002 1243 0448 0369 0446 0400 2000,22,F,H,502.0,"MULTI-UNIT DWELLING (APARTMENT, DUPLEX, ETC)",400.0,"STRONG-ARM (HANDS, FIST, FEET OR BODILY FORCE)",AO,Adult Other,626.0,,,,6200    CEDROS                       AV,,34.1826,-118.4531
221806638,02/28/2022 12:00:00 AM,02/27/2022 12:00:00 AM,1943,18,Southeast,1881,1,510,VEHICLE - STOLEN,,0,,,104.0,DRIVEWAY,,,IC,Invest Cont,510.0,,,,15800 S  DENVER                       AV,,33.8883,-118.2843
210607908,04/03/2021 12:00:00 AM,04/03/2021 12:00:00 AM,1045,6,Hollywood,645,1,230,"ASSAULT WITH DEADLY WEAPON, AGGRAVATED ASSAULT",2004 1822 0400 1501 0447,51,F,H,103.0,ALLEY,212.0,BOTTLE,IC,Invest Cont,230.0,,,,1700    ORCHID                       AV,,34.103,-118.3402
201218932,08/20/2020 12:00:00 AM,08/20/2020 12:00:00 AM,5,12,77th Street,1268,1,230,"ASSAULT WITH DEADLY WEAPON, AGGRAVATED ASSAULT",1100 0430 1822 1300 0906,44,F,B,501.0,SINGLE FAMILY DWELLING,106.0,UNKNOWN FIREARM,IC,Invest Cont,230.0,,,,MAIN                         ST,SAN PEDRO                    ST,33.964,-118.2739
210613239,07/25/2021 12:00:00 AM,07/25/2021 12:00:00 AM,1,6,Hollywood,625,1,510,VEHICLE - STOLEN,,0,,,101.0,STREET,,,IC,Invest Cont,510.0,,,,6800    ALTA LOMA                    TR,,34.1096,-118.3365
240609859,06/13/2024 12:00:00 AM,06/13/2024 12:00:00 AM,749,6,Hollywood,626,1,440,THEFT PLAIN - PETTY ($950 & UNDER),1822 0344,48,M,C,501.0,SINGLE FAMILY DWELLING,,,IC,Invest Cont,440.0,,,,6400    TIMMONS TRL,,34.1128,-118.3287
221515936,10/07/2022 12:00:00 AM,10/06/2022 12:00:00 AM,1815,15,N Hollywood,1543,1,331,THEFT FROM MOTOR VEHICLE - GRAND ($950.01 AND OVER),1300 0344,23,F,W,502.0,"MULTI-UNIT DWELLING (APARTMENT, DUPLEX, ETC)",,,IC,Invest Cont,331.0,,,,CORTEEN                      PL,BURBANK                      BL,34.1721,-118.402
241509872,05/01/2024 12:00:00 AM,04/12/2024 12:00:00 AM,1415,15,N Hollywood,1565,1,440,THEFT PLAIN - PETTY ($950 & UNDER),1822 0344,21,F,H,707.0,GARAGE/CARPORT,,,IC,Invest Cont,440.0,,,,11200    MOORPARK                     ST,,34.1504,-118.3752
230310055,04/28/2023 12:00:00 AM,04/26/2023 12:00:00 AM,1700,3,Southwest,308,1,510,VEHICLE - STOLEN,,0,,,101.0,STREET,,,IC,Invest Cont,510.0,,,,1900    PARK GROVE                   AV,,34.0347,-118.2809
211116967,12/31/2021 12:00:00 AM,12/30/2021 12:00:00 AM,1730,11,Northeast,1113,1,210,ROBBERY,0325 1822 0432 0945,0,X,X,404.0,DEPARTMENT STORE,113.0,SIMULATED GUN,IC,Invest Cont,210.0,,,,2800    COLORADO                     BL,,34.1428,-118.2261
220117312,08/01/2022 12:00:00 AM,07/20/2022 12:00:00 AM,1100,1,Central,163,2,950,"DEFRAUDING INNKEEPER/THEFT OF SERVICES, OVER $950.01",1501 0913,0,X,X,203.0,OTHER BUSINESS,,,IC,Invest Cont,950.0,,,,700 S  BROADWAY,,34.0452,-118.2533
221821976,12/10/2022 12:00:00 AM,12/10/2022 12:00:00 AM,250,18,Southeast,1842,1,236,INTIMATE PARTNER - AGGRAVATED ASSAULT,0408 0416 0913 1814 2000,30,F,B,502.0,"MULTI-UNIT DWELLING (APARTMENT, DUPLEX, ETC)",400.0,"STRONG-ARM (HANDS, FIST, FEET OR BODILY FORCE)",AA,Adult Arrest,236.0,,,,11200 S  FIGUEROA                     ST,,33.9329,-118.2826
222109489,05/22/2022 12:00:00 AM,05/21/2022 12:00:00 AM,1545,21,Topanga,2156,1,440,THEFT PLAIN - PETTY ($950 & UNDER),0397 0344,26,F,X,727.0,SHOPPING MALL (COMMON AREA),,,IC,Invest Cont,440.0,,,,6700    TOPANGA CANYON               BL,,34.1923,-118.6059
230208225,03/28/2023 12:00:00 AM,03/28/2020 12:00:00 AM,1450,2,Rampart,237,2,354,THEFT OF IDENTITY,1822 0100 0917,20,F,B,501.0,SINGLE FAMILY DWELLING,,,IC,Invest Cont,354.0,,,,200    WITMER                       ST,,34.061,-118.2615
222110166,06/06/2022 12:00:00 AM,06/04/2022 12:00:00 AM,2130,21,Topanga,2187,2,354,THEFT OF IDENTITY,0377 1822,40,M,B,502.0,"MULTI-UNIT DWELLING (APARTMENT, DUPLEX, ETC)",,,IC,Invest Cont,354.0,,,,20900    VENTURA                      BL,,34.1664,-118.5882
221701083,09/25/2022 12:00:00 AM,09/25/2022 12:00:00 AM,10,17,Devonshire,1751,1,220,ATTEMPTED ROBBERY,0400 0334 0449 1402 0913 1817,49,M,H,124.0,BUS STOP,204.0,FOLDING KNIFE,AA,Adult Arrest,220.0,998.0,,,10000    OLD DEPOT PLAZA              RD,,34.25,-118.599
221510113,05/18/2022 12:00:00 AM,05/16/2022 12:00:00 AM,1530,15,N Hollywood,1555,1,330,BURGLARY FROM VEHICLE,1300 0344,43,F,W,707.0,GARAGE/CARPORT,,,IC,Invest Cont,330.0,,,,11200    HUSTON                       ST,,34.16,-118.3746
201212581,05/11/2020 12:00:00 AM,05/10/2020 12:00:00 AM,2130,12,77th Street,1269,1,420,THEFT FROM MOTOR VEHICLE - PETTY ($950 & UNDER),1822 0344 1606,34,F,H,502.0,"MULTI-UNIT DWELLING (APARTMENT, DUPLEX, ETC)",,,IC,Invest Cont,420.0,,,,700 E  82ND                         ST,,33.9647,-118.2629
230808724,04/24/2023 12:00:00 AM,04/24/2023 12:00:00 AM,1315,8,West LA,858,2,940,EXTORTION,0337 1813,65,M,W,502.0,"MULTI-UNIT DWELLING (APARTMENT, DUPLEX, ETC)",,,AO,Adult Other,940.0,,,,1100 S  CLARK                        DR,,34.0571,-118.3847
222113242,08/18/2022 12:00:00 AM,08/18/2022 12:00:00 AM,2220,21,Topanga,2136,2,901,VIOLATION OF RESTRAINING ORDER,2038,44,F,H,502.0,"MULTI-UNIT DWELLING (APARTMENT, DUPLEX, ETC)",,,AO,Adult Other,901.0,,,,7300    MILWOOD                      AV,,34.2029,-118.5943
231004214,01/05/2023 12:00:00 AM,01/05/2023 12:00:00 AM,1244,10,West Valley,1011,1,310,BURGLARY,1822 0344 1609 0321,58,F,A,501.0,SINGLE FAMILY DWELLING,,,IC,Invest Cont,310.0,,,,7400    CALVIN                       AV,,34.2047,-118.5557
201816193,08/25/2020 12:00:00 AM,08/23/2020 12:00:00 AM,130,18,Southeast,1827,2,740,"VANDALISM - FELONY ($400 & OVER, ALL CHURCH VANDALISMS)",1822 0329 1307,46,M,B,122.0,"VEHICLE, PASSENGER/TRUCK",,,IC,Invest Cont,740.0,,,,E  103RD                        ST,BEACH                        ST,33.9432,-118.2421
241509072,04/14/2024 12:00:00 AM,04/14/2024 12:00:00 AM,2215,15,N Hollywood,1591,2,625,OTHER ASSAULT,1266 0416 1822 0445 2004,27,M,H,108.0,PARKING LOT,400.0,"STRONG-ARM (HANDS, FIST, FEET OR BODILY FORCE)",IC,Invest Cont,625.0,,,,4000    LAUREL CANYON                BL,,34.1325,-118.3974
211312266,07/06/2021 12:00:00 AM,07/01/2021 12:00:00 AM,1830,13,Newton,1393,1,310,BURGLARY,0344 0329,43,M,B,720.0,JUNIOR HIGH SCHOOL,,,IC,Invest Cont,310.0,998.0,,,100 W  69TH                         ST,,33.9774,-118.2777
231320513,11/13/2023 12:00:00 AM,11/13/2023 12:00:00 AM,1300,13,Newton,1352,1,236,INTIMATE PARTNER - AGGRAVATED ASSAULT,0411 0913 1402 1814 2000,22,F,H,501.0,SINGLE FAMILY DWELLING,204.0,FOLDING KNIFE,AA,Adult Arrest,236.0,998.0,,,200 E  43RD                         PL,,34.0047,-118.2721
222012537,07/23/2022 12:00:00 AM,07/23/2022 12:00:00 AM,2130,20,Olympic,2069,1,210,ROBBERY,0344 0334 1822,25,M,H,502.0,"MULTI-UNIT DWELLING (APARTMENT, DUPLEX, ETC)",400.0,"STRONG-ARM (HANDS, FIST, FEET OR BODILY FORCE)",AO,Adult Other,210.0,,,,1100 S  HOOVER                       ST,,34.0499,-118.2879
201200678,05/07/2020 12:00:00 AM,05/07/2020 12:00:00 AM,2100,12,77th Street,1251,1,230,"ASSAULT WITH DEADLY WEAPON, AGGRAVATED ASSAULT",1402 1100 1407 1822 1309 0430 0342 0906,19,M,B,101.0,STREET,102.0,HAND GUN,IC,Invest Cont,230.0,,,,73RD                         ST,8TH                          AV,33.9731,-118.3304
211821014,11/30/2021 12:00:00 AM,08/29/2021 12:00:00 AM,1455,18,Southeast,1837,2,956,"LETTERS, LEWD  -  TELEPHONE CALLS, LEWD",1202 1822 0443,64,F,B,501.0,SINGLE FAMILY DWELLING,,,IC,Invest Cont,956.0,,,,11300    MONITOR                      AV,,33.9316,-118.2402
220409464,06/06/2022 12:00:00 AM,06/05/2022 12:00:00 AM,230,4,Hollenbeck,448,1,236,INTIMATE PARTNER - AGGRAVATED ASSAULT,0913 1814 2000 0400 0408 1402,20,F,W,501.0,SINGLE FAMILY DWELLING,400.0,"STRONG-ARM (HANDS, FIST, FEET OR BODILY FORCE)",AO,Adult Other,236.0,998.0,,,1200    RICARDO                      ST,,34.0565,-118.2006
211820773,11/29/2021 12:00:00 AM,11/27/2021 12:00:00 AM,2130,18,Southeast,1832,1,510,VEHICLE - STOLEN,,0,,,101.0,STREET,,,IC,Invest Cont,510.0,,,,200 E  104TH                        ST,,33.9419,-118.2717
200504927,01/22/2020 12:00:00 AM,01/07/2020 12:00:00 AM,2110,5,Harbor,529,1,310,BURGLARY,2004 0913 1607 0344 0202,0,X,X,503.0,HOTEL,,,IC,Invest Cont,310.0,,,,500    BROAD                        AV,,33.7757,-118.2608
210715822,11/20/2021 12:00:00 AM,11/17/2021 12:00:00 AM,2200,7,Wilshire,711,1,510,VEHICLE - STOLEN,,0,,,707.0,GARAGE/CARPORT,,,IC,Invest Cont,510.0,,,,400 N  HAYWORTH                     AV,,34.0782,-118.3627
211610574,08/16/2021 12:00:00 AM,08/13/2021 12:00:00 AM,1000,16,Foothill,1681,2,745,VANDALISM - MISDEAMEANOR ($399 OR UNDER),0344,65,M,H,501.0,SINGLE FAMILY DWELLING,,,IC,Invest Cont,745.0,,,,8800    MOREHART                     AV,,34.2299,-118.403
200105318,01/20/2020 12:00:00 AM,01/20/2020 12:00:00 AM,1,1,Central,121,2,626,INTIMATE PARTNER - SIMPLE ASSAULT,2000 0913 1814 0429 0448 1414,25,F,O,502.0,"MULTI-UNIT DWELLING (APARTMENT, DUPLEX, ETC)",400.0,"STRONG-ARM (HANDS, FIST, FEET OR BODILY FORCE)",AO,Adult Other,626.0,,,,900 W  TEMPLE                       ST,,34.0607,-118.2494
211011109,08/09/2021 12:00:00 AM,07/21/2021 12:00:00 AM,1200,10,West Valley,1012,2,940,EXTORTION,0906 0913 0371 0359 0432 0421,35,M,O,203.0,OTHER BUSINESS,511.0,VERBAL THREAT,AO,Adult Other,940.0,,,,7300    RESEDA                       BL,,34.2048,-118.54
201408566,03/19/2020 12:00:00 AM,03/18/2020 12:00:00 AM,2010,14,Pacific,1459,1,420,THEFT FROM MOTOR VEHICLE - PETTY ($950 & UNDER),1606 0344 1300,73,M,W,104.0,DRIVEWAY,,,IC,Invest Cont,420.0,,,,11100    GREENLAWN                    AV,,34.0031,-118.4022
200318861,10/14/2020 12:00:00 AM,10/14/2020 12:00:00 AM,1420,3,Southwest,395,1,442,SHOPLIFTING - PETTY THEFT ($950 & UNDER),1309 1822 0104 0202 0325,19,X,X,408.0,AUTO SUPPLY STORE*,,,IC,Invest Cont,442.0,,,,4300 S  WESTERN                      AV,,34.0052,-118.3089
241108306,05/24/2024 12:00:00 AM,05/23/2024 12:00:00 AM,2100,11,Northeast,1177,2,740,"VANDALISM - FELONY ($400 & OVER, ALL CHURCH VANDALISMS)",0329 0311,0,X,X,215.0,"TRAIN DEPOT/TERMINAL, OTHER THAN MTA",,,IC,Invest Cont,740.0,,,,SAN FERNANDO                 RD,MCCLURE                      ST,34.0877,-118.2259
200508081,04/09/2020 12:00:00 AM,04/08/2020 12:00:00 AM,2100,5,Harbor,506,1,510,VEHICLE - STOLEN,,0,,,101.0,STREET,,,IC,Invest Cont,510.0,,,,WESTERN,219TH                        ST,33.8291,-118.309
201227204,12/27/2020 12:00:00 AM,12/27/2020 12:00:00 AM,400,12,77th Street,1269,1,420,THEFT FROM MOTOR VEHICLE - PETTY ($950 & UNDER),1822 0344 1309 0443 0216,25,F,H,101.0,STREET,,,IC,Invest Cont,420.0,,,,82ND                         ST,WADSWORTH,33.9647,-118.2586
212108308,04/29/2021 12:00:00 AM,04/28/2021 12:00:00 AM,2300,21,Topanga,2158,1,510,VEHICLE - STOLEN,,0,,,108.0,PARKING LOT,,,AO,Adult Other,510.0,,,,6200    DE SOTO                      AV,,34.1833,-118.5899
231207251,02/22/2023 12:00:00 AM,02/22/2023 12:00:00 AM,2135,12,77th Street,1265,1,210,ROBBERY,1822 0325 0344 0400 0416 0444 1309 0945,0,X,X,402.0,MARKET,400.0,"STRONG-ARM (HANDS, FIST, FEET OR BODILY FORCE)",IC,Invest Cont,210.0,,,,8100 S  VERMONT                      AV,,33.9611,-118.2917
200807157,03/06/2020 12:00:00 AM,03/05/2020 12:00:00 AM,2100,8,West LA,842,1,341,"THEFT-GRAND ($950.01 & OVER)EXCPT,GUNS,FOWL,LIVESTK,PROD",1822 0344 0346,22,F,W,502.0,"MULTI-UNIT DWELLING (APARTMENT, DUPLEX, ETC)",,,IC,Invest Cont,341.0,,,,1400    BARRY                        AV,,34.0467,-118.4572
230120539,09/25/2023 12:00:00 AM,09/25/2023 12:00:00 AM,1,1,Central,176,1,510,VEHICLE - STOLEN,,0,,,123.0,PARKING UNDERGROUND/BUILDING,,,IC,Invest Cont,510.0,,,,300 E  8TH                          ST,,34.0413,-118.2517
201417523,09/21/2020 12:00:00 AM,06/28/2020 12:00:00 AM,1500,14,Pacific,1496,1,510,VEHICLE - STOLEN,,0,,,707.0,GARAGE/CARPORT,,,IC,Invest Cont,510.0,,,,9800    VICKSBURG                    AV,,33.9464,-118.394
210405780,02/18/2021 12:00:00 AM,02/05/2021 12:00:00 AM,640,4,Hollenbeck,464,1,331,THEFT FROM MOTOR VEHICLE - GRAND ($950.01 AND OVER),0344,0,M,W,108.0,PARKING LOT,,,IC,Invest Cont,331.0,,,,200 N  BREED                        ST,,34.0456,-118.2101
211213712,06/11/2021 12:00:00 AM,06/11/2021 12:00:00 AM,500,12,77th Street,1267,1,230,"ASSAULT WITH DEADLY WEAPON, AGGRAVATED ASSAULT",1100 1822 0302 0450,33,F,B,101.0,STREET,102.0,HAND GUN,IC,Invest Cont,230.0,,,,FIGUEROA                     ST,83RD                         ST,33.9632,-118.2827
231808119,03/25/2023 12:00:00 AM,03/25/2023 12:00:00 AM,1545,18,Southeast,1827,2,626,INTIMATE PARTNER - SIMPLE ASSAULT,0913 1814 0416 2024 1259,16,M,H,501.0,SINGLE FAMILY DWELLING,400.0,"STRONG-ARM (HANDS, FIST, FEET OR BODILY FORCE)",IC,Invest Cont,626.0,,,,9400    HICKORY                      ST,,33.9514,-118.2352
212110092,06/13/2021 12:00:00 AM,06/13/2021 12:00:00 AM,2050,21,Topanga,2107,1,210,ROBBERY,0302 0355 0344 0330 0369 1317 0916 1822,60,M,H,108.0,PARKING LOT,109.0,SEMI-AUTOMATIC PISTOL,IC,Invest Cont,210.0,510.0,,,20800    ROSCOE                       BL,,34.2234,-118.5932
210200878,08/29/2021 12:00:00 AM,08/29/2021 12:00:00 AM,1135,2,Rampart,275,2,888,TRESPASSING,1501 2004 1822 1402,0,X,X,301.0,GAS STATION,,,IC,Invest Cont,888.0,998.0,,,1600 W  OLYMPIC                      BL,,0.0,0.0
200116544,08/17/2020 12:00:00 AM,08/16/2020 12:00:00 AM,1735,1,Central,118,1,330,BURGLARY FROM VEHICLE,1307 0344 0329 1609 1822,25,F,W,101.0,STREET,,,IC,Invest Cont,330.0,,,,1400 N  SPRING                       ST,,34.0666,-118.2328
230312801,06/27/2023 12:00:00 AM,06/27/2023 12:00:00 AM,1710,3,Southwest,395,2,946,OTHER MISCELLANEOUS CRIME,1822 2004 2032,36,F,B,501.0,SINGLE FAMILY DWELLING,,,AO,Adult Other,946.0,,,,4200    LA SALLE                     AV,,34.0073,-118.3057
231011564,07/22/2023 12:00:00 AM,07/22/2023 12:00:00 AM,1350,10,West Valley,1097,2,626,INTIMATE PARTNER - SIMPLE ASSAULT,0913 1814 2000 0400 0444 0429,42,F,O,501.0,SINGLE FAMILY DWELLING,500.0,UNKNOWN WEAPON/OTHER WEAPON,AO,Adult Other,626.0,,,,4700    WHITE OAK                    AV,,34.1413,-118.506
211309098,04/30/2021 12:00:00 AM,04/29/2021 12:00:00 AM,1500,13,Newton,1333,2,740,"VANDALISM - FELONY ($400 & OVER, ALL CHURCH VANDALISMS)",0329 1300,33,F,H,122.0,"VEHICLE, PASSENGER/TRUCK",,,IC,Invest Cont,740.0,,,,800 E  33RD                         ST,,34.0148,-118.2615
200401003,08/18/2020 12:00:00 AM,08/18/2020 12:00:00 AM,405,4,Hollenbeck,497,1,310,BURGLARY,0342 0344 1607 1402,0,M,W,203.0,OTHER BUSINESS,,,IC,Invest Cont,310.0,998.0,,,2800 E  PICO                         BL,,34.0188,-118.2159
221322437,12/14/2022 12:00:00 AM,12/14/2022 12:00:00 AM,1850,13,Newton,1333,1,442,SHOPLIFTING - PETTY THEFT ($950 & UNDER),0325 0344,0,M,W,405.0,CLOTHING STORE,,,IC,Invest Cont,442.0,,,,3200 S  CENTRAL                      AV,,34.0174,-118.2621
222013209,07/30/2022 12:00:00 AM,07/24/2022 12:00:00 AM,2200,20,Olympic,2041,1,310,BURGLARY,0325 0358 1609 1822,0,X,X,203.0,OTHER BUSINESS,,,IC,Invest Cont,310.0,,,,1000    CRENSHAW                     BL,,34.0547,-118.323
241210382,04/20/2024 12:00:00 AM,04/20/2024 12:00:00 AM,300,12,77th Street,1215,1,510,VEHICLE - STOLEN,,0,,,101.0,STREET,,,IC,Invest Cont,510.0,,,,53RD                         ST,VERMONT                      AV,33.9941,-118.2915
210814358,09/22/2021 12:00:00 AM,09/15/2021 12:00:00 AM,800,8,West LA,833,1,420,THEFT FROM MOTOR VEHICLE - PETTY ($950 & UNDER),,0,,,101.0,STREET,,,IC,Invest Cont,420.0,,,,WILSHIRE                     BL,WESTWOOD,34.0588,-118.4439
202014053,08/30/2020 12:00:00 AM,08/29/2020 12:00:00 AM,2200,20,Olympic,2069,1,230,"ASSAULT WITH DEADLY WEAPON, AGGRAVATED ASSAULT",1310 0371 0302 1822 0416 0449,22,F,H,101.0,STREET,102.0,HAND GUN,AA,Adult Arrest,230.0,,,,12TH,ELDEN                        AV,34.0491,-118.2877
231016016,10/20/2023 12:00:00 AM,10/13/2023 12:00:00 AM,1830,10,West Valley,1027,1,331,THEFT FROM MOTOR VEHICLE - GRAND ($950.01 AND OVER),1822 0344 1300 0385,42,F,H,501.0,SINGLE FAMILY DWELLING,,,IC,Invest Cont,331.0,,,,7000    BIANCA                       AV,,34.1975,-118.5132
221114347,09/26/2022 12:00:00 AM,09/26/2022 12:00:00 AM,800,11,Northeast,1119,2,900,VIOLATION OF COURT ORDER,1814,30,F,H,704.0,ELEMENTARY SCHOOL,,,AA,Adult Arrest,900.0,,,,1300    YOSEMITE                     DR,,34.1348,-118.1928
220512714,08/19/2022 12:00:00 AM,08/19/2022 12:00:00 AM,2020,5,Harbor,529,2,946,OTHER MISCELLANEOUS CRIME,1822,0,X,X,101.0,STREET,,,IC,Invest Cont,946.0,,,,G                            ST,SANFORD,33.7792,-118.2494
220912912,08/23/2022 12:00:00 AM,08/22/2022 12:00:00 AM,1800,9,Van Nuys,923,1,420,THEFT FROM MOTOR VEHICLE - PETTY ($950 & UNDER),0344,48,F,H,301.0,GAS STATION,,,AA,Adult Arrest,420.0,,,,14900    VICTORY                      BL,,34.1903,-118.4574
202105699,02/07/2020 12:00:00 AM,02/06/2020 12:00:00 AM,2340,21,Topanga,2185,2,740,"VANDALISM - FELONY ($400 & OVER, ALL CHURCH VANDALISMS)",0329 1609,40,M,X,203.0,OTHER BUSINESS,,,IC,Invest Cont,740.0,,,,22200    VENTURA                      BL,,34.1688,-118.6103
210210102,05/16/2021 12:00:00 AM,05/05/2021 12:00:00 AM,1830,2,Rampart,201,2,740,"VANDALISM - FELONY ($400 & OVER, ALL CHURCH VANDALISMS)",0329 1300 2000 1814,53,M,W,122.0,"VEHICLE, PASSENGER/TRUCK",,,AO,Adult Other,740.0,,,,1000 N  BERENDO                      ST,,34.0894,-118.2939
242105377,02/03/2024 12:00:00 AM,12/24/2023 12:00:00 AM,1529,21,Topanga,2149,1,442,SHOPLIFTING - PETTY THEFT ($950 & UNDER),0325,34,M,X,405.0,CLOTHING STORE,,,IC,Invest Cont,442.0,,,,19700    VANOWEN                      ST,,34.1938,-118.5622
220310066,05/03/2022 12:00:00 AM,05/03/2022 12:00:00 AM,1700,3,Southwest,393,2,624,BATTERY - SIMPLE ASSAULT,0602 0554 0416 0446 0913 2021,56,F,B,502.0,"MULTI-UNIT DWELLING (APARTMENT, DUPLEX, ETC)",400.0,"STRONG-ARM (HANDS, FIST, FEET OR BODILY FORCE)",IC,Invest Cont,624.0,,,,4100    LEIMERT                      BL,,34.0098,-118.3242
230513512,09/14/2023 12:00:00 AM,09/08/2023 12:00:00 AM,1500,5,Harbor,513,1,330,BURGLARY FROM VEHICLE,1300 0344 1607 1402,0,X,X,108.0,PARKING LOT,,,IC,Invest Cont,330.0,998.0,,,25800    VERMONT                      AV,,33.7896,-118.2933
240206034,02/07/2024 12:00:00 AM,02/07/2024 12:00:00 AM,1000,2,Rampart,281,1,236,INTIMATE PARTNER - AGGRAVATED ASSAULT,2000 0913 1814 0416 0446 0408 1309,38,F,H,502.0,"MULTI-UNIT DWELLING (APARTMENT, DUPLEX, ETC)",400.0,"STRONG-ARM (HANDS, FIST, FEET OR BODILY FORCE)",AO,Adult Other,236.0,,,,1100 S  ALVARADO                     ST,,34.0503,-118.2808
240604504,12/10/2023 12:00:00 AM,12/10/2023 12:00:00 AM,1124,6,Hollywood,668,1,442,SHOPLIFTING - PETTY THEFT ($950 & UNDER),0325 0601 1822,0,X,X,203.0,OTHER BUSINESS,,,IC,Invest Cont,442.0,,,,5500 W  SUNSET                       BL,,34.0981,-118.3092
222112050,07/24/2022 12:00:00 AM,07/24/2022 12:00:00 AM,115,21,Topanga,2136,1,761,BRANDISH WEAPON,1822 0312 0334,34,M,H,102.0,SIDEWALK,102.0,HAND GUN,IC,Invest Cont,761.0,,,,7200    TOPANGA CANYON               BL,,34.201,-118.606
231408009,03/28/2023 12:00:00 AM,03/12/2023 12:00:00 AM,2035,14,Pacific,1437,1,480,BIKE - STOLEN,0344,29,M,W,502.0,"MULTI-UNIT DWELLING (APARTMENT, DUPLEX, ETC)",,,IC,Invest Cont,480.0,,,,3500 S  SEPULVEDA                    BL,,34.0192,-118.4222
230713543,08/20/2023 12:00:00 AM,07/14/2023 12:00:00 AM,1340,7,Wilshire,722,1,440,THEFT PLAIN - PETTY ($950 & UNDER),1822 0344,27,F,O,403.0,DRUG STORE,,,IC,Invest Cont,440.0,,,,8400    BEVERLY                      BL,,34.0761,-118.3732
241404324,01/07/2024 12:00:00 AM,01/07/2024 12:00:00 AM,2025,14,Pacific,1499,2,624,BATTERY - SIMPLE ASSAULT,2000 0400,37,F,B,101.0,STREET,400.0,"STRONG-ARM (HANDS, FIST, FEET OR BODILY FORCE)",IC,Invest Cont,624.0,,,,5300 W  IMPERIAL                     HY,,33.9308,-118.3729
231417476,09/19/2023 12:00:00 AM,09/18/2023 12:00:00 AM,1953,14,Pacific,1401,1,510,VEHICLE - STOLEN,,0,,,101.0,STREET,,,IC,Invest Cont,510.0,,,,11800    NATIONAL                     BL,,34.0247,-118.4454
241505994,02/10/2024 12:00:00 AM,02/10/2024 12:00:00 AM,1115,15,N Hollywood,1591,1,230,"ASSAULT WITH DEADLY WEAPON, AGGRAVATED ASSAULT",1309 0913 1300 0445,27,F,W,108.0,PARKING LOT,307.0,VEHICLE,IC,Invest Cont,230.0,,,,12800    VENTURA                      BL,,34.1448,-118.4115
210312353,06/30/2021 12:00:00 AM,06/30/2021 12:00:00 AM,900,3,Southwest,312,1,331,THEFT FROM MOTOR VEHICLE - GRAND ($950.01 AND OVER),1822 0344 0385 1300 1202 1402 1309,63,M,H,101.0,STREET,,,IC,Invest Cont,331.0,,,,2900 S  ORANGE                       DR,,34.0262,-118.3558
211414968,07/13/2021 12:00:00 AM,06/01/2021 12:00:00 AM,1300,14,Pacific,1469,2,354,THEFT OF IDENTITY,1501,73,M,B,710.0,OTHER PREMISE,,,IC,Invest Cont,354.0,,,,6100 S  KINGS                        RD,,33.9827,-118.3689
221410564,04/26/2022 12:00:00 AM,04/26/2022 12:00:00 AM,750,14,Pacific,1494,1,440,THEFT PLAIN - PETTY ($950 & UNDER),1822 0344,43,M,B,212.0,TRANSPORTATION FACILITY (AIRPORT),,,IC,Invest Cont,440.0,,,,500    WORLD                        WY,,33.9427,-118.4049
211114211,10/17/2021 12:00:00 AM,10/15/2021 12:00:00 AM,600,11,Northeast,1133,2,434,FALSE IMPRISONMENT,0913 0561 0400 0416 2003 1202,79,F,A,501.0,SINGLE FAMILY DWELLING,400.0,"STRONG-ARM (HANDS, FIST, FEET OR BODILY FORCE)",AA,Adult Arrest,434.0,,,,3000    SILVER LAKE                  BL,,34.1091,-118.2562
221615562,12/28/2022 12:00:00 AM,12/28/2022 12:00:00 AM,147,16,Foothill,1643,1,510,VEHICLE - STOLEN,,0,,,108.0,PARKING LOT,,,IC,Invest Cont,510.0,,,,10400    SAN FERNANDO                 RD,,34.2594,-118.415
221913343,08/17/2022 12:00:00 AM,08/17/2022 12:00:00 AM,1526,19,Mission,1915,1,442,SHOPLIFTING - PETTY THEFT ($950 & UNDER),0325,0,M,O,242.0,"DISCOUNT STORE (99 CENT,DOLLAR,ETC.",,,IC,Invest Cont,442.0,,,,12700    GLENOAKS                     BL,,34.3021,-118.4467
231017659,12/28/2023 12:00:00 AM,12/15/2023 12:00:00 AM,1631,10,West Valley,1083,1,341,"THEFT-GRAND ($950.01 & OVER)EXCPT,GUNS,FOWL,LIVESTK,PROD",1822 0344 0394,63,M,W,501.0,SINGLE FAMILY DWELLING,,,IC,Invest Cont,341.0,,,,18700    PASADERO                     DR,,34.1488,-118.5394
241905885,02/19/2024 12:00:00 AM,02/10/2024 12:00:00 AM,1525,19,Mission,1904,1,440,THEFT PLAIN - PETTY ($950 & UNDER),0394,31,M,H,119.0,"PORCH, RESIDENTIAL",,,IC,Invest Cont,440.0,,,,14000    CARLTON                      LN,,34.3281,-118.4401
202018718,12/23/2020 12:00:00 AM,12/21/2020 12:00:00 AM,2000,20,Olympic,2033,1,310,BURGLARY,1822 0358 1609 0321,48,M,K,203.0,OTHER BUSINESS,,,IC,Invest Cont,310.0,,,,3400 W  8TH                          ST,,34.0577,-118.3048
231810189,05/10/2023 12:00:00 AM,05/10/2023 12:00:00 AM,820,18,Southeast,1802,1,510,VEHICLE - STOLEN,,0,,,104.0,DRIVEWAY,,,IC,Invest Cont,510.0,,,,300 W  MANCHESTER                   AV,,33.9601,-118.2783
241908720,05/09/2024 12:00:00 AM,05/08/2024 12:00:00 AM,49,19,Mission,1981,1,420,THEFT FROM MOTOR VEHICLE - PETTY ($950 & UNDER),1822 0344,0,F,O,101.0,STREET,,,AA,Adult Arrest,420.0,,,,PARTHENIA,ORION,34.2283,-118.472
230707858,03/31/2023 12:00:00 AM,03/31/2023 12:00:00 AM,1511,7,Wilshire,722,1,343,SHOPLIFTING-GRAND THEFT ($950.01 & OVER),0325,0,X,X,417.0,THE BEVERLY CONNECTION,,,IC,Invest Cont,343.0,,,,8400    BEVERLY                      BL,,34.0761,-118.3732
241804209,01/04/2024 12:00:00 AM,01/04/2024 12:00:00 AM,1030,18,Southeast,1827,2,753,DISCHARGE FIREARMS/SHOTS FIRED,1100 1402 1407 1822,0,X,X,101.0,STREET,106.0,UNKNOWN FIREARM,IC,Invest Cont,753.0,998.0,,,CENTURY,GRAPE                        ST,33.9457,-118.2368
220404277,01/10/2022 12:00:00 AM,01/10/2022 12:00:00 AM,1,4,Hollenbeck,445,1,310,BURGLARY,0329 1609 0344,0,M,W,402.0,MARKET,,,IC,Invest Cont,310.0,,,,2000    MARENGO                      ST,,34.0571,-118.2084
221305816,02/05/2022 12:00:00 AM,02/05/2022 12:00:00 AM,1700,13,Newton,1321,2,890,FAILURE TO YIELD,1300 1402,0,X,X,101.0,STREET,,,IC,Invest Cont,890.0,998.0,,,FLOWER                       ST,20TH                         ST,34.0324,-118.2717
230504322,01/09/2023 12:00:00 AM,01/09/2023 12:00:00 AM,1,5,Harbor,585,1,510,VEHICLE - STOLEN,,0,,,101.0,STREET,,,IC,Invest Cont,510.0,,,,2000 S  PACIFIC                      AV,,33.7243,-118.2963
211814882,08/08/2021 12:00:00 AM,08/08/2021 12:00:00 AM,100,18,Southeast,1837,1,230,"ASSAULT WITH DEADLY WEAPON, AGGRAVATED ASSAULT",1822 1100 0371 1300 0450 0906,23,M,B,102.0,SIDEWALK,106.0,UNKNOWN FIREARM,IC,Invest Cont,230.0,,,,103RD                        ST,GRAHAM,33.9432,-118.2425
240308348,03/27/2024 12:00:00 AM,03/26/2024 12:00:00 AM,1730,3,Southwest,357,1,310,BURGLARY,0344 1251 1601 1822,23,F,I,502.0,"MULTI-UNIT DWELLING (APARTMENT, DUPLEX, ETC)",,,IC,Invest Cont,310.0,,,,1100 W  36TH                         PL,,34.0221,-118.2915
230608132,04/06/2023 12:00:00 AM,03/27/2023 12:00:00 AM,1700,6,Hollywood,643,2,354,THEFT OF IDENTITY,1822 0928,25,F,W,502.0,"MULTI-UNIT DWELLING (APARTMENT, DUPLEX, ETC)",,,IC,Invest Cont,354.0,,,,1600 N  LA BREA                      AV,,34.1007,-118.3494
200114175,06/30/2020 12:00:00 AM,06/29/2020 12:00:00 AM,100,1,Central,161,1,236,INTIMATE PARTNER - AGGRAVATED ASSAULT,0913 2000 0416 0400,22,F,H,502.0,"MULTI-UNIT DWELLING (APARTMENT, DUPLEX, ETC)",400.0,"STRONG-ARM (HANDS, FIST, FEET OR BODILY FORCE)",AA,Adult Arrest,236.0,,,,800    FRANCISCO                    ST,,34.0477,-118.2637
230706122,02/16/2023 12:00:00 AM,05/25/2022 12:00:00 AM,2300,7,Wilshire,783,1,510,VEHICLE - STOLEN,,0,,,121.0,YARD (RESIDENTIAL/BUSINESS),,,IC,Invest Cont,510.0,,,,2000    HAUSER                       BL,,34.0391,-118.3603
210506288,02/27/2021 12:00:00 AM,02/26/2021 12:00:00 AM,930,5,Harbor,522,1,420,THEFT FROM MOTOR VEHICLE - PETTY ($950 & UNDER),,0,,,101.0,STREET,,,IC,Invest Cont,420.0,,,,I                            ST,WILMINGTON                   ST,33.7808,-118.2743
210510973,07/02/2021 12:00:00 AM,07/01/2021 12:00:00 AM,1430,5,Harbor,505,1,510,VEHICLE - STOLEN,,0,,,108.0,PARKING LOT,,,IC,Invest Cont,510.0,,,,20300 S  VERMONT                      AV,,33.8468,-118.2904
221208518,03/21/2022 12:00:00 AM,03/21/2022 12:00:00 AM,1100,12,77th Street,1241,2,745,VANDALISM - MISDEAMEANOR ($399 OR UNDER),0360 0913 0329,58,M,B,501.0,SINGLE FAMILY DWELLING,,,IC,Invest Cont,745.0,,,,6100    8TH                          AV,,33.9821,-118.3318
221321129,11/18/2022 12:00:00 AM,11/17/2022 12:00:00 AM,830,13,Newton,1323,1,331,THEFT FROM MOTOR VEHICLE - GRAND ($950.01 AND OVER),0344 0385,23,M,H,708.0,CHURCH/CHAPEL (CHANGED 03-03 FROM CHURCH/TEMPLE),,,IC,Invest Cont,331.0,,,,900 E  23RD                         ST,,34.0232,-118.2578
220210425,05/07/2022 12:00:00 AM,05/05/2022 12:00:00 AM,800,2,Rampart,245,2,354,THEFT OF IDENTITY,1822 0100,34,F,B,504.0,OTHER RESIDENCE,,,IC,Invest Cont,354.0,,,,2400 W  6TH                          ST,,34.0612,-118.2785
230704719,01/16/2023 12:00:00 AM,01/16/2023 12:00:00 AM,1931,7,Wilshire,721,1,440,THEFT PLAIN - PETTY ($950 & UNDER),0325 1822,0,X,X,416.0,THE BEVERLY CENTER,,,IC,Invest Cont,440.0,,,,8500    BEVERLY                      BL,,34.0761,-118.3766
230711513,07/01/2023 12:00:00 AM,07/01/2023 12:00:00 AM,1737,7,Wilshire,721,2,740,"VANDALISM - FELONY ($400 & OVER, ALL CHURCH VANDALISMS)",0329 0202 1822,0,X,X,203.0,OTHER BUSINESS,,,IC,Invest Cont,740.0,,,,300    LA CIENEGA                   BL,,34.0735,-118.3828
210117592,09/27/2021 12:00:00 AM,09/27/2021 12:00:00 AM,30,1,Central,139,2,745,VANDALISM - MISDEAMEANOR ($399 OR UNDER),0910 1822 0311 0329,0,X,X,135.0,MTA PROPERTY OR PARKING LOT,,,IC,Invest Cont,745.0,,,,300 S  SANTA FE                     AV,,34.042,-118.2326
221807395,03/10/2022 12:00:00 AM,03/10/2022 12:00:00 AM,1600,18,Southeast,1836,1,230,"ASSAULT WITH DEADLY WEAPON, AGGRAVATED ASSAULT",0906 0913 1100 0450 0302 0400 0421 1300 1259 0855,15,M,B,511.0,PROJECT/TENEMENT/PUBLIC HOUSING,106.0,UNKNOWN FIREARM,AA,Adult Arrest,230.0,,,,1400 E  103RD                        ST,,33.9423,-118.2484
200205105,01/23/2020 12:00:00 AM,01/08/2020 12:00:00 AM,900,2,Rampart,216,2,354,THEFT OF IDENTITY,1822 0930 0928 0100,23,M,H,501.0,SINGLE FAMILY DWELLING,,,IC,Invest Cont,354.0,,,,400 N  CORONADO                     ST,,34.0732,-118.2728
202010972,06/16/2020 12:00:00 AM,06/16/2020 12:00:00 AM,320,20,Olympic,2055,1,330,BURGLARY FROM VEHICLE,1402 1609 0321 0344 1822,19,M,H,101.0,STREET,,,IC,Invest Cont,330.0,998.0,,,1200 S  NORMANDIE                    AV,,34.0491,-118.3
222000001,02/27/2022 12:00:00 AM,02/27/2022 12:00:00 AM,150,20,Olympic,2029,1,510,VEHICLE - STOLEN,,0,,,101.0,STREET,,,IC,Invest Cont,510.0,,,,3200 W  4TH                          ST,,34.0669,-118.2892
221716754,11/27/2022 12:00:00 AM,11/26/2022 12:00:00 AM,1,17,Devonshire,1785,1,330,BURGLARY FROM VEHICLE,0344 1608 1609 1822,28,M,B,504.0,OTHER RESIDENCE,,,IC,Invest Cont,330.0,,,,8800    ETIWANDA                     AV,,34.2308,-118.5324
230218165,09/27/2023 12:00:00 AM,09/27/2023 12:00:00 AM,1210,2,Rampart,203,1,230,"ASSAULT WITH DEADLY WEAPON, AGGRAVATED ASSAULT",0334 0432 0449 0416 0446 0913 1817,25,M,H,101.0,STREET,200.0,KNIFE WITH BLADE 6INCHES OR LESS,IC,Invest Cont,230.0,,,,700 N  MADISON                      AV,,34.0836,-118.2892
220613015,07/11/2022 12:00:00 AM,07/10/2022 12:00:00 AM,2340,6,Hollywood,669,1,510,VEHICLE - STOLEN,,0,,,101.0,STREET,,,IC,Invest Cont,510.0,,,,1200 N  HOBART                       BL,,34.0933,-118.3046
202107032,03/07/2020 12:00:00 AM,03/06/2020 12:00:00 AM,1900,21,Topanga,2105,1,510,VEHICLE - STOLEN,,0,,,101.0,STREET,,,IC,Invest Cont,510.0,,,,ROSCOE,CANOGA,34.2198,-118.5975
222108205,04/20/2022 12:00:00 AM,04/20/2022 12:00:00 AM,545,21,Topanga,2157,1,480,BIKE - STOLEN,0344 1606,33,F,H,502.0,"MULTI-UNIT DWELLING (APARTMENT, DUPLEX, ETC)",,,IC,Invest Cont,480.0,,,,21000    VANOWEN                      ST,,34.1938,-118.5906
221415363,08/16/2022 12:00:00 AM,08/15/2022 12:00:00 AM,1329,14,Pacific,1469,1,442,SHOPLIFTING - PETTY THEFT ($950 & UNDER),0344,53,M,H,404.0,DEPARTMENT STORE,,,IC,Invest Cont,442.0,,,,6800    LA TIJERA                    BL,,33.9773,-118.3718
222007529,03/23/2022 12:00:00 AM,03/23/2022 12:00:00 AM,1430,20,Olympic,2027,2,625,OTHER ASSAULT,0356 1271 1822,37,M,H,101.0,STREET,400.0,"STRONG-ARM (HANDS, FIST, FEET OR BODILY FORCE)",IC,Invest Cont,625.0,,,,6TH,ALEXANDRIA,34.0636,-118.2979
230120824,09/29/2023 12:00:00 AM,08/29/2023 12:00:00 AM,1200,1,Central,111,2,354,THEFT OF IDENTITY,0930 1822,0,X,X,754.0,MUSEUM,,,IC,Invest Cont,354.0,,,,100    PASEO DE LA PLAZA,,34.0615,-118.2412
221107167,03/26/2022 12:00:00 AM,03/23/2022 12:00:00 AM,2300,11,Northeast,1143,1,341,"THEFT-GRAND ($950.01 & OVER)EXCPT,GUNS,FOWL,LIVESTK,PROD",0344,27,F,W,119.0,"PORCH, RESIDENTIAL",,,IC,Invest Cont,341.0,,,,3300    ROWENA                       AV,,34.111,-118.2769
201916577,11/05/2020 12:00:00 AM,11/04/2020 12:00:00 AM,530,19,Mission,1917,1,420,THEFT FROM MOTOR VEHICLE - PETTY ($950 & UNDER),,0,,,101.0,STREET,,,IC,Invest Cont,420.0,,,,13100    BROMONT                      AV,,34.3088,-118.4353
232017361,10/31/2023 12:00:00 AM,10/25/2023 12:00:00 AM,1130,20,Olympic,2022,1,310,BURGLARY,1822 0344 0321,28,F,B,502.0,"MULTI-UNIT DWELLING (APARTMENT, DUPLEX, ETC)",,,IC,Invest Cont,310.0,,,,300 S  MANHATTAN                    PL,,34.069,-118.3104
221012994,08/20/2022 12:00:00 AM,08/20/2022 12:00:00 AM,20,10,West Valley,1008,2,745,VANDALISM - MISDEAMEANOR ($399 OR UNDER),0329 1822,59,M,H,122.0,"VEHICLE, PASSENGER/TRUCK",,,IC,Invest Cont,745.0,,,,SATICOY                      ST,HAYVENHURST                  AV,34.2084,-118.4944
230910005,05/30/2023 12:00:00 AM,05/30/2023 12:00:00 AM,900,9,Van Nuys,931,1,440,THEFT PLAIN - PETTY ($950 & UNDER),0344 1822,34,M,B,717.0,HEALTH SPA/GYM,,,IC,Invest Cont,440.0,,,,6100 N  SEPULVEDA                    BL,,34.1841,-118.4693
221317769,09/14/2022 12:00:00 AM,09/13/2022 12:00:00 AM,1930,13,Newton,1351,1,330,BURGLARY FROM VEHICLE,0344 1607,26,M,H,101.0,STREET,,,IC,Invest Cont,330.0,,,,S  BROADWAY,W  43RD                         PL,34.0047,-118.2784
200513560,08/30/2020 12:00:00 AM,08/30/2020 12:00:00 AM,950,5,Harbor,528,2,624,BATTERY - SIMPLE ASSAULT,0559 0400 0602 0913,26,M,H,501.0,SINGLE FAMILY DWELLING,400.0,"STRONG-ARM (HANDS, FIST, FEET OR BODILY FORCE)",AO,Adult Other,624.0,,,,900 E  M                            ST,,33.7892,-118.2509
240406522,03/22/2024 12:00:00 AM,03/21/2024 12:00:00 AM,1900,4,Hollenbeck,455,1,510,VEHICLE - STOLEN,,0,,,101.0,STREET,,,IC,Invest Cont,510.0,,,,700 N  BREED                        ST,,34.0522,-118.206
201108636,04/22/2020 12:00:00 AM,04/22/2020 12:00:00 AM,1300,11,Northeast,1151,2,740,"VANDALISM - FELONY ($400 & OVER, ALL CHURCH VANDALISMS)",0329,53,F,B,108.0,PARKING LOT,,,IC,Invest Cont,740.0,,,,1500 N  EDGEMONT                     ST,,34.0982,-118.2961
211508408,04/23/2021 12:00:00 AM,04/23/2021 12:00:00 AM,100,15,N Hollywood,1549,1,510,VEHICLE - STOLEN,,0,,,101.0,STREET,,,IC,Invest Cont,510.0,,,,10300    MAGNOLIA                     BL,,34.1651,-118.3553
231612611,09/30/2023 12:00:00 AM,09/27/2023 12:00:00 AM,2158,16,Foothill,1657,2,940,EXTORTION,1915 1913,32,M,H,501.0,SINGLE FAMILY DWELLING,511.0,VERBAL THREAT,IC,Invest Cont,940.0,,,,10100    PINEWOOD                     AV,,34.253,-118.2907
221612890,09/30/2022 12:00:00 AM,09/29/2022 12:00:00 AM,1800,16,Foothill,1676,1,420,THEFT FROM MOTOR VEHICLE - PETTY ($950 & UNDER),,0,,,101.0,STREET,,,IC,Invest Cont,420.0,,,,8500    GLENOAKS                     BL,,34.225,-118.3618
231107788,04/10/2023 12:00:00 AM,04/09/2023 12:00:00 AM,2130,11,Northeast,1144,1,331,THEFT FROM MOTOR VEHICLE - GRAND ($950.01 AND OVER),1822 0344,51,M,W,101.0,STREET,,,IC,Invest Cont,331.0,,,,2400    IVANHOE                      DR,,34.1017,-118.2609
231500777,06/02/2023 12:00:00 AM,06/02/2023 12:00:00 AM,1530,15,N Hollywood,1543,1,210,ROBBERY,0945 1402 0344 0416 1236 1822 1300 0400 0446 0325,0,M,O,203.0,OTHER BUSINESS,400.0,"STRONG-ARM (HANDS, FIST, FEET OR BODILY FORCE)",AA,Adult Arrest,210.0,998.0,,,12400    MAGNOLIA                     BL,,34.1685,-118.4008
232010470,05/20/2023 12:00:00 AM,05/19/2023 12:00:00 AM,1300,20,Olympic,2054,2,662,"BUNCO, GRAND THEFT",1300 0344 1822 0359 1302,68,F,A,101.0,STREET,,,IC,Invest Cont,662.0,,,,3100 W  OLYMPIC                      BL,,34.0526,-118.3031
221005866,02/20/2022 12:00:00 AM,02/20/2022 12:00:00 AM,230,10,West Valley,1029,2,930,CRIMINAL THREATS - NO WEAPON DISPLAYED,0913 0421 0416 1414,52,M,H,502.0,"MULTI-UNIT DWELLING (APARTMENT, DUPLEX, ETC)",511.0,VERBAL THREAT,AA,Adult Arrest,930.0,,,,6900    WOODLEY                      AV,,34.1961,-118.4837
232009623,04/29/2023 12:00:00 AM,02/25/2022 12:00:00 AM,1800,20,Olympic,2041,2,740,"VANDALISM - FELONY ($400 & OVER, ALL CHURCH VANDALISMS)",0329 1822 1602,27,M,O,122.0,"VEHICLE, PASSENGER/TRUCK",,,IC,Invest Cont,740.0,,,,800    CRENSHAW                     BL,,34.0591,-118.3205
221718198,12/23/2022 12:00:00 AM,03/15/2022 12:00:00 AM,1930,17,Devonshire,1785,2,354,THEFT OF IDENTITY,1822 0930 0344,29,F,H,501.0,SINGLE FAMILY DWELLING,,,IC,Invest Cont,354.0,,,,9200    CREBS                        AV,,34.2373,-118.5442
220908794,05/05/2022 12:00:00 AM,05/03/2022 12:00:00 AM,1930,9,Van Nuys,914,1,510,VEHICLE - STOLEN,,0,,,101.0,STREET,,,IC,Invest Cont,510.0,,,,KESTER                       AV,VANOWEN                      ST,34.1939,-118.4574
221223809,11/16/2022 12:00:00 AM,10/03/2022 12:00:00 AM,1335,12,77th Street,1241,2,354,THEFT OF IDENTITY,0100 0922,24,F,H,501.0,SINGLE FAMILY DWELLING,,,IC,Invest Cont,354.0,,,,6500 S  VICTORIA                     AV,,33.9806,-118.3323
211812800,06/29/2021 12:00:00 AM,06/14/2021 12:00:00 AM,1100,18,Southeast,1827,2,624,BATTERY - SIMPLE ASSAULT,0913 0603 0522 0361 0400,27,F,B,518.0,TRANSITIONAL HOUSING/HALFWAY HOUSE,400.0,"STRONG-ARM (HANDS, FIST, FEET OR BODILY FORCE)",IC,Invest Cont,624.0,,,,9500    HOLMES                       AV,,33.9508,-118.2408
200617573,11/03/2020 12:00:00 AM,11/03/2020 12:00:00 AM,1815,6,Hollywood,646,1,230,"ASSAULT WITH DEADLY WEAPON, AGGRAVATED ASSAULT",1822 0400 0401,28,M,H,210.0,RESTAURANT/FAST FOOD,400.0,"STRONG-ARM (HANDS, FIST, FEET OR BODILY FORCE)",AA,Adult Arrest,230.0,,,,6600 W  SUNSET                       BL,,34.098,-118.3335
211214704,06/28/2021 12:00:00 AM,06/27/2021 12:00:00 AM,1700,12,77th Street,1265,1,510,VEHICLE - STOLEN,,0,,,101.0,STREET,,,IC,Invest Cont,510.0,,,,DENKER                       ST,84TH                         ST,33.9627,-118.3047
211516762,10/28/2021 12:00:00 AM,10/27/2021 12:00:00 AM,1830,15,N Hollywood,1532,1,440,THEFT PLAIN - PETTY ($950 & UNDER),0344,63,F,H,210.0,RESTAURANT/FAST FOOD,,,IC,Invest Cont,440.0,,,,12400    BURBANK                      BL,,34.1797,-118.4014
231004301,01/08/2023 12:00:00 AM,12/29/2022 12:00:00 AM,1945,10,West Valley,1015,2,860,BATTERY WITH SEXUAL CONTACT,0913 1817 0503 0510,63,F,W,122.0,"VEHICLE, PASSENGER/TRUCK",400.0,"STRONG-ARM (HANDS, FIST, FEET OR BODILY FORCE)",AO,Adult Other,860.0,,,,WHITE OAK,SATICOY,34.2084,-118.5186
211000595,02/19/2021 12:00:00 AM,02/19/2021 12:00:00 AM,1552,10,West Valley,1008,1,330,BURGLARY FROM VEHICLE,1300 0358 1309 1822 1609 0344 1402,35,M,H,108.0,PARKING LOT,,,IC,Invest Cont,330.0,998.0,,,16700    ROSCOE                       BL,,34.2203,-118.4959
221312313,06/01/2022 12:00:00 AM,06/01/2022 12:00:00 AM,945,13,Newton,1361,1,330,BURGLARY FROM VEHICLE,0344 1612 1300 0329 1822,33,F,B,116.0,OTHER/OUTSIDE,,,IC,Invest Cont,330.0,,,,4600 S  BROADWAY,,34.002,-118.2783
210316097,09/19/2021 12:00:00 AM,09/17/2021 12:00:00 AM,1119,3,Southwest,341,1,440,THEFT PLAIN - PETTY ($950 & UNDER),1822 0344 0394,41,M,W,502.0,"MULTI-UNIT DWELLING (APARTMENT, DUPLEX, ETC)",,,IC,Invest Cont,440.0,,,,3600    KALSMAN                      DR,,34.0193,-118.3749
211107843,04/21/2021 12:00:00 AM,04/03/2021 12:00:00 AM,1,11,Northeast,1173,2,956,"LETTERS, LEWD  -  TELEPHONE CALLS, LEWD",1906,37,M,B,516.0,SINGLE RESIDENCE OCCUPANCY (SRO'S) LOCATIONS,,,AO,Adult Other,956.0,,,,2000    CERRO GORDO                  ST,,34.0924,-118.2533
201005265,01/30/2020 12:00:00 AM,01/29/2020 12:00:00 AM,1023,10,West Valley,1011,2,930,CRIMINAL THREATS - NO WEAPON DISPLAYED,1822 0421 0337 0213 0206,29,M,H,501.0,SINGLE FAMILY DWELLING,511.0,VERBAL THREAT,IC,Invest Cont,930.0,,,,18900    SHERMAN                      WY,,34.2047,-118.5531
241509759,04/29/2024 12:00:00 AM,04/29/2024 12:00:00 AM,400,15,N Hollywood,1591,2,624,BATTERY - SIMPLE ASSAULT,2002 0446 1822 0344 0416,28,F,B,408.0,AUTO SUPPLY STORE*,400.0,"STRONG-ARM (HANDS, FIST, FEET OR BODILY FORCE)",IC,Invest Cont,624.0,,,,4000    LAUREL CANYON                BL,,34.1325,-118.3974
220914345,09/27/2022 12:00:00 AM,09/27/2022 12:00:00 AM,2200,9,Van Nuys,915,2,930,CRIMINAL THREATS - NO WEAPON DISPLAYED,1402 0319 0421 0913 2000 1813 2004 1419 1407,35,F,O,501.0,SINGLE FAMILY DWELLING,511.0,VERBAL THREAT,AA,Adult Arrest,930.0,998.0,,,6900    TYRONE                       AV,,34.196,-118.4444
211212376,05/18/2021 12:00:00 AM,05/18/2021 12:00:00 AM,1325,12,77th Street,1243,1,230,"ASSAULT WITH DEADLY WEAPON, AGGRAVATED ASSAULT",1402 0913 0361 0445 0416 1240,26,M,H,101.0,STREET,304.0,CLUB/BAT,AA,Adult Arrest,230.0,998.0,,,7000    CIMARRON                     ST,,33.9763,-118.3159
200212096,07/02/2020 12:00:00 AM,06/02/2020 12:00:00 AM,1650,2,Rampart,261,1,440,THEFT PLAIN - PETTY ($950 & UNDER),0913 1817 2021 1202 0344,46,M,H,510.0,NURSING/CONVALESCENT/RETIREMENT HOME,,,AO,Adult Other,440.0,,,,800 S  LAKE                         ST,,34.0567,-118.2815
200909451,05/08/2020 12:00:00 AM,05/01/2020 12:00:00 AM,1600,9,Van Nuys,991,1,330,BURGLARY FROM VEHICLE,1302 0344,52,F,O,101.0,STREET,,,IC,Invest Cont,330.0,,,,3800    SHERVIEW                     DR,,34.1384,-118.4642
221313544,06/27/2022 12:00:00 AM,06/01/2022 12:00:00 AM,1201,13,Newton,1321,2,354,THEFT OF IDENTITY,1822 0100,30,M,B,750.0,CYBERSPACE,,,IC,Invest Cont,354.0,,,,200 E  25TH                         ST,,34.0253,-118.267
230512672,08/24/2023 12:00:00 AM,08/24/2023 12:00:00 AM,135,5,Harbor,589,2,354,THEFT OF IDENTITY,0377 0929,33,F,H,502.0,"MULTI-UNIT DWELLING (APARTMENT, DUPLEX, ETC)",,,IC,Invest Cont,354.0,,,,300 W  33RD                         ST,,33.7142,-118.2862
210109124,04/19/2021 12:00:00 AM,04/19/2021 12:00:00 AM,1600,1,Central,131,1,210,ROBBERY,1822 0337 0416 0429 0344,44,M,H,102.0,SIDEWALK,400.0,"STRONG-ARM (HANDS, FIST, FEET OR BODILY FORCE)",IC,Invest Cont,210.0,,,,3RD,FIGUEROA,34.0569,-118.254
210117295,09/21/2021 12:00:00 AM,09/21/2021 12:00:00 AM,2020,1,Central,138,1,330,BURGLARY FROM VEHICLE,1307 1822 0329 1414 1609 0344,21,F,H,101.0,STREET,,,IC,Invest Cont,330.0,,,,3RD                          ST,SAN PEDRO,34.0473,-118.2425
230108037,03/02/2023 12:00:00 AM,03/02/2023 12:00:00 AM,2147,1,Central,181,2,624,BATTERY - SIMPLE ASSAULT,0416 1822 1266,28,F,B,741.0,STAPLES CENTER *,400.0,"STRONG-ARM (HANDS, FIST, FEET OR BODILY FORCE)",IC,Invest Cont,624.0,,,,1100 S  FIGUEROA                     ST,,34.0431,-118.2692
202111495,07/11/2020 12:00:00 AM,07/10/2020 12:00:00 AM,1500,21,Topanga,2173,2,745,VANDALISM - MISDEAMEANOR ($399 OR UNDER),0329 1307,64,M,W,101.0,STREET,,,IC,Invest Cont,745.0,,,,22800    OSTRONIC                     DR,,34.1666,-118.6277
210918238,12/31/2021 12:00:00 AM,12/08/2021 12:00:00 AM,1500,9,Van Nuys,932,1,330,BURGLARY FROM VEHICLE,0344,57,F,C,410.0,"MEMBERSHIP STORE (COSTCO,SAMS CLUB)*",,,IC,Invest Cont,330.0,,,,6100 N  SEPULVEDA                    BL,,34.1807,-118.4662
200611770,06/24/2020 12:00:00 AM,06/24/2020 12:00:00 AM,1945,6,Hollywood,638,1,230,"ASSAULT WITH DEADLY WEAPON, AGGRAVATED ASSAULT",0400 0416 0913 1414,42,M,H,502.0,"MULTI-UNIT DWELLING (APARTMENT, DUPLEX, ETC)",308.0,STICK,AO,Adult Other,230.0,,,,1700    GARFIELD                     PL,,34.1017,-118.3107
211108767,05/20/2021 12:00:00 AM,05/19/2021 12:00:00 AM,2330,11,Northeast,1146,1,210,ROBBERY,1402 0907 0906 0916 0913 1218 1311 0337 0334 1816,39,M,H,101.0,STREET,102.0,HAND GUN,AO,Adult Other,210.0,998.0,,,FRUITDALE                    ST,RIVERSIDE                    DR,34.1022,-118.2455
231106332,03/02/2023 12:00:00 AM,03/02/2023 12:00:00 AM,45,11,Northeast,1133,2,888,TRESPASSING,0913 1501,66,M,O,121.0,YARD (RESIDENTIAL/BUSINESS),,,IC,Invest Cont,888.0,,,,2900    FINCH                        ST,,34.1113,-118.2618
200813808,09/08/2020 12:00:00 AM,09/08/2020 12:00:00 AM,320,8,West LA,887,1,510,VEHICLE - STOLEN,,0,,,104.0,DRIVEWAY,,,IC,Invest Cont,510.0,,,,9600    OAKMORE                      RD,,34.0477,-118.3969
210510768,06/26/2021 12:00:00 AM,06/07/2021 12:00:00 AM,1657,5,Harbor,506,2,354,THEFT OF IDENTITY,0922 0930,38,F,B,502.0,"MULTI-UNIT DWELLING (APARTMENT, DUPLEX, ETC)",,,IC,Invest Cont,354.0,,,,1300 W  219TH                        ST,,33.8292,-118.3016
201909479,05/05/2020 12:00:00 AM,05/05/2020 12:00:00 AM,30,19,Mission,1901,1,420,THEFT FROM MOTOR VEHICLE - PETTY ($950 & UNDER),0344,39,M,W,101.0,STREET,,,IC,Invest Cont,420.0,,,,BALBOA,SILVER OAKS,34.321,-118.4883
211305531,02/05/2021 12:00:00 AM,01/28/2021 12:00:00 AM,1500,13,Newton,1317,1,310,BURGLARY,0344 1300 0329,46,M,W,108.0,PARKING LOT,,,IC,Invest Cont,310.0,,,,1500 E  WASHINGTON                   BL,,34.0214,-118.2452
231306246,02/13/2023 12:00:00 AM,02/13/2023 12:00:00 AM,1000,13,Newton,1313,1,352,PICKPOCKET,0344 0400 1822 1202,77,M,H,102.0,SIDEWALK,400.0,"STRONG-ARM (HANDS, FIST, FEET OR BODILY FORCE)",IC,Invest Cont,352.0,,,,CENTRAL                      AV,20TH                         ST,34.0237,-118.2512
221714175,09/29/2022 12:00:00 AM,09/29/2022 12:00:00 AM,1705,17,Devonshire,1791,2,626,INTIMATE PARTNER - SIMPLE ASSAULT,1300 0913 2000 1814 0408,22,F,H,501.0,SINGLE FAMILY DWELLING,400.0,"STRONG-ARM (HANDS, FIST, FEET OR BODILY FORCE)",AA,Adult Arrest,626.0,,,,8600    DE SOTO                      AV,,34.227,-118.5885
241410251,06/07/2024 12:00:00 AM,06/07/2024 12:00:00 AM,725,14,Pacific,1453,1,440,THEFT PLAIN - PETTY ($950 & UNDER),0344,51,M,W,102.0,SIDEWALK,,,IC,Invest Cont,440.0,,,,WASHINGTON                   BL,GLENCOE                      AV,33.992,-118.4448
230506110,02/27/2023 12:00:00 AM,02/27/2023 12:00:00 AM,2115,5,Harbor,513,1,230,"ASSAULT WITH DEADLY WEAPON, AGGRAVATED ASSAULT",1822 0342 0431 0432 0917 1278 1310 1202 1701,69,M,O,122.0,"VEHICLE, PASSENGER/TRUCK",512.0,MACE/PEPPER SPRAY,IC,Invest Cont,230.0,,,,7TH                          ST,FRONT                        ST,33.7862,-118.2908
221609144,06/05/2022 12:00:00 AM,06/05/2022 12:00:00 AM,2100,16,Foothill,1641,2,626,INTIMATE PARTNER - SIMPLE ASSAULT,2000 0913 0416 1813,45,M,H,501.0,SINGLE FAMILY DWELLING,400.0,"STRONG-ARM (HANDS, FIST, FEET OR BODILY FORCE)",AA,Adult Arrest,626.0,,,,10300    OMELVENY                     AV,,34.2576,-118.4265
200204209,01/05/2020 12:00:00 AM,01/01/2020 12:00:00 AM,700,2,Rampart,219,1,440,THEFT PLAIN - PETTY ($950 & UNDER),0344 0394 1822,27,F,W,502.0,"MULTI-UNIT DWELLING (APARTMENT, DUPLEX, ETC)",,,IC,Invest Cont,440.0,,,,800 E  EDGEWARE                     RD,,34.0689,-118.2532
201318949,10/24/2020 12:00:00 AM,10/23/2020 12:00:00 AM,2200,13,Newton,1362,1,510,VEHICLE - STOLEN,,0,,,101.0,STREET,,,IC,Invest Cont,510.0,,,,48TH                         ST,AVALON                       BL,33.9998,-118.2652
200708384,04/18/2020 12:00:00 AM,04/17/2020 12:00:00 AM,1500,7,Wilshire,784,1,510,VEHICLE - STOLEN,,0,,,101.0,STREET,,,IC,Invest Cont,510.0,,,,2400 S  SYCAMORE                     AV,,34.0351,-118.353
200117537,09/06/2020 12:00:00 AM,09/06/2020 12:00:00 AM,2104,1,Central,133,2,745,VANDALISM - MISDEAMEANOR ($399 OR UNDER),0329 1609 1822,0,X,X,203.0,OTHER BUSINESS,212.0,BOTTLE,IC,Invest Cont,745.0,,,,200 S  BROADWAY,,34.0522,-118.2469
221316618,08/25/2022 12:00:00 AM,08/25/2022 12:00:00 AM,445,13,Newton,1309,1,520,VEHICLE - ATTEMPT STOLEN,0344,0,M,W,108.0,PARKING LOT,,,IC,Invest Cont,520.0,,,,1200 S  SANTA FE                     AV,,34.0296,-118.23
231515431,09/28/2023 12:00:00 AM,09/27/2023 12:00:00 AM,2200,15,N Hollywood,1525,1,341,"THEFT-GRAND ($950.01 & OVER)EXCPT,GUNS,FOWL,LIVESTK,PROD",,0,,,101.0,STREET,,,IC,Invest Cont,341.0,,,,KITTRIDGE,BEN,34.1903,-118.3943
221113818,09/13/2022 12:00:00 AM,09/11/2022 12:00:00 AM,1800,11,Northeast,1107,1,510,VEHICLE - STOLEN,,0,,,101.0,STREET,,,IC,Invest Cont,510.0,,,,6000    LA PRADA                     ST,,34.1249,-118.1884
211305615,02/07/2021 12:00:00 AM,02/06/2021 12:00:00 AM,2300,13,Newton,1354,1,510,VEHICLE - STOLEN,,0,,,101.0,STREET,,,IC,Invest Cont,510.0,,,,41ST                         PL,MAIN                         ST,34.0082,-118.274
201708245,04/16/2020 12:00:00 AM,04/16/2020 12:00:00 AM,550,17,Devonshire,1705,2,626,INTIMATE PARTNER - SIMPLE ASSAULT,2000 0416 0913 1814,31,M,W,501.0,SINGLE FAMILY DWELLING,400.0,"STRONG-ARM (HANDS, FIST, FEET OR BODILY FORCE)",AA,Adult Arrest,626.0,,,,17000    LISETTE                      ST,,34.313,-118.5202
201508481,04/07/2020 12:00:00 AM,03/28/2020 12:00:00 AM,1200,15,N Hollywood,1589,1,420,THEFT FROM MOTOR VEHICLE - PETTY ($950 & UNDER),,0,,,101.0,STREET,,,IC,Invest Cont,420.0,,,,3600    BARHAM                       BL,,34.1362,-118.342
201807054,02/22/2020 12:00:00 AM,02/22/2020 12:00:00 AM,1415,18,Southeast,1861,2,434,FALSE IMPRISONMENT,2000 1814 0914 0432,38,F,B,502.0,"MULTI-UNIT DWELLING (APARTMENT, DUPLEX, ETC)",400.0,"STRONG-ARM (HANDS, FIST, FEET OR BODILY FORCE)",AO,Adult Other,434.0,,,,11800 S  FIGUEROA                     ST,,33.9274,-118.2871
231505181,01/30/2023 12:00:00 AM,01/30/2023 12:00:00 AM,1800,15,N Hollywood,1529,1,310,BURGLARY,0344,59,M,H,501.0,SINGLE FAMILY DWELLING,,,IC,Invest Cont,310.0,,,,6300    CLEON                        AV,,34.1854,-118.3681
201708408,04/22/2020 12:00:00 AM,04/17/2020 12:00:00 AM,1830,17,Devonshire,1792,1,420,THEFT FROM MOTOR VEHICLE - PETTY ($950 & UNDER),,0,,,101.0,STREET,,,AA,Adult Arrest,420.0,,,,TAMPA,PARTHENIA,34.2282,-118.5535
211507745,04/07/2021 12:00:00 AM,04/06/2021 12:00:00 AM,1930,15,N Hollywood,1535,1,510,VEHICLE - STOLEN,,0,,,101.0,STREET,,,IC,Invest Cont,510.0,,,,5900    TROOST                       AV,,34.1776,-118.3866
240307434,03/05/2024 12:00:00 AM,01/20/2024 12:00:00 AM,900,3,Southwest,374,2,745,VANDALISM - MISDEAMEANOR ($399 OR UNDER),0329 1266 0913,25,M,B,502.0,"MULTI-UNIT DWELLING (APARTMENT, DUPLEX, ETC)",,,IC,Invest Cont,745.0,,,,3800    ARLINGTON                    AV,,34.0183,-118.3182
200907216,03/11/2020 12:00:00 AM,03/10/2020 12:00:00 AM,2253,9,Van Nuys,919,2,624,BATTERY - SIMPLE ASSAULT,0400 0429,42,M,W,502.0,"MULTI-UNIT DWELLING (APARTMENT, DUPLEX, ETC)",400.0,"STRONG-ARM (HANDS, FIST, FEET OR BODILY FORCE)",AO,Adult Other,624.0,,,,7000    WOODMAN                      AV,,34.1976,-118.4312
220107325,02/26/2022 12:00:00 AM,02/26/2022 12:00:00 AM,1900,1,Central,118,1,330,BURGLARY FROM VEHICLE,0329 0344 1609 1307 1822,42,M,W,101.0,STREET,,,IC,Invest Cont,330.0,,,,ANN,SPRING                       ST,34.0661,-118.2328
212110146,06/15/2021 12:00:00 AM,06/15/2021 12:00:00 AM,20,21,Topanga,2148,2,237,CHILD NEGLECT (SEE 300 W.I.C.),,14,M,H,101.0,STREET,,,AA,Adult Arrest,237.0,,,,QUAKERTOWN                   AV,ENADIA,34.1971,-118.5762
200613410,08/02/2020 12:00:00 AM,08/01/2020 12:00:00 AM,705,6,Hollywood,632,1,440,THEFT PLAIN - PETTY ($950 & UNDER),0394 0344 1300 1822,31,M,O,121.0,YARD (RESIDENTIAL/BUSINESS),,,IC,Invest Cont,440.0,,,,8600    HOLLYWOOD                    BL,,34.0995,-118.3772
200909366,05/06/2020 12:00:00 AM,05/05/2020 12:00:00 AM,2015,9,Van Nuys,926,1,236,INTIMATE PARTNER - AGGRAVATED ASSAULT,1218 2000 1402 2004 0431 0913,43,F,B,506.0,ABANDONED BUILDING ABANDONED HOUSE,512.0,MACE/PEPPER SPRAY,AA,Adult Arrest,236.0,998.0,,,14400    VANOWEN                      ST,,34.1939,-118.4466
212116874,11/25/2021 12:00:00 AM,11/24/2021 12:00:00 AM,2000,21,Topanga,2175,1,510,VEHICLE - STOLEN,,0,,,108.0,PARKING LOT,,,IC,Invest Cont,510.0,,,,22100    BURBANK                      BL,,34.172,-118.6076
201212383,05/06/2020 12:00:00 AM,05/06/2020 12:00:00 AM,1215,12,77th Street,1241,2,740,"VANDALISM - FELONY ($400 & OVER, ALL CHURCH VANDALISMS)",0329 0906,33,F,H,122.0,"VEHICLE, PASSENGER/TRUCK",,,IC,Invest Cont,740.0,,,,67TH                         ST,W  8TH                          AV,33.9782,-118.3265
210400542,01/22/2021 12:00:00 AM,01/22/2021 12:00:00 AM,1610,4,Hollenbeck,455,2,740,"VANDALISM - FELONY ($400 & OVER, ALL CHURCH VANDALISMS)",0906 1402 0311 0329,0,M,W,101.0,STREET,,,AA,Adult Arrest,740.0,998.0,,,CITY VIEW,STATE,34.0541,-118.2125
220310976,05/20/2022 12:00:00 AM,05/19/2022 12:00:00 AM,1300,3,Southwest,395,1,310,BURGLARY,1822 1607 0344 0352 1221 0358,46,F,H,502.0,"MULTI-UNIT DWELLING (APARTMENT, DUPLEX, ETC)",,,IC,Invest Cont,310.0,,,,4100 S  WESTERN                      AV,,34.0099,-118.3089
240805653,02/12/2024 12:00:00 AM,02/11/2024 12:00:00 AM,1330,8,West LA,817,2,740,"VANDALISM - FELONY ($400 & OVER, ALL CHURCH VANDALISMS)",0329,25,M,W,707.0,GARAGE/CARPORT,,,AO,Adult Other,740.0,,,,10900    WILSHIRE                     BL,,34.0617,-118.4446
212010941,06/18/2021 12:00:00 AM,06/16/2021 12:00:00 AM,1030,20,Olympic,2027,1,440,THEFT PLAIN - PETTY ($950 & UNDER),0344 1822,36,M,O,733.0,BAR/SPORTS BAR (OPEN DAY & NIGHT),,,IC,Invest Cont,440.0,,,,3300    WILSHIRE                     BL,,34.0636,-118.296
240608740,04/25/2024 12:00:00 AM,04/19/2024 12:00:00 AM,936,6,Hollywood,645,1,442,SHOPLIFTING - PETTY THEFT ($950 & UNDER),1822 0325,0,X,X,203.0,OTHER BUSINESS,,,IC,Invest Cont,442.0,,,,7000    HOLLYWOOD                    BL,,34.1015,-118.3417
231806236,02/12/2023 12:00:00 AM,02/11/2023 12:00:00 AM,200,18,Southeast,1841,1,510,VEHICLE - STOLEN,,0,,,101.0,STREET,,,IC,Invest Cont,510.0,,,,11000 S  HOOVER                       ST,,33.9356,-118.287
201116207,12/01/2020 12:00:00 AM,11/29/2020 12:00:00 AM,1505,11,Northeast,1142,2,860,BATTERY WITH SEXUAL CONTACT,0448 0522 1822 0551,0,F,X,252.0,"COFFEE SHOP (STARBUCKS, COFFEE BEAN, PEET'S, ETC.)",400.0,"STRONG-ARM (HANDS, FIST, FEET OR BODILY FORCE)",IC,Invest Cont,860.0,,,,HILLHURST                    AV,LOS FELIZ,34.1119,-118.2874
211820272,11/19/2021 12:00:00 AM,11/17/2021 12:00:00 AM,2200,18,Southeast,1834,1,510,VEHICLE - STOLEN,,0,,,101.0,STREET,,,IC,Invest Cont,510.0,,,,107TH,SAN PEDRO,33.9393,-118.2695
221907392,03/24/2022 12:00:00 AM,03/21/2022 12:00:00 AM,2000,19,Mission,1915,2,902,VIOLATION OF TEMPORARY RESTRAINING ORDER,2038,26,F,H,501.0,SINGLE FAMILY DWELLING,,,AO,Adult Other,902.0,,,,12800    WOODCOCK                     AV,,34.3029,-118.4517
211107704,04/18/2021 12:00:00 AM,04/17/2021 12:00:00 AM,1800,11,Northeast,1127,1,510,VEHICLE - STOLEN,,0,,,101.0,STREET,,,IC,Invest Cont,510.0,,,,300    BRANCH                       ST,,34.1189,-118.1861
230705038,01/24/2023 12:00:00 AM,08/16/2022 12:00:00 AM,1200,7,Wilshire,758,2,354,THEFT OF IDENTITY,1822,31,M,A,501.0,SINGLE FAMILY DWELLING,,,IC,Invest Cont,354.0,,,,1100 S  WINDSOR                      BL,,34.054,-118.3263
200906264,02/20/2020 12:00:00 AM,02/20/2020 12:00:00 AM,325,9,Van Nuys,989,1,310,BURGLARY,1607 0344 1402 0358 1414 1420,31,F,W,210.0,RESTAURANT/FAST FOOD,,,IC,Invest Cont,310.0,998.0,,,13700    VENTURA                      BL,,34.148,-118.4312
221813792,07/05/2022 12:00:00 AM,07/04/2022 12:00:00 AM,2330,18,Southeast,1846,2,624,BATTERY - SIMPLE ASSAULT,0416 0446 0429 0444 0342 1822,29,F,B,101.0,STREET,400.0,"STRONG-ARM (HANDS, FIST, FEET OR BODILY FORCE)",IC,Invest Cont,624.0,,,,115TH                        ST,SUCCESS                      AV,33.9302,-118.2493
211705915,02/24/2021 12:00:00 AM,02/23/2021 12:00:00 AM,2200,17,Devonshire,1795,1,510,VEHICLE - STOLEN,,0,,,101.0,STREET,,,IC,Invest Cont,510.0,,,,8300    LOUISE                       AV,,34.2211,-118.5099
221208046,03/12/2022 12:00:00 AM,03/12/2022 12:00:00 AM,1443,12,77th Street,1218,2,956,"LETTERS, LEWD  -  TELEPHONE CALLS, LEWD",,24,F,B,506.0,ABANDONED BUILDING ABANDONED HOUSE,,,IC,Invest Cont,956.0,,,,600 W  54TH                         ST,,33.9933,-118.2842
221611882,08/30/2022 12:00:00 AM,08/30/2022 12:00:00 AM,200,16,Foothill,1621,1,236,INTIMATE PARTNER - AGGRAVATED ASSAULT,2000 0913 1814 0408,30,F,H,501.0,SINGLE FAMILY DWELLING,400.0,"STRONG-ARM (HANDS, FIST, FEET OR BODILY FORCE)",AO,Adult Other,236.0,,,,13900    FILMORE                      ST,,34.2611,-118.4362
231116700,12/10/2023 12:00:00 AM,12/09/2023 12:00:00 AM,2150,11,Northeast,1125,2,626,INTIMATE PARTNER - SIMPLE ASSAULT,2000 0913 0444 2033 1813,24,F,H,101.0,STREET,400.0,"STRONG-ARM (HANDS, FIST, FEET OR BODILY FORCE)",AO,Adult Other,626.0,,,,YORK                         BL,AVENUE 51,34.1211,-118.2048
230312308,06/16/2023 12:00:00 AM,06/14/2023 12:00:00 AM,1630,3,Southwest,312,2,740,"VANDALISM - FELONY ($400 & OVER, ALL CHURCH VANDALISMS)",1300 0329 1822,0,F,B,101.0,STREET,,,IC,Invest Cont,740.0,,,,2600 S  COCHRAN                      AV,,34.0325,-118.3586
220600669,05/14/2022 12:00:00 AM,05/14/2022 12:00:00 AM,205,6,Hollywood,677,1,230,"ASSAULT WITH DEADLY WEAPON, AGGRAVATED ASSAULT",1402 1407 0334 0400 0432 0449 1822 1309,35,M,H,101.0,STREET,102.0,HAND GUN,AA,Adult Arrest,230.0,761.0,998.0,,5100    MELROSE                      AV,,34.0865,-118.3169
210104400,01/10/2021 12:00:00 AM,01/10/2021 12:00:00 AM,800,1,Central,135,1,310,BURGLARY,1601 1822 0344,0,M,O,218.0,BEAUTY/BARBER SHOP,,,IC,Invest Cont,310.0,,,,300 S  LOS ANGELES                  ST,,34.0495,-118.2458
221505932,02/11/2022 12:00:00 AM,02/11/2022 12:00:00 AM,1,15,N Hollywood,1515,2,740,"VANDALISM - FELONY ($400 & OVER, ALL CHURCH VANDALISMS)",0329,38,F,B,502.0,"MULTI-UNIT DWELLING (APARTMENT, DUPLEX, ETC)",,,IC,Invest Cont,740.0,,,,11700    HART                         ST,,34.1976,-118.3878
220914731,10/07/2022 12:00:00 AM,09/06/2022 12:00:00 AM,2154,9,Van Nuys,904,1,442,SHOPLIFTING - PETTY THEFT ($950 & UNDER),0325,33,M,H,404.0,DEPARTMENT STORE,,,IC,Invest Cont,442.0,,,,14900    RAYMER                       ST,,34.2131,-118.4584
211008661,06/02/2021 12:00:00 AM,05/16/2021 12:00:00 AM,1200,10,West Valley,1047,2,626,INTIMATE PARTNER - SIMPLE ASSAULT,2000 0913 1813 0400,43,M,O,501.0,SINGLE FAMILY DWELLING,400.0,"STRONG-ARM (HANDS, FIST, FEET OR BODILY FORCE)",AO,Adult Other,626.0,,,,5900    BABBITT                      AV,,34.1779,-118.5087
211310637,06/03/2021 12:00:00 AM,06/03/2021 12:00:00 AM,705,13,Newton,1345,1,210,ROBBERY,0416 0344 0429 0913,26,M,H,501.0,SINGLE FAMILY DWELLING,400.0,"STRONG-ARM (HANDS, FIST, FEET OR BODILY FORCE)",IC,Invest Cont,210.0,,,,4000    HOOPER                       AV,,34.0107,-118.2521
220617140,10/06/2022 12:00:00 AM,10/06/2022 12:00:00 AM,940,6,Hollywood,637,2,354,THEFT OF IDENTITY,1822,42,M,B,710.0,OTHER PREMISE,,,IC,Invest Cont,354.0,,,,1800    VINE                         ST,,34.1037,-118.3267
220314134,07/22/2022 12:00:00 AM,07/22/2022 12:00:00 AM,1930,3,Southwest,335,2,740,"VANDALISM - FELONY ($400 & OVER, ALL CHURCH VANDALISMS)",0329 1822,21,X,X,248.0,CELL PHONE STORE,,,IC,Invest Cont,740.0,,,,2100 W  JEFFERSON                    BL,,34.0276,-118.3229
231321106,11/25/2023 12:00:00 AM,11/22/2023 12:00:00 AM,1500,13,Newton,1333,1,510,VEHICLE - STOLEN,,0,,,101.0,STREET,,,IC,Invest Cont,510.0,,,,900 E  JEFFERSON                    BL,,34.0174,-118.2621
210312831,07/09/2021 12:00:00 AM,07/08/2021 12:00:00 AM,1030,3,Southwest,328,1,440,THEFT PLAIN - PETTY ($950 & UNDER),0913 2028 0104 0344,20,X,X,203.0,OTHER BUSINESS,,,IC,Invest Cont,440.0,,,,2700 S  FIGUEROA                     ST,,34.0268,-118.2808
230106077,01/31/2023 12:00:00 AM,01/31/2023 12:00:00 AM,817,1,Central,182,2,354,THEFT OF IDENTITY,0929 1822,45,F,C,502.0,"MULTI-UNIT DWELLING (APARTMENT, DUPLEX, ETC)",,,IC,Invest Cont,354.0,,,,1100 S  GRAND                        AV,,34.0415,-118.262
211009842,07/06/2021 12:00:00 AM,07/01/2021 12:00:00 AM,1600,10,West Valley,1001,1,330,BURGLARY FROM VEHICLE,1822 0344 1300 0329 1602 0385,0,M,O,721.0,HIGH SCHOOL,,,IC,Invest Cont,330.0,,,,8200    VANALDEN                     AV,,34.2193,-118.5492
231115867,11/17/2023 12:00:00 AM,11/16/2023 12:00:00 AM,1535,11,Northeast,1113,1,442,SHOPLIFTING - PETTY THEFT ($950 & UNDER),0325,0,X,X,203.0,OTHER BUSINESS,,,IC,Invest Cont,442.0,,,,2600    COLORADO                     BL,,34.1421,-118.223
210505197,01/29/2021 12:00:00 AM,01/29/2021 12:00:00 AM,1355,5,Harbor,557,2,745,VANDALISM - MISDEAMEANOR ($399 OR UNDER),1402 0329 0913 0603 0361,43,M,W,501.0,SINGLE FAMILY DWELLING,,,AO,Adult Other,745.0,998.0,,,600 W  5TH                          ST,,33.7397,-118.2906
202110205,06/06/2020 12:00:00 AM,06/06/2020 12:00:00 AM,1030,21,Topanga,2128,1,236,INTIMATE PARTNER - AGGRAVATED ASSAULT,0913 2000 1814 0408,57,F,W,502.0,"MULTI-UNIT DWELLING (APARTMENT, DUPLEX, ETC)",400.0,"STRONG-ARM (HANDS, FIST, FEET OR BODILY FORCE)",AA,Adult Arrest,236.0,,,,7600    MASON                        AV,,34.2083,-118.5798
211905149,02/01/2021 12:00:00 AM,02/01/2021 12:00:00 AM,300,19,Mission,1961,2,740,"VANDALISM - FELONY ($400 & OVER, ALL CHURCH VANDALISMS)",2004 0329,54,M,O,505.0,MOTEL,,,AA,Adult Arrest,740.0,,,,9100 N  SEPULVEDA                    BL,,34.2388,-118.4677
210212988,08/07/2021 12:00:00 AM,08/07/2021 12:00:00 AM,1315,2,Rampart,235,2,624,BATTERY - SIMPLE ASSAULT,1300 1310 0416 0446 0400 1822,49,M,H,101.0,STREET,400.0,"STRONG-ARM (HANDS, FIST, FEET OR BODILY FORCE)",IC,Invest Cont,624.0,,,,BEVERLY                      BL,ALVARADO                     ST,34.0668,-118.2705
222006368,02/23/2022 12:00:00 AM,02/23/2022 12:00:00 AM,1200,20,Olympic,2029,1,761,BRANDISH WEAPON,0334 0416 0444 0432 0910 1822,40,F,B,905.0,MTA - RED LINE - WILSHIRE/VERMONT,207.0,OTHER KNIFE,IC,Invest Cont,761.0,,,,WILSHIRE,VERMONT,34.0618,-118.2917
241107783,04/30/2024 12:00:00 AM,04/27/2024 12:00:00 AM,1300,11,Northeast,1101,1,440,THEFT PLAIN - PETTY ($950 & UNDER),0344,44,M,W,109.0,PARK/PLAYGROUND,,,IC,Invest Cont,440.0,,,,2800 E  OBSERVATORY                  RD,,34.1192,-118.3004
211515082,09/24/2021 12:00:00 AM,09/19/2021 12:00:00 AM,1200,15,N Hollywood,1505,2,626,INTIMATE PARTNER - SIMPLE ASSAULT,2000 1814 0448,47,F,B,502.0,"MULTI-UNIT DWELLING (APARTMENT, DUPLEX, ETC)",400.0,"STRONG-ARM (HANDS, FIST, FEET OR BODILY FORCE)",AO,Adult Other,626.0,,,,7200    LANKERSHIM                   BL,,34.2012,-118.3878
221414887,08/06/2022 12:00:00 AM,08/05/2022 12:00:00 AM,1541,14,Pacific,1497,1,341,"THEFT-GRAND ($950.01 & OVER)EXCPT,GUNS,FOWL,LIVESTK,PROD",0344 2032,40,F,W,707.0,GARAGE/CARPORT,,,IC,Invest Cont,341.0,,,,10100    GLASGOW                      PL,,33.9444,-118.371
202005485,01/31/2020 12:00:00 AM,01/31/2020 12:00:00 AM,2110,20,Olympic,2069,1,230,"ASSAULT WITH DEADLY WEAPON, AGGRAVATED ASSAULT",0416 0448 0305 0334 0913,38,M,H,101.0,STREET,309.0,BOARD,AO,Adult Other,230.0,,,,ARAPAHOE,12TH                         ST,34.0491,-118.2854
231104812,01/21/2023 12:00:00 AM,01/21/2023 12:00:00 AM,1045,11,Northeast,1158,1,310,BURGLARY,0344 1606,44,M,W,501.0,SINGLE FAMILY DWELLING,,,IC,Invest Cont,310.0,,,,3500 N  FIGUEROA                     ST,,34.0951,-118.2171
221015447,10/18/2022 12:00:00 AM,10/16/2022 12:00:00 AM,500,10,West Valley,1037,1,330,BURGLARY FROM VEHICLE,0377 1822 0344 1300,51,F,W,501.0,SINGLE FAMILY DWELLING,,,IC,Invest Cont,330.0,,,,17500    HAYNES                       ST,,34.1894,-118.5142
240806460,03/02/2024 12:00:00 AM,02/29/2024 12:00:00 AM,2143,8,West LA,817,1,442,SHOPLIFTING - PETTY THEFT ($950 & UNDER),1822 0325,0,X,X,404.0,DEPARTMENT STORE,,,IC,Invest Cont,442.0,,,,10800    WEYBURN                      AV,,34.0623,-118.4434
210900550,02/12/2021 12:00:00 AM,02/12/2021 12:00:00 AM,1810,9,Van Nuys,939,2,624,BATTERY - SIMPLE ASSAULT,0447 1402,45,F,H,101.0,STREET,500.0,UNKNOWN WEAPON/OTHER WEAPON,AO,Adult Other,624.0,998.0,,,5500    WORTSER                      AV,,34.1702,-118.4171
240807495,03/23/2024 12:00:00 AM,03/10/2024 12:00:00 AM,1243,8,West LA,885,1,341,"THEFT-GRAND ($950.01 & OVER)EXCPT,GUNS,FOWL,LIVESTK,PROD",0344,35,M,W,501.0,SINGLE FAMILY DWELLING,,,IC,Invest Cont,341.0,,,,10500    BUTTERFIELD                  RD,,34.0411,-118.4157
232000661,03/27/2023 12:00:00 AM,03/27/2023 12:00:00 AM,255,20,Olympic,2055,1,310,BURGLARY,1822 0344 1307 1609 1300 1309 1602 0202 0209 1402,0,X,X,405.0,CLOTHING STORE,,,IC,Invest Cont,310.0,998.0,,,2700 W  PICO                         BL,,34.0509,-118.2979
200506124,02/19/2020 12:00:00 AM,02/19/2020 12:00:00 AM,1609,5,Harbor,507,1,442,SHOPLIFTING - PETTY THEFT ($950 & UNDER),0325 0344 1309 2028 0378,0,M,O,406.0,OTHER STORE,,,IC,Invest Cont,442.0,,,,22900 S  WESTERN                      AV,,33.818,-118.3089
211015699,12/16/2021 12:00:00 AM,11/18/2021 12:00:00 AM,900,10,West Valley,1037,2,354,THEFT OF IDENTITY,1822 0928,42,M,W,501.0,SINGLE FAMILY DWELLING,,,IC,Invest Cont,354.0,,,,17400    GILMORE                      ST,,34.1877,-118.5121
221706499,03/11/2022 12:00:00 AM,03/11/2022 12:00:00 AM,2200,17,Devonshire,1781,2,626,INTIMATE PARTNER - SIMPLE ASSAULT,2000 1814 0913 0444,31,F,H,502.0,"MULTI-UNIT DWELLING (APARTMENT, DUPLEX, ETC)",400.0,"STRONG-ARM (HANDS, FIST, FEET OR BODILY FORCE)",IC,Invest Cont,626.0,,,,8700    DE SOTO                      AV,,34.2286,-118.5885
220309817,04/29/2022 12:00:00 AM,04/29/2022 12:00:00 AM,900,3,Southwest,361,1,420,THEFT FROM MOTOR VEHICLE - PETTY ($950 & UNDER),,0,,,101.0,STREET,,,IC,Invest Cont,420.0,,,,5000    OBAMA                        BL,,34.0215,-118.3515
220407496,04/13/2022 12:00:00 AM,04/13/2022 12:00:00 AM,200,4,Hollenbeck,412,1,251,SHOTS FIRED AT INHABITED DWELLING,1100 1407,80,M,H,502.0,"MULTI-UNIT DWELLING (APARTMENT, DUPLEX, ETC)",106.0,UNKNOWN FIREARM,IC,Invest Cont,251.0,998.0,,,2200    PASADENA                     AV,,34.0752,-118.2188
230912796,08/10/2023 12:00:00 AM,08/08/2023 12:00:00 AM,2230,9,Van Nuys,901,1,510,VEHICLE - STOLEN,,0,,,101.0,STREET,,,IC,Invest Cont,510.0,,,,7800 N  SEPULVEDA                    BL,,34.2085,-118.4698
220715165,10/11/2022 12:00:00 AM,10/09/2022 12:00:00 AM,1800,7,Wilshire,784,2,956,"LETTERS, LEWD  -  TELEPHONE CALLS, LEWD",0913 0432,42,M,B,104.0,DRIVEWAY,,,AA,Adult Arrest,956.0,,,,5100 W  20TH                         ST,,34.04,-118.3515
220611353,06/05/2022 12:00:00 AM,06/05/2022 12:00:00 AM,2050,6,Hollywood,646,1,330,BURGLARY FROM VEHICLE,1300 1307 0344 1822,33,F,B,108.0,PARKING LOT,500.0,UNKNOWN WEAPON/OTHER WEAPON,IC,Invest Cont,330.0,,,,WILCOX,SELMA,34.0998,-118.331
201218519,08/14/2020 12:00:00 AM,08/14/2020 12:00:00 AM,1430,12,77th Street,1245,1,210,ROBBERY,1300 0432 0916 1822 0344,35,M,H,101.0,STREET,113.0,SIMULATED GUN,IC,Invest Cont,210.0,,,,NORMANDIE                    AV,70TH                         ST,33.9762,-118.3003
210712501,08/28/2021 12:00:00 AM,08/28/2021 12:00:00 AM,1237,7,Wilshire,702,1,343,SHOPLIFTING-GRAND THEFT ($950.01 & OVER),0344,0,X,X,406.0,OTHER STORE,,,IC,Invest Cont,343.0,,,,7600    MELROSE                      AV,,34.0837,-118.3553
211219451,09/11/2021 12:00:00 AM,09/11/2021 12:00:00 AM,150,12,77th Street,1211,2,624,BATTERY - SIMPLE ASSAULT,0602 0444 0429 0360 2003 1202 0400 0913,67,F,B,501.0,SINGLE FAMILY DWELLING,400.0,"STRONG-ARM (HANDS, FIST, FEET OR BODILY FORCE)",AO,Adult Other,624.0,,,,5700    6TH                          AV,,33.9891,-118.3237
200319649,10/31/2020 12:00:00 AM,10/30/2020 12:00:00 AM,2200,3,Southwest,398,2,624,BATTERY - SIMPLE ASSAULT,0416 0913,26,F,B,501.0,SINGLE FAMILY DWELLING,400.0,"STRONG-ARM (HANDS, FIST, FEET OR BODILY FORCE)",IC,Invest Cont,624.0,,,,42ND                         ST,FIGUEROA,34.0071,-118.2827
220810127,05/27/2022 12:00:00 AM,05/27/2022 12:00:00 AM,1030,8,West LA,831,1,350,"THEFT, PERSON",0344 0509 1822,19,F,A,203.0,OTHER BUSINESS,,,IC,Invest Cont,350.0,,,,12000    WILSHIRE                     BL,,34.0473,-118.4768
230110108,04/06/2023 12:00:00 AM,04/06/2023 12:00:00 AM,2235,1,Central,119,2,888,TRESPASSING,0910 1501,0,X,X,900.0,MTA - RED LINE - UNION STATION,,,IC,Invest Cont,888.0,,,,GATEWAY,VIGNES,34.0551,-118.2322
240904119,01/04/2024 12:00:00 AM,01/03/2024 12:00:00 AM,1600,9,Van Nuys,911,2,649,DOCUMENT FORGERY / STOLEN FELONY,0923,87,F,O,501.0,SINGLE FAMILY DWELLING,,,IC,Invest Cont,649.0,,,,6400    FIRMAMENT                    AV,,34.1866,-118.4719
220805307,02/01/2022 12:00:00 AM,02/01/2022 12:00:00 AM,1745,8,West LA,892,1,761,BRANDISH WEAPON,0334 1822 2004,39,M,W,203.0,OTHER BUSINESS,200.0,KNIFE WITH BLADE 6INCHES OR LESS,IC,Invest Cont,761.0,,,,2400 S  BARRINGTON                   AV,,34.0316,-118.4457
211415309,07/20/2021 12:00:00 AM,07/15/2021 12:00:00 AM,1600,14,Pacific,1499,1,510,VEHICLE - STOLEN,,0,,,108.0,PARKING LOT,,,IC,Invest Cont,510.0,,,,11500    AVIATION                     BL,,33.9298,-118.3784
212010312,06/11/2021 12:00:00 AM,06/11/2021 12:00:00 AM,1620,20,Olympic,2088,1,510,VEHICLE - STOLEN,,0,,,108.0,PARKING LOT,,,IC,Invest Cont,510.0,,,,1300 W  WASHINGTON                   BL,,34.0421,-118.2879
231509974,05/19/2023 12:00:00 AM,05/19/2023 12:00:00 AM,1640,15,N Hollywood,1585,2,740,"VANDALISM - FELONY ($400 & OVER, ALL CHURCH VANDALISMS)",0329 1300 1822,30,F,H,122.0,"VEHICLE, PASSENGER/TRUCK",,,IC,Invest Cont,740.0,,,,10900    BLUFFSIDE                    DR,,34.1412,-118.3681
200509948,05/18/2020 12:00:00 AM,05/10/2020 12:00:00 AM,110,5,Harbor,515,1,330,BURGLARY FROM VEHICLE,0344 0358 1300 1601,27,M,H,101.0,STREET,,,IC,Invest Cont,330.0,,,,AVALON                       BL,CHANDLER                     ST,33.7965,-118.2637
231223444,11/20/2023 12:00:00 AM,11/20/2023 12:00:00 AM,820,12,77th Street,1267,2,624,BATTERY - SIMPLE ASSAULT,0561 0913 2001 0416,54,F,H,502.0,"MULTI-UNIT DWELLING (APARTMENT, DUPLEX, ETC)",400.0,"STRONG-ARM (HANDS, FIST, FEET OR BODILY FORCE)",AO,Adult Other,624.0,,,,900 W  83RD                         ST,,33.9636,-118.2894
221610010,07/01/2022 12:00:00 AM,06/28/2022 12:00:00 AM,2000,16,Foothill,1613,2,956,"LETTERS, LEWD  -  TELEPHONE CALLS, LEWD",1906 1822,27,F,H,140.0,BALCONY*,,,IC,Invest Cont,956.0,,,,12700    VAN NUYS                     BL,,34.2755,-118.4092
211009572,06/28/2021 12:00:00 AM,06/28/2021 12:00:00 AM,1310,10,West Valley,1065,2,625,OTHER ASSAULT,0356 1414 0913 1814 2000 1813,24,F,B,502.0,"MULTI-UNIT DWELLING (APARTMENT, DUPLEX, ETC)",,,IC,Invest Cont,625.0,,,,5500    ZELZAH                       AV,,34.1707,-118.522
221205850,02/04/2022 12:00:00 AM,01/30/2022 12:00:00 AM,2300,12,77th Street,1265,1,310,BURGLARY,1609 0344,50,M,H,501.0,SINGLE FAMILY DWELLING,,,IC,Invest Cont,310.0,,,,1000 W  85TH                         ST,,33.961,-118.2919
210212451,07/26/2021 12:00:00 AM,07/24/2021 12:00:00 AM,200,2,Rampart,295,2,745,VANDALISM - MISDEAMEANOR ($399 OR UNDER),1822 0329,51,M,H,122.0,"VEHICLE, PASSENGER/TRUCK",,,IC,Invest Cont,745.0,,,,1300    CONSTANCE                    ST,,34.0446,-118.2782
231109994,06/11/2023 12:00:00 AM,06/10/2023 12:00:00 AM,1600,11,Northeast,1115,2,901,VIOLATION OF RESTRAINING ORDER,2038 0913 1814,47,F,H,707.0,GARAGE/CARPORT,,,AA,Adult Arrest,901.0,,,,1600    YOSEMITE                     DR,,34.1367,-118.2089
220306168,02/16/2022 12:00:00 AM,02/16/2022 12:00:00 AM,1200,3,Southwest,353,1,442,SHOPLIFTING - PETTY THEFT ($950 & UNDER),0104 0325 0342 1309 0378 1822 0344,21,X,X,403.0,DRUG STORE,,,IC,Invest Cont,442.0,,,,3700    CRENSHAW                     BL,,34.0209,-118.3406
231517818,11/19/2023 12:00:00 AM,11/19/2023 12:00:00 AM,250,15,N Hollywood,1589,2,624,BATTERY - SIMPLE ASSAULT,1822 0416,22,M,O,502.0,"MULTI-UNIT DWELLING (APARTMENT, DUPLEX, ETC)",400.0,"STRONG-ARM (HANDS, FIST, FEET OR BODILY FORCE)",IC,Invest Cont,624.0,,,,3600    BARHAM                       BL,,34.1362,-118.342
231711407,06/15/2023 12:00:00 AM,06/07/2023 12:00:00 AM,700,17,Devonshire,1767,1,510,VEHICLE - STOLEN,,0,,,101.0,STREET,,,IC,Invest Cont,510.0,,,,18500    MIRELLA                      ST,,34.2442,-118.5362
221609512,06/16/2022 12:00:00 AM,06/16/2022 12:00:00 AM,230,16,Foothill,1654,2,930,CRIMINAL THREATS - NO WEAPON DISPLAYED,0561 0913 0421,58,F,B,502.0,"MULTI-UNIT DWELLING (APARTMENT, DUPLEX, ETC)",511.0,VERBAL THREAT,AO,Adult Other,930.0,,,,12200    OSBORNE                      PL,,34.2619,-118.3989
210907989,04/10/2021 12:00:00 AM,04/04/2021 12:00:00 AM,1600,9,Van Nuys,935,1,440,THEFT PLAIN - PETTY ($950 & UNDER),0344,19,F,H,232.0,"DELIVERY SERVICE (FED EX, UPS, COURIERS,COURIER SERVICE)*",,,IC,Invest Cont,440.0,,,,VAN NUYS                     BL,SYLVAN                       ST,34.1846,-118.4488
231701316,10/23/2023 12:00:00 AM,10/23/2023 12:00:00 AM,2140,17,Devonshire,1792,1,230,"ASSAULT WITH DEADLY WEAPON, AGGRAVATED ASSAULT",0411 1402 1822 1300 0445,28,M,B,501.0,SINGLE FAMILY DWELLING,207.0,OTHER KNIFE,AA,Adult Arrest,230.0,998.0,,,19300    BRYANT                       ST,,34.2273,-118.5547
220400640,03/27/2022 12:00:00 AM,03/27/2022 12:00:00 AM,110,4,Hollenbeck,461,2,753,DISCHARGE FIREARMS/SHOTS FIRED,1100 1407,0,M,X,101.0,STREET,106.0,UNKNOWN FIREARM,IC,Invest Cont,753.0,998.0,,,PECAN,3RD                          ST,34.0453,-118.2219
221111590,07/15/2022 12:00:00 AM,07/15/2022 12:00:00 AM,1215,11,Northeast,1181,2,624,BATTERY - SIMPLE ASSAULT,0913 0400 0356 0603 0361,57,M,H,102.0,SIDEWALK,400.0,"STRONG-ARM (HANDS, FIST, FEET OR BODILY FORCE)",AA,Adult Arrest,624.0,,,,SUNSET                       BL,CORONADO,34.0794,-118.2678
230716933,11/09/2023 12:00:00 AM,11/04/2023 12:00:00 AM,1900,7,Wilshire,749,1,510,VEHICLE - STOLEN,,0,,,101.0,STREET,,,IC,Invest Cont,510.0,,,,4200 W  8TH                          ST,,34.0591,-118.3205
230106898,02/13/2023 12:00:00 AM,02/13/2023 12:00:00 AM,2125,1,Central,185,1,231,ASSAULT WITH DEADLY WEAPON ON POLICE OFFICER,1212 1501 1822,0,M,X,101.0,STREET,500.0,UNKNOWN WEAPON/OTHER WEAPON,AA,Adult Arrest,231.0,,,,9TH,SPRING,34.0423,-118.2561
230816915,11/15/2023 12:00:00 AM,11/14/2023 12:00:00 AM,1530,8,West LA,853,1,330,BURGLARY FROM VEHICLE,1606 1822 0344,62,M,W,123.0,PARKING UNDERGROUND/BUILDING,500.0,UNKNOWN WEAPON/OTHER WEAPON,IC,Invest Cont,330.0,,,,11500    OHIO                         AV,,34.0467,-118.4529
220206710,03/04/2022 12:00:00 AM,03/03/2022 12:00:00 AM,730,2,Rampart,257,1,330,BURGLARY FROM VEHICLE,1300 0344 0377 0329 1607,29,M,H,101.0,STREET,,,IC,Invest Cont,330.0,,,,1600 W  6TH                          ST,,34.057,-118.2691
201409849,04/21/2020 12:00:00 AM,04/21/2020 12:00:00 AM,226,14,Pacific,1407,1,310,BURGLARY,1607 0358,0,X,X,202.0,LIQUOR STORE,,,AA,Adult Arrest,310.0,,,,10200    VENICE                       BL,,34.0216,-118.4018
230408020,05/03/2023 12:00:00 AM,05/02/2023 12:00:00 AM,1900,4,Hollenbeck,411,1,331,THEFT FROM MOTOR VEHICLE - GRAND ($950.01 AND OVER),0344,27,M,H,101.0,STREET,,,IC,Invest Cont,331.0,,,,SAN FERNANDO,BARRANCA,34.0762,-118.2224
230910172,06/04/2023 12:00:00 AM,06/03/2023 12:00:00 AM,2230,9,Van Nuys,979,1,510,VEHICLE - STOLEN,,0,,,101.0,STREET,,,IC,Invest Cont,510.0,,,,4500    MARY ELLEN                   AV,,34.1522,-118.4192
231606076,03/08/2023 12:00:00 AM,01/16/2023 12:00:00 AM,1200,16,Foothill,1684,2,740,"VANDALISM - FELONY ($400 & OVER, ALL CHURCH VANDALISMS)",0329,69,M,W,507.0,CONDOMINIUM/TOWNHOUSE,,,AO,Adult Other,740.0,,,,7900    AGNES                        AV,,34.2139,-118.3954
210606175,02/22/2021 12:00:00 AM,02/22/2021 12:00:00 AM,245,6,Hollywood,635,1,220,ATTEMPTED ROBBERY,0411 1218 1414 2034 1822 0400,27,F,W,101.0,STREET,207.0,OTHER KNIFE,IC,Invest Cont,220.0,,,,CAHUENGA                     BL,CERRITOS                     PL,34.1074,-118.3307
231805962,02/07/2023 12:00:00 AM,02/07/2023 12:00:00 AM,1705,18,Southeast,1804,1,442,SHOPLIFTING - PETTY THEFT ($950 & UNDER),1300 1822 0325 2028,0,X,X,203.0,OTHER BUSINESS,,,IC,Invest Cont,442.0,,,,8600    AVALON                       BL,,33.9601,-118.2651
231104478,01/13/2023 12:00:00 AM,01/13/2023 12:00:00 AM,230,11,Northeast,1177,2,900,VIOLATION OF COURT ORDER,0913 2038 0361 0603,40,M,H,502.0,"MULTI-UNIT DWELLING (APARTMENT, DUPLEX, ETC)",,,AA,Adult Arrest,900.0,,,,2800    HURON                        ST,,34.0855,-118.222
210512792,08/19/2021 12:00:00 AM,08/14/2021 12:00:00 AM,1410,5,Harbor,541,1,761,BRANDISH WEAPON,0421 0329 1300 0913 0334,27,M,B,502.0,"MULTI-UNIT DWELLING (APARTMENT, DUPLEX, ETC)",102.0,HAND GUN,AO,Adult Other,761.0,,,,1000 W  CAPITOL                      DR,,33.7547,-118.3011
220312431,06/18/2022 12:00:00 AM,06/18/2022 12:00:00 AM,1120,3,Southwest,397,2,745,VANDALISM - MISDEAMEANOR ($399 OR UNDER),1822 1307 0329,21,X,X,122.0,"VEHICLE, PASSENGER/TRUCK",,,IC,Invest Cont,745.0,,,,4000 S  NORMANDIE                    AV,,34.0109,-118.3002
201110685,06/21/2020 12:00:00 AM,06/21/2020 12:00:00 AM,1230,11,Northeast,1148,2,888,TRESPASSING,0913 1501,26,M,H,501.0,SINGLE FAMILY DWELLING,,,AO,Adult Other,888.0,,,,700 N  AVENUE 50,,34.1109,-118.2066
201508406,04/04/2020 12:00:00 AM,04/04/2020 12:00:00 AM,1600,15,N Hollywood,1557,1,210,ROBBERY,0315 1822 0344 0421 2004,29,F,H,210.0,RESTAURANT/FAST FOOD,511.0,VERBAL THREAT,AA,Adult Arrest,210.0,,,,10600    MAGNOLIA                     BL,,34.1649,-118.3615
210607684,03/29/2021 12:00:00 AM,12/01/2020 12:00:00 AM,1510,6,Hollywood,629,2,354,THEFT OF IDENTITY,1822,45,F,W,501.0,SINGLE FAMILY DWELLING,,,IC,Invest Cont,354.0,,,,1900 N  ST ANDREWS                   PL,,34.115,-118.3124
230411403,08/10/2023 12:00:00 AM,08/10/2023 12:00:00 AM,2130,4,Hollenbeck,471,1,761,BRANDISH WEAPON,1822 0334,40,F,H,101.0,STREET,106.0,UNKNOWN FIREARM,IC,Invest Cont,761.0,,,,6TH                          ST,BOYLE,34.036,-118.2242
220111432,05/01/2022 12:00:00 AM,05/01/2022 12:00:00 AM,1400,1,Central,131,2,626,INTIMATE PARTNER - SIMPLE ASSAULT,2000 0913 1814 1813 0444 0429 0329,28,F,B,502.0,"MULTI-UNIT DWELLING (APARTMENT, DUPLEX, ETC)",400.0,"STRONG-ARM (HANDS, FIST, FEET OR BODILY FORCE)",AO,Adult Other,626.0,,,,100 S  FIGUEROA                     ST,,34.0569,-118.254
211421524,11/15/2021 12:00:00 AM,11/14/2021 12:00:00 AM,1200,14,Pacific,1428,1,330,BURGLARY FROM VEHICLE,0344 1300,33,M,O,101.0,STREET,,,IC,Invest Cont,330.0,,,,3100    GREENFIELD                   AV,,34.0277,-118.4235
221208786,03/27/2022 12:00:00 AM,03/26/2022 12:00:00 AM,1800,12,77th Street,1267,1,510,VEHICLE - STOLEN,,0,,,101.0,STREET,,,IC,Invest Cont,510.0,,,,8400 S  HOOVER                       ST,,33.9621,-118.2871
200707913,03/31/2020 12:00:00 AM,03/31/2020 12:00:00 AM,2130,7,Wilshire,724,1,341,"THEFT-GRAND ($950.01 & OVER)EXCPT,GUNS,FOWL,LIVESTK,PROD",0344,28,F,W,502.0,"MULTI-UNIT DWELLING (APARTMENT, DUPLEX, ETC)",,,IC,Invest Cont,341.0,,,,7600    BEVERLY                      BL,,34.0761,-118.3555
212014810,09/24/2021 12:00:00 AM,09/24/2021 12:00:00 AM,1700,20,Olympic,2014,2,626,INTIMATE PARTNER - SIMPLE ASSAULT,0913 1813 1416 0344,30,F,O,502.0,"MULTI-UNIT DWELLING (APARTMENT, DUPLEX, ETC)",400.0,"STRONG-ARM (HANDS, FIST, FEET OR BODILY FORCE)",AO,Adult Other,626.0,,,,200 S  HARVARD                      BL,,34.0712,-118.3042
210507436,03/29/2021 12:00:00 AM,03/25/2021 12:00:00 AM,1615,5,Harbor,587,2,901,VIOLATION OF RESTRAINING ORDER,2038 1501,38,M,W,101.0,STREET,,,IC,Invest Cont,901.0,,,,3200 S  PECK                         AV,,33.7147,-118.2916
200316010,08/19/2020 12:00:00 AM,08/19/2020 12:00:00 AM,1100,3,Southwest,356,1,761,BRANDISH WEAPON,1822 0202 0378 0334 0421 2052 2050 0910 2048,58,M,W,946.0,MTA - EXPO LINE - EXPO/WESTERN,204.0,FOLDING KNIFE,IC,Invest Cont,761.0,930.0,,,1500    EXPOSITION                   BL,,34.0219,-118.3045
232106096,02/26/2023 12:00:00 AM,02/25/2023 12:00:00 AM,1230,21,Topanga,2118,1,330,BURGLARY FROM VEHICLE,0344 1609,43,M,W,122.0,"VEHICLE, PASSENGER/TRUCK",,,IC,Invest Cont,330.0,,,,20200    BALTAR                       ST,,34.2165,-118.5737
220307510,03/15/2022 12:00:00 AM,03/14/2022 12:00:00 AM,1800,3,Southwest,355,1,420,THEFT FROM MOTOR VEHICLE - PETTY ($950 & UNDER),,0,,,101.0,STREET,,,IC,Invest Cont,420.0,,,,1700 W  37TH                         DR,,34.0194,-118.3089
220804084,01/02/2022 12:00:00 AM,12/31/2021 12:00:00 AM,2030,8,West LA,853,2,624,BATTERY - SIMPLE ASSAULT,0913 0400,32,M,H,502.0,"MULTI-UNIT DWELLING (APARTMENT, DUPLEX, ETC)",400.0,"STRONG-ARM (HANDS, FIST, FEET OR BODILY FORCE)",AO,Adult Other,624.0,,,,1700    BELOIT                       AV,,34.0466,-118.4471
220312213,06/13/2022 12:00:00 AM,06/13/2022 12:00:00 AM,1700,3,Southwest,358,1,522,"VEHICLE, STOLEN - OTHER (MOTORIZED SCOOTERS, BIKES, ETC)",1251 0344 0329 0397 1822,28,M,I,722.0,COLLEGE/JUNIOR COLLEGE/UNIVERSITY,,,IC,Invest Cont,522.0,,,,3700    MCCLINTOCK                   AV,,34.0197,-118.2905
201311551,05/29/2020 12:00:00 AM,05/28/2020 12:00:00 AM,1440,13,Newton,1322,1,210,ROBBERY,0416 0344 0408 0913,17,M,H,501.0,SINGLE FAMILY DWELLING,400.0,"STRONG-ARM (HANDS, FIST, FEET OR BODILY FORCE)",AO,Adult Other,210.0,,,,400 E  25TH                         ST,,34.0244,-118.2648
220718328,12/28/2022 12:00:00 AM,12/27/2022 12:00:00 AM,1700,7,Wilshire,721,1,330,BURGLARY FROM VEHICLE,1609 0344 1300,40,M,B,123.0,PARKING UNDERGROUND/BUILDING,,,IC,Invest Cont,330.0,,,,8500    BEVERLY                      BL,,34.0761,-118.3766
230308335,03/26/2023 12:00:00 AM,03/26/2023 12:00:00 AM,200,3,Southwest,362,1,236,INTIMATE PARTNER - AGGRAVATED ASSAULT,2000 0913 1814 0416 0408 0432 0446 0451,21,F,H,502.0,"MULTI-UNIT DWELLING (APARTMENT, DUPLEX, ETC)",400.0,"STRONG-ARM (HANDS, FIST, FEET OR BODILY FORCE)",IC,Invest Cont,236.0,,,,4600    COLISEUM                     ST,,34.0169,-118.3472
220816883,11/14/2022 12:00:00 AM,11/14/2022 12:00:00 AM,1415,8,West LA,805,2,624,BATTERY - SIMPLE ASSAULT,1210 0400 0444,47,M,W,510.0,NURSING/CONVALESCENT/RETIREMENT HOME,400.0,"STRONG-ARM (HANDS, FIST, FEET OR BODILY FORCE)",AO,Adult Other,624.0,,,,11200    CHALON                       RD,,34.0823,-118.4606
200119230,10/11/2020 12:00:00 AM,10/11/2020 12:00:00 AM,1930,1,Central,148,1,110,CRIMINAL HOMICIDE,1218 1402 0430 1822 1414 0906,66,M,H,102.0,SIDEWALK,102.0,HAND GUN,IC,Invest Cont,110.0,998.0,,,5TH,SAN PEDRO,34.0442,-118.2439
200409636,06/09/2020 12:00:00 AM,06/09/2020 12:00:00 AM,1100,4,Hollenbeck,457,2,745,VANDALISM - MISDEAMEANOR ($399 OR UNDER),0329,26,M,O,101.0,STREET,,,IC,Invest Cont,745.0,,,,2500    CINCINNATI                   ST,,34.0463,-118.204
210319671,12/02/2021 12:00:00 AM,12/01/2021 12:00:00 AM,2000,3,Southwest,333,2,740,"VANDALISM - FELONY ($400 & OVER, ALL CHURCH VANDALISMS)",1822 0329 1402,20,X,X,229.0,CHECK CASHING*,,,IC,Invest Cont,740.0,,,,2800    CRENSHAW                     BL,,34.0278,-118.3378
230612786,07/21/2023 12:00:00 AM,07/20/2023 12:00:00 AM,2130,6,Hollywood,645,1,230,"ASSAULT WITH DEADLY WEAPON, AGGRAVATED ASSAULT",1822 0400 0447 2004 0416,26,F,H,203.0,OTHER BUSINESS,400.0,"STRONG-ARM (HANDS, FIST, FEET OR BODILY FORCE)",AO,Adult Other,230.0,,,,6800    HOLLYWOOD                    BL,,34.1016,-118.3387
210812768,08/15/2021 12:00:00 AM,08/14/2021 12:00:00 AM,1920,8,West LA,839,1,510,VEHICLE - STOLEN,,0,,,101.0,STREET,,,IC,Invest Cont,510.0,,,,OLYMPIC                      BL,BENTLEY                      AV,34.0586,-118.4164
221005078,01/30/2022 12:00:00 AM,01/30/2022 12:00:00 AM,1325,10,West Valley,1067,2,902,VIOLATION OF TEMPORARY RESTRAINING ORDER,2038 0913 0552,29,F,A,502.0,"MULTI-UNIT DWELLING (APARTMENT, DUPLEX, ETC)",,,AA,Adult Arrest,902.0,,,,5400    WHITE OAK                    AV,,34.1693,-118.5184
201606820,03/07/2020 12:00:00 AM,03/07/2020 12:00:00 AM,850,16,Foothill,1687,1,510,VEHICLE - STOLEN,,0,,,101.0,STREET,,,IC,Invest Cont,510.0,,,,8100    SUNLAND                      BL,,34.2174,-118.3703
201004666,01/15/2020 12:00:00 AM,01/14/2020 12:00:00 AM,1800,10,West Valley,1001,2,740,"VANDALISM - FELONY ($400 & OVER, ALL CHURCH VANDALISMS)",0329,21,F,W,122.0,"VEHICLE, PASSENGER/TRUCK",,,IC,Invest Cont,740.0,,,,19300    BLYTHE                       ST,,34.2149,-118.5596
221217411,08/10/2022 12:00:00 AM,08/07/2022 12:00:00 AM,2030,12,77th Street,1256,1,420,THEFT FROM MOTOR VEHICLE - PETTY ($950 & UNDER),1300 1601 0344 1822,30,F,B,101.0,STREET,,,IC,Invest Cont,420.0,,,,75TH                         ST,VERMONT                      AV,33.9717,-118.2915
201222705,10/16/2020 12:00:00 AM,10/16/2020 12:00:00 AM,600,12,77th Street,1273,1,510,VEHICLE - STOLEN,,0,,,301.0,GAS STATION,,,AO,Adult Other,510.0,,,,2000 W  MANCHESTER                   AV,,33.96,-118.3141
221820282,11/06/2022 12:00:00 AM,11/06/2022 12:00:00 AM,1650,18,Southeast,1803,2,753,DISCHARGE FIREARMS/SHOTS FIRED,1402 1419 1100 0906 1407,0,X,X,101.0,STREET,103.0,RIFLE,IC,Invest Cont,753.0,998.0,,,200 E  87TH                         ST,,33.9591,-118.2717
221610460,07/15/2022 12:00:00 AM,05/04/2022 12:00:00 AM,1300,16,Foothill,1684,1,341,"THEFT-GRAND ($950.01 & OVER)EXCPT,GUNS,FOWL,LIVESTK,PROD",0344,54,M,H,502.0,"MULTI-UNIT DWELLING (APARTMENT, DUPLEX, ETC)",,,IC,Invest Cont,341.0,,,,11800    STAGG                        ST,,34.2121,-118.39
230221931,12/02/2023 12:00:00 AM,02/01/2023 12:00:00 AM,1630,2,Rampart,271,1,341,"THEFT-GRAND ($950.01 & OVER)EXCPT,GUNS,FOWL,LIVESTK,PROD",0344 1822,0,X,X,101.0,STREET,,,IC,Invest Cont,341.0,,,,900 S  LAKE                         ST,,34.0539,-118.2799
242004750,12/28/2023 12:00:00 AM,12/27/2023 12:00:00 AM,1025,20,Olympic,2036,1,440,THEFT PLAIN - PETTY ($950 & UNDER),0394 0344 1822 2032,29,F,C,502.0,"MULTI-UNIT DWELLING (APARTMENT, DUPLEX, ETC)",,,IC,Invest Cont,440.0,,,,600 S  CATALINA                     ST,,34.0579,-118.2954
221016220,11/07/2022 12:00:00 AM,10/27/2022 12:00:00 AM,500,10,West Valley,1045,2,354,THEFT OF IDENTITY,1822 0930,57,M,W,502.0,"MULTI-UNIT DWELLING (APARTMENT, DUPLEX, ETC)",,,IC,Invest Cont,354.0,,,,5900    ETIWANDA                     AV,,34.1774,-118.5308
201411841,06/04/2020 12:00:00 AM,06/03/2020 12:00:00 AM,1600,14,Pacific,1425,1,341,"THEFT-GRAND ($950.01 & OVER)EXCPT,GUNS,FOWL,LIVESTK,PROD",0344,27,M,W,739.0,SPORTS ARENA,,,IC,Invest Cont,341.0,,,,11400    WOODBINE                     ST,,34.0183,-118.4289
230124106,11/15/2023 12:00:00 AM,11/14/2023 12:00:00 AM,1800,1,Central,155,1,520,VEHICLE - ATTEMPT STOLEN,1822 1501,71,M,H,101.0,STREET,,,IC,Invest Cont,520.0,,,,6TH                          ST,MAPLE                        ST,34.0439,-118.2479
200118456,09/24/2020 12:00:00 AM,04/24/2020 12:00:00 AM,1630,1,Central,151,2,740,"VANDALISM - FELONY ($400 & OVER, ALL CHURCH VANDALISMS)",0910 0329,0,M,O,801.0,MTA BUS,,,IC,Invest Cont,740.0,,,,FIGUEROA,WILSHIRE,34.0501,-118.2593
231809179,04/18/2023 12:00:00 AM,04/18/2023 12:00:00 AM,1000,18,Southeast,1851,2,625,OTHER ASSAULT,1822 0444 0202,48,M,H,108.0,PARKING LOT,400.0,"STRONG-ARM (HANDS, FIST, FEET OR BODILY FORCE)",IC,Invest Cont,625.0,,,,500 W  130TH                        ST,,33.9144,-118.2827
222008142,03/31/2022 12:00:00 AM,03/31/2022 12:00:00 AM,800,20,Olympic,2069,2,354,THEFT OF IDENTITY,1822 0100,31,M,B,501.0,SINGLE FAMILY DWELLING,,,IC,Invest Cont,354.0,,,,1200    MENLO                        AV,,34.049,-118.2907
220100925,10/15/2022 12:00:00 AM,10/15/2022 12:00:00 AM,1745,1,Central,153,1,230,"ASSAULT WITH DEADLY WEAPON, AGGRAVATED ASSAULT",1218 2004 2055 0903 1402 1514 0910 2035 1822 0445,38,M,B,102.0,SIDEWALK,200.0,KNIFE WITH BLADE 6INCHES OR LESS,AA,Adult Arrest,230.0,998.0,,,6TH                          ST,HILL                         ST,34.0473,-118.2531
230617256,10/31/2023 12:00:00 AM,02/01/2022 12:00:00 AM,1,6,Hollywood,643,2,662,"BUNCO, GRAND THEFT",0913 0701 0344,-1,F,H,501.0,SINGLE FAMILY DWELLING,,,IC,Invest Cont,662.0,,,,7200    FRANKLIN                     AV,,34.1037,-118.3459
201417506,09/21/2020 12:00:00 AM,09/21/2020 12:00:00 AM,205,14,Pacific,1443,2,740,"VANDALISM - FELONY ($400 & OVER, ALL CHURCH VANDALISMS)",0329 1402,0,X,X,203.0,OTHER BUSINESS,,,AO,Adult Other,740.0,998.0,,,2400    LINCOLN                      BL,,33.9937,-118.452
201112218,08/05/2020 12:00:00 AM,07/14/2020 12:00:00 AM,4,11,Northeast,1132,1,310,BURGLARY,0400 1601 0209 0394,34,F,W,502.0,"MULTI-UNIT DWELLING (APARTMENT, DUPLEX, ETC)",400.0,"STRONG-ARM (HANDS, FIST, FEET OR BODILY FORCE)",IC,Invest Cont,310.0,,,,3900    LOS FELIZ                    BL,,34.1136,-118.2775
210804379,01/07/2021 12:00:00 AM,11/26/2020 12:00:00 AM,1500,8,West LA,831,1,121,"RAPE, FORCIBLE",0527 1300,15,F,W,122.0,"VEHICLE, PASSENGER/TRUCK",400.0,"STRONG-ARM (HANDS, FIST, FEET OR BODILY FORCE)",IC,Invest Cont,121.0,,,,MCCLELLAN,WELLESLEY,34.0439,-118.4704
220614171,08/04/2022 12:00:00 AM,08/04/2022 12:00:00 AM,220,6,Hollywood,645,2,626,INTIMATE PARTNER - SIMPLE ASSAULT,2000 1814 0444 1206,25,F,H,101.0,STREET,400.0,"STRONG-ARM (HANDS, FIST, FEET OR BODILY FORCE)",IC,Invest Cont,626.0,,,,HOLLYWOOD,SYCAMORE,34.1015,-118.3434
200808607,04/22/2020 12:00:00 AM,04/22/2020 12:00:00 AM,2020,8,West LA,859,2,625,OTHER ASSAULT,0400 2004 1218,63,M,W,102.0,SIDEWALK,400.0,"STRONG-ARM (HANDS, FIST, FEET OR BODILY FORCE)",IC,Invest Cont,625.0,,,,1900    TRANSIENT                    WY,,34.0495,-118.3805
220212845,07/05/2022 12:00:00 AM,06/30/2022 12:00:00 AM,700,2,Rampart,215,1,510,VEHICLE - STOLEN,,0,,,101.0,STREET,,,IC,Invest Cont,510.0,,,,300 N  CORONADO                     ST,,34.0757,-118.2777
201301003,09/19/2020 12:00:00 AM,09/19/2020 12:00:00 AM,2107,13,Newton,1373,2,753,DISCHARGE FIREARMS/SHOTS FIRED,1407 1100 1822,0,F,H,101.0,STREET,106.0,UNKNOWN FIREARM,IC,Invest Cont,753.0,998.0,,,600 E  52ND                         PL,,33.995,-118.2652
212013201,08/19/2021 12:00:00 AM,08/19/2021 12:00:00 AM,1340,20,Olympic,2019,1,510,VEHICLE - STOLEN,,0,,,101.0,STREET,,,IC,Invest Cont,510.0,,,,3500    COUNCIL                      ST,,34.0748,-118.2868
220113097,05/25/2022 12:00:00 AM,05/18/2022 12:00:00 AM,840,1,Central,176,1,330,BURGLARY FROM VEHICLE,1609 0344 1307,34,M,B,101.0,STREET,,,IC,Invest Cont,330.0,,,,600 E  9TH                          ST,,34.0404,-118.2504
210705019,01/28/2021 12:00:00 AM,01/27/2021 12:00:00 AM,1400,7,Wilshire,729,1,310,BURGLARY,1402 1822 1609 0344,28,F,A,710.0,OTHER PREMISE,,,IC,Invest Cont,310.0,998.0,,,5100 W  2ND                          ST,,34.0721,-118.3316
211607035,04/18/2021 12:00:00 AM,04/18/2021 12:00:00 AM,300,16,Foothill,1623,2,624,BATTERY - SIMPLE ASSAULT,0400 0448 0444 0913 1309,30,F,W,501.0,SINGLE FAMILY DWELLING,400.0,"STRONG-ARM (HANDS, FIST, FEET OR BODILY FORCE)",AO,Adult Other,624.0,,,,13100    HOYT                         ST,,34.2666,-118.4195
200807556,03/21/2020 12:00:00 AM,01/25/2020 12:00:00 AM,1500,8,West LA,898,1,310,BURGLARY,0358 0344 1822,49,M,O,118.0,CONSTRUCTION SITE,,,IC,Invest Cont,310.0,,,,8900    KRAMERWOOD                   PL,,34.0338,-118.3875
221706364,03/08/2022 12:00:00 AM,03/08/2022 12:00:00 AM,2245,17,Devonshire,1792,2,740,"VANDALISM - FELONY ($400 & OVER, ALL CHURCH VANDALISMS)",0329,0,X,X,210.0,RESTAURANT/FAST FOOD,,,IC,Invest Cont,740.0,,,,19300    ROSCOE                       BL,,34.2243,-118.5623
201217033,07/22/2020 12:00:00 AM,07/22/2020 12:00:00 AM,1841,12,77th Street,1233,1,230,"ASSAULT WITH DEADLY WEAPON, AGGRAVATED ASSAULT",1822 1266 0325,35,M,B,403.0,DRUG STORE,307.0,VEHICLE,IC,Invest Cont,230.0,,,,1800 W  SLAUSON                      AV,,33.9891,-118.3097
240407601,05/15/2024 12:00:00 AM,04/19/2024 12:00:00 AM,2300,4,Hollenbeck,448,2,745,VANDALISM - MISDEAMEANOR ($399 OR UNDER),1300 0329,32,F,H,108.0,PARKING LOT,,,IC,Invest Cont,745.0,,,,1400    CRUSADO                      LN,,34.0577,-118.1955
221106503,03/09/2022 12:00:00 AM,03/09/2022 12:00:00 AM,1240,11,Northeast,1133,2,888,TRESPASSING,1501,0,X,X,732.0,POST OFFICE,,,IC,Invest Cont,888.0,,,,3300    GLENDALE                     BL,,34.1189,-118.2597
220512845,08/23/2022 12:00:00 AM,08/23/2022 12:00:00 AM,300,5,Harbor,551,1,331,THEFT FROM MOTOR VEHICLE - GRAND ($950.01 AND OVER),2004 0344 1300 1606,37,M,W,122.0,"VEHICLE, PASSENGER/TRUCK",,,AA,Adult Arrest,331.0,,,,500 N  WESTERN                      AV,,33.7478,-118.3094
221213944,06/15/2022 12:00:00 AM,06/15/2022 12:00:00 AM,350,12,77th Street,1248,2,745,VANDALISM - MISDEAMEANOR ($399 OR UNDER),0329 0913 1814,27,M,H,502.0,"MULTI-UNIT DWELLING (APARTMENT, DUPLEX, ETC)",500.0,UNKNOWN WEAPON/OTHER WEAPON,IC,Invest Cont,745.0,,,,800 W  65TH                         ST,,33.9801,-118.2871
220707231,03/26/2022 12:00:00 AM,03/22/2022 12:00:00 AM,1520,7,Wilshire,736,2,930,CRIMINAL THREATS - NO WEAPON DISPLAYED,0319 0421 0913 0432 0603,51,M,W,502.0,"MULTI-UNIT DWELLING (APARTMENT, DUPLEX, ETC)",511.0,VERBAL THREAT,AO,Adult Other,930.0,,,,400 S  COCHRAN                      AV,,34.0669,-118.3472
240307051,03/01/2024 12:00:00 AM,02/29/2024 12:00:00 AM,1230,3,Southwest,328,2,956,"LETTERS, LEWD  -  TELEPHONE CALLS, LEWD",1822 2040,22,M,O,238.0,TELECOMMUNICATION FACILITY/LOCATION,,,IC,Invest Cont,956.0,,,,3000 S  ROYAL                        ST,,34.0263,-118.2808
212112990,08/23/2021 12:00:00 AM,08/18/2021 12:00:00 AM,600,21,Topanga,2175,2,354,THEFT OF IDENTITY,1822,52,M,W,501.0,SINGLE FAMILY DWELLING,,,IC,Invest Cont,354.0,,,,22600    CLARENDON                    ST,,34.1692,-118.6211
210116850,09/13/2021 12:00:00 AM,09/13/2021 12:00:00 AM,2230,1,Central,163,2,745,VANDALISM - MISDEAMEANOR ($399 OR UNDER),1300 1414 0329 1822,0,X,X,101.0,STREET,,,IC,Invest Cont,745.0,,,,7TH,BROADWAY,34.0452,-118.2533
230814746,09/21/2023 12:00:00 AM,09/19/2023 12:00:00 AM,1134,8,West LA,852,1,442,SHOPLIFTING - PETTY THEFT ($950 & UNDER),0325 0344 1822,0,X,X,406.0,OTHER STORE,,,IC,Invest Cont,442.0,,,,11800    SANTA MONICA                 BL,,34.0428,-118.4582
211013933,10/26/2021 12:00:00 AM,10/25/2021 12:00:00 AM,1735,10,West Valley,1079,2,354,THEFT OF IDENTITY,1822,30,F,B,502.0,"MULTI-UNIT DWELLING (APARTMENT, DUPLEX, ETC)",,,IC,Invest Cont,354.0,,,,4700    HASKELL                      AV,,34.1552,-118.4749
201210386,04/06/2020 12:00:00 AM,04/06/2020 12:00:00 AM,200,12,77th Street,1245,1,210,ROBBERY,1820 0302 1300 1310 0916,43,M,H,101.0,STREET,102.0,HAND GUN,IC,Invest Cont,210.0,,,,VERMONT                      AV,68TH                         ST,33.9779,-118.2918
211008608,05/30/2021 12:00:00 AM,01/14/2020 12:00:00 AM,2345,10,West Valley,1077,1,341,"THEFT-GRAND ($950.01 & OVER)EXCPT,GUNS,FOWL,LIVESTK,PROD",0344 1606 1822,52,M,W,502.0,"MULTI-UNIT DWELLING (APARTMENT, DUPLEX, ETC)",,,AO,Adult Other,341.0,,,,17400    VENTURA                      BL,,34.1611,-118.5116
221716984,12/02/2022 12:00:00 AM,11/16/2022 12:00:00 AM,115,17,Devonshire,1767,2,740,"VANDALISM - FELONY ($400 & OVER, ALL CHURCH VANDALISMS)",0329,0,X,X,502.0,"MULTI-UNIT DWELLING (APARTMENT, DUPLEX, ETC)",,,IC,Invest Cont,740.0,,,,9400    RESEDA                       BL,,34.2409,-118.5361
231215442,07/10/2023 12:00:00 AM,07/10/2023 12:00:00 AM,1140,12,77th Street,1253,2,740,"VANDALISM - FELONY ($400 & OVER, ALL CHURCH VANDALISMS)",0913 0329 0361 0381 2021,36,M,O,501.0,SINGLE FAMILY DWELLING,,,IC,Invest Cont,740.0,,,,7300 S  HOBART                       BL,,33.9735,-118.3079
231110324,06/20/2023 12:00:00 AM,06/18/2023 12:00:00 AM,1300,11,Northeast,1186,1,330,BURGLARY FROM VEHICLE,0344 0329,38,M,H,101.0,STREET,,,IC,Invest Cont,330.0,,,,ANGELS POINT                 RD,STADIUM                      WY,34.0861,-118.2431
210207868,04/07/2021 12:00:00 AM,04/02/2021 12:00:00 AM,640,2,Rampart,219,1,440,THEFT PLAIN - PETTY ($950 & UNDER),0394 1822 0344,25,F,C,502.0,"MULTI-UNIT DWELLING (APARTMENT, DUPLEX, ETC)",,,IC,Invest Cont,440.0,,,,600 N  BOYLSTON                     ST,,34.067,-118.2515
221415379,08/16/2022 12:00:00 AM,08/16/2022 12:00:00 AM,710,14,Pacific,1438,2,624,BATTERY - SIMPLE ASSAULT,0400 0910,32,M,W,801.0,MTA BUS,400.0,"STRONG-ARM (HANDS, FIST, FEET OR BODILY FORCE)",IC,Invest Cont,624.0,,,,VENICE                       BL,LAS FLORES                   CT,34.0185,-118.4076
232115539,10/22/2023 12:00:00 AM,10/19/2023 12:00:00 AM,1900,21,Topanga,2105,1,420,THEFT FROM MOTOR VEHICLE - PETTY ($950 & UNDER),,0,,,122.0,"VEHICLE, PASSENGER/TRUCK",,,IC,Invest Cont,420.0,,,,21700    ROSCOE                       BL,,34.2239,-118.6017
241504797,01/17/2024 12:00:00 AM,01/16/2024 12:00:00 AM,750,15,N Hollywood,1506,1,310,BURGLARY,0913 0344 1609,37,M,H,501.0,SINGLE FAMILY DWELLING,,,AA,Adult Arrest,310.0,,,,7300    TUJUNGA                      AV,,34.203,-118.379
200906383,02/23/2020 12:00:00 AM,02/22/2020 12:00:00 AM,1600,9,Van Nuys,943,2,624,BATTERY - SIMPLE ASSAULT,1810 0416 0446,59,M,W,707.0,GARAGE/CARPORT,400.0,"STRONG-ARM (HANDS, FIST, FEET OR BODILY FORCE)",AO,Adult Other,624.0,,,,14400    EMELITA                      ST,,34.1767,-118.4465
231804223,01/03/2023 12:00:00 AM,01/02/2023 12:00:00 AM,600,18,Southeast,1822,2,354,THEFT OF IDENTITY,0100 1822 0930,36,F,B,501.0,SINGLE FAMILY DWELLING,,,IC,Invest Cont,354.0,,,,100 E  94TH                         ST,,33.951,-118.2739
221216280,07/21/2022 12:00:00 AM,07/20/2022 12:00:00 AM,2030,12,77th Street,1211,2,624,BATTERY - SIMPLE ASSAULT,1259 1251 0444 0429 0416,17,M,B,104.0,DRIVEWAY,400.0,"STRONG-ARM (HANDS, FIST, FEET OR BODILY FORCE)",AO,Adult Other,624.0,,,,5700    5TH                          AV,,33.9909,-118.3225
211816413,09/06/2021 12:00:00 AM,09/06/2021 12:00:00 AM,2000,18,Southeast,1881,2,624,BATTERY - SIMPLE ASSAULT,0305 0216 1822 0432 0531 0537 1202 1402,68,F,H,102.0,SIDEWALK,400.0,"STRONG-ARM (HANDS, FIST, FEET OR BODILY FORCE)",IC,Invest Cont,624.0,998.0,,,15700 S  VERMONT                      AV,,33.8884,-118.2915
211513107,08/14/2021 12:00:00 AM,08/14/2021 12:00:00 AM,1020,15,N Hollywood,1566,1,210,ROBBERY,1822 0344 0945 0448 0325 2004 0400,0,M,W,301.0,GAS STATION,400.0,"STRONG-ARM (HANDS, FIST, FEET OR BODILY FORCE)",IC,Invest Cont,210.0,,,,10900    MOORPARK                     ST,,34.1504,-118.3679
200112741,06/02/2020 12:00:00 AM,06/02/2020 12:00:00 AM,1330,1,Central,111,1,230,"ASSAULT WITH DEADLY WEAPON, AGGRAVATED ASSAULT",2004 0334 0411 0445 1218 1222 1814 2000 2007 0913,42,F,B,102.0,SIDEWALK,216.0,SCISSORS,AO,Adult Other,230.0,,,,LOS ANGELES                  ST,ARCADIA                      ST,34.0556,-118.2389
231804243,01/04/2023 12:00:00 AM,01/03/2023 12:00:00 AM,1700,18,Southeast,1824,1,420,THEFT FROM MOTOR VEHICLE - PETTY ($950 & UNDER),,0,,,101.0,STREET,,,IC,Invest Cont,420.0,,,,800 E  CENTURY                      BL,,33.9455,-118.2609
210218508,11/23/2021 12:00:00 AM,11/19/2021 12:00:00 AM,1200,2,Rampart,219,2,354,THEFT OF IDENTITY,0100 0923,44,M,W,502.0,"MULTI-UNIT DWELLING (APARTMENT, DUPLEX, ETC)",,,IC,Invest Cont,354.0,,,,1100    BELLEVUE                     AV,,34.0653,-118.2492
211513490,08/22/2021 12:00:00 AM,08/21/2021 12:00:00 AM,2200,15,N Hollywood,1512,1,510,VEHICLE - STOLEN,,0,,,104.0,DRIVEWAY,,,IC,Invest Cont,510.0,,,,12700    ARCHWOOD                     ST,,34.1924,-118.4119
231712119,06/28/2023 12:00:00 AM,06/27/2023 12:00:00 AM,2040,17,Devonshire,1764,1,510,VEHICLE - STOLEN,,0,,,108.0,PARKING LOT,,,IC,Invest Cont,510.0,,,,9400    CORBIN                       AV,,34.241,-118.5623
211010182,07/15/2021 12:00:00 AM,07/15/2021 12:00:00 AM,1,10,West Valley,1003,1,230,"ASSAULT WITH DEADLY WEAPON, AGGRAVATED ASSAULT",1822 1402 0411 0400 1420 2004 1218 0910,26,M,H,124.0,BUS STOP,207.0,OTHER KNIFE,IC,Invest Cont,230.0,998.0,,,8200    RESEDA                       BL,,34.2148,-118.5404
221701158,10/23/2022 12:00:00 AM,10/23/2022 12:00:00 AM,318,17,Devonshire,1737,1,230,"ASSAULT WITH DEADLY WEAPON, AGGRAVATED ASSAULT",1300 1822 0216 0334 0302 1402,36,M,H,104.0,DRIVEWAY,102.0,HAND GUN,IC,Invest Cont,230.0,998.0,,,11200    GERALD                       AV,,34.2739,-118.4945
220605549,02/05/2022 12:00:00 AM,02/05/2022 12:00:00 AM,35,6,Hollywood,636,1,352,PICKPOCKET,0344 1822,25,F,B,735.0,NIGHT CLUB (OPEN EVENINGS ONLY),,,IC,Invest Cont,352.0,,,,1700    VINE                         ST,,34.1034,-118.3325
211100844,07/18/2021 12:00:00 AM,07/18/2021 12:00:00 AM,1500,11,Northeast,1177,2,753,DISCHARGE FIREARMS/SHOTS FIRED,1822 1100 1402 1407,0,X,X,101.0,STREET,106.0,UNKNOWN FIREARM,IC,Invest Cont,753.0,998.0,,,2600    PEPPER                       AV,,34.0892,-118.2264
200109971,04/02/2020 12:00:00 AM,04/01/2020 12:00:00 AM,700,1,Central,118,1,341,"THEFT-GRAND ($950.01 & OVER)EXCPT,GUNS,FOWL,LIVESTK,PROD",0344 1822,0,X,X,710.0,OTHER PREMISE,,,IC,Invest Cont,341.0,,,,1100 N  MAIN                         ST,,34.0631,-118.2337
221308124,03/17/2022 12:00:00 AM,03/17/2022 12:00:00 AM,1100,13,Newton,1333,1,440,THEFT PLAIN - PETTY ($950 & UNDER),0344 1822,34,F,O,210.0,RESTAURANT/FAST FOOD,,,IC,Invest Cont,440.0,,,,2800 S  CENTRAL                      AV,,34.0174,-118.2621
221604934,01/31/2022 12:00:00 AM,01/29/2022 12:00:00 AM,1830,16,Foothill,1642,2,740,"VANDALISM - FELONY ($400 & OVER, ALL CHURCH VANDALISMS)",0329 1307 1609,49,F,H,501.0,SINGLE FAMILY DWELLING,,,IC,Invest Cont,740.0,,,,13300    PIERCE                       ST,,34.2606,-118.4224
201706032,02/16/2020 12:00:00 AM,02/16/2020 12:00:00 AM,800,17,Devonshire,1781,1,236,INTIMATE PARTNER - AGGRAVATED ASSAULT,2000 0408 0400 0444 0429 0913 1814 0448 0416,31,F,W,501.0,SINGLE FAMILY DWELLING,400.0,"STRONG-ARM (HANDS, FIST, FEET OR BODILY FORCE)",AA,Adult Arrest,236.0,,,,21000    PARTHENIA                    ST,,34.2332,-118.5829
220314842,08/08/2022 12:00:00 AM,08/08/2022 12:00:00 AM,1530,3,Southwest,375,2,740,"VANDALISM - FELONY ($400 & OVER, ALL CHURCH VANDALISMS)",0329 1822,21,X,X,501.0,SINGLE FAMILY DWELLING,,,AA,Adult Arrest,740.0,,,,3800 S  WESTERN                      AV,,34.0146,-118.313
201706910,03/05/2020 12:00:00 AM,03/05/2020 12:00:00 AM,330,17,Devonshire,1797,2,888,TRESPASSING,1501,23,F,H,501.0,SINGLE FAMILY DWELLING,,,IC,Invest Cont,888.0,,,,16300    LONDELIUS                    ST,,34.2293,-118.4873
241209577,04/05/2024 12:00:00 AM,04/05/2024 12:00:00 AM,2128,12,77th Street,1267,2,626,INTIMATE PARTNER - SIMPLE ASSAULT,2000 1823 0336 1309 2001 0356,42,F,H,502.0,"MULTI-UNIT DWELLING (APARTMENT, DUPLEX, ETC)",400.0,"STRONG-ARM (HANDS, FIST, FEET OR BODILY FORCE)",IC,Invest Cont,626.0,,,,600 W  82ND                         ST,,33.9643,-118.2846
231509104,05/01/2023 12:00:00 AM,05/01/2023 12:00:00 AM,1100,15,N Hollywood,1557,1,341,"THEFT-GRAND ($950.01 & OVER)EXCPT,GUNS,FOWL,LIVESTK,PROD",0394 0344,29,M,H,502.0,"MULTI-UNIT DWELLING (APARTMENT, DUPLEX, ETC)",,,IC,Invest Cont,341.0,,,,10900    MORRISON                     ST,,34.1608,-118.3681
201910901,06/13/2020 12:00:00 AM,04/26/2020 12:00:00 AM,800,19,Mission,1907,2,354,THEFT OF IDENTITY,0377 1822,56,F,W,502.0,"MULTI-UNIT DWELLING (APARTMENT, DUPLEX, ETC)",,,IC,Invest Cont,354.0,,,,12900    CHIPPEWA                     ST,,34.3008,-118.414
221412219,06/11/2022 12:00:00 AM,06/11/2022 12:00:00 AM,700,14,Pacific,1468,2,626,INTIMATE PARTNER - SIMPLE ASSAULT,0419 2000,41,F,H,502.0,"MULTI-UNIT DWELLING (APARTMENT, DUPLEX, ETC)",400.0,"STRONG-ARM (HANDS, FIST, FEET OR BODILY FORCE)",AA,Adult Arrest,626.0,,,,4900    MARIONWOOD                   DR,,33.9941,-118.4114
210110252,05/13/2021 12:00:00 AM,05/13/2021 12:00:00 AM,2110,1,Central,158,1,210,ROBBERY,0344 0355 1822 1218,30,M,H,102.0,SIDEWALK,500.0,UNKNOWN WEAPON/OTHER WEAPON,IC,Invest Cont,210.0,,,,6TH,CENTRAL,34.039,-118.24
221017789,12/18/2022 12:00:00 AM,12/18/2022 12:00:00 AM,400,10,West Valley,1039,1,210,ROBBERY,1822 0330 1300 0344 2004,24,M,H,101.0,STREET,400.0,"STRONG-ARM (HANDS, FIST, FEET OR BODILY FORCE)",AA,Adult Arrest,210.0,,,,6600    HASKELL                      AV,,34.1905,-118.4749
211914532,10/17/2021 12:00:00 AM,10/13/2021 12:00:00 AM,900,19,Mission,1905,1,331,THEFT FROM MOTOR VEHICLE - GRAND ($950.01 AND OVER),0385,25,F,H,101.0,STREET,,,IC,Invest Cont,331.0,,,,13500    FENTON                       AV,,34.3155,-118.4343
200900653,03/21/2020 12:00:00 AM,03/20/2020 12:00:00 AM,2200,9,Van Nuys,943,2,626,INTIMATE PARTNER - SIMPLE ASSAULT,2000 0444 0416 0913,30,F,W,501.0,SINGLE FAMILY DWELLING,400.0,"STRONG-ARM (HANDS, FIST, FEET OR BODILY FORCE)",AO,Adult Other,626.0,,,,5700    KATHERINE                    AV,,34.174,-118.4433
200812940,08/13/2020 12:00:00 AM,02/15/2020 12:00:00 AM,1200,8,West LA,848,1,341,"THEFT-GRAND ($950.01 & OVER)EXCPT,GUNS,FOWL,LIVESTK,PROD",1822 0344 0352 1202,93,F,W,501.0,SINGLE FAMILY DWELLING,,,IC,Invest Cont,341.0,,,,2300    CENTURY HILL,,34.0557,-118.4106
210710652,07/06/2021 12:00:00 AM,06/01/2021 12:00:00 AM,1,7,Wilshire,749,2,745,VANDALISM - MISDEAMEANOR ($399 OR UNDER),1822 0329,79,F,O,501.0,SINGLE FAMILY DWELLING,,,IC,Invest Cont,745.0,,,,800    CRENSHAW                     BL,,34.0585,-118.3262
231711555,06/17/2023 12:00:00 AM,06/12/2023 12:00:00 AM,2350,17,Devonshire,1757,1,230,"ASSAULT WITH DEADLY WEAPON, AGGRAVATED ASSAULT",1501 0416 1822 1281 0302 0400,52,M,O,501.0,SINGLE FAMILY DWELLING,102.0,HAND GUN,IC,Invest Cont,230.0,,,,10100    ODESSA                       AV,,34.2538,-118.4918
220704280,01/08/2022 12:00:00 AM,01/06/2022 12:00:00 AM,2115,7,Wilshire,735,1,330,BURGLARY FROM VEHICLE,1609 0344,47,M,H,123.0,PARKING UNDERGROUND/BUILDING,,,IC,Invest Cont,330.0,,,,600 S  DETROIT                      ST,,34.0649,-118.3451
210620373,12/14/2021 12:00:00 AM,12/14/2021 12:00:00 AM,1300,6,Hollywood,677,2,626,INTIMATE PARTNER - SIMPLE ASSAULT,2000 0400 0444 0913 1814 1501,25,F,B,502.0,"MULTI-UNIT DWELLING (APARTMENT, DUPLEX, ETC)",400.0,"STRONG-ARM (HANDS, FIST, FEET OR BODILY FORCE)",IC,Invest Cont,626.0,,,,5100    MELROSE                      AV,,34.0865,-118.3169
211007030,04/12/2021 12:00:00 AM,04/12/2021 12:00:00 AM,1310,10,West Valley,1005,1,230,"ASSAULT WITH DEADLY WEAPON, AGGRAVATED ASSAULT",1402 0431 0913 1823 0400,26,M,H,108.0,PARKING LOT,512.0,MACE/PEPPER SPRAY,AO,Adult Other,230.0,998.0,,,17700    SATICOY                      ST,,34.2147,-118.523
220113648,06/06/2022 12:00:00 AM,06/06/2022 12:00:00 AM,100,1,Central,163,1,341,"THEFT-GRAND ($950.01 & OVER)EXCPT,GUNS,FOWL,LIVESTK,PROD",2004 0344 1822 1234 2032,56,F,W,207.0,BAR/COCKTAIL/NIGHTCLUB,,,AA,Adult Arrest,341.0,,,,800 S  BROADWAY,,34.0437,-118.2547
230512800,08/28/2023 12:00:00 AM,08/27/2023 12:00:00 AM,2200,5,Harbor,564,2,354,THEFT OF IDENTITY,1822 0930,19,M,H,501.0,SINGLE FAMILY DWELLING,,,IC,Invest Cont,354.0,,,,300 W  SANTA CRUZ                   ST,,33.741,-118.2838
241606084,03/06/2024 12:00:00 AM,03/05/2024 12:00:00 AM,1200,16,Foothill,1622,1,510,VEHICLE - STOLEN,,0,,,101.0,STREET,,,IC,Invest Cont,510.0,,,,13300    PINNEY                       ST,,34.267,-118.423
201918036,12/12/2020 12:00:00 AM,12/12/2020 12:00:00 AM,1200,19,Mission,1999,1,310,BURGLARY,1606 0344 0321,50,F,W,502.0,"MULTI-UNIT DWELLING (APARTMENT, DUPLEX, ETC)",,,IC,Invest Cont,310.0,,,,7800    WOODMAN                      AV,,34.212,-118.4309
230215281,08/10/2023 12:00:00 AM,05/16/2023 12:00:00 AM,1600,2,Rampart,256,2,624,BATTERY - SIMPLE ASSAULT,0400 1802,43,M,H,101.0,STREET,400.0,"STRONG-ARM (HANDS, FIST, FEET OR BODILY FORCE)",IC,Invest Cont,624.0,,,,1900 W  7TH                          ST,,34.0565,-118.2724
210122101,12/13/2021 12:00:00 AM,11/22/2021 12:00:00 AM,900,1,Central,153,2,354,THEFT OF IDENTITY,1251 1822 0100,49,M,H,502.0,"MULTI-UNIT DWELLING (APARTMENT, DUPLEX, ETC)",,,IC,Invest Cont,354.0,,,,500 S  SPRING                       ST,,34.0467,-118.252
231911205,07/03/2023 12:00:00 AM,07/03/2023 12:00:00 AM,1000,19,Mission,1999,2,664,"BUNCO, PETTY THEFT",0800 0344,28,M,H,108.0,PARKING LOT,,,IC,Invest Cont,664.0,,,,13700    ROSCOE                       BL,,34.2217,-118.4312
232018896,12/04/2023 12:00:00 AM,12/04/2023 12:00:00 AM,2205,20,Olympic,2081,1,761,BRANDISH WEAPON,0906 1278 0371 1822 0421 0334 0312 0329 0432 0206,38,M,H,108.0,PARKING LOT,102.0,HAND GUN,IC,Invest Cont,761.0,930.0,,,1700 S  WESTERN                      AV,,34.0418,-118.3134
222109196,05/16/2022 12:00:00 AM,05/13/2022 12:00:00 AM,2005,21,Topanga,2177,1,510,VEHICLE - STOLEN,,0,,,707.0,GARAGE/CARPORT,,,AA,Adult Arrest,510.0,,,,5500    OWENSMOUTH                   AV,,34.1717,-118.6018
241805597,02/03/2024 12:00:00 AM,02/03/2024 12:00:00 AM,125,18,Southeast,1827,1,510,VEHICLE - STOLEN,,0,,,101.0,STREET,,,IC,Invest Cont,510.0,,,,1700 E  CENTURY                      BL,,33.9456,-118.243
201512894,07/21/2020 12:00:00 AM,06/22/2020 12:00:00 AM,500,15,N Hollywood,1543,2,439,FALSE POLICE REPORT,,0,M,O,501.0,SINGLE FAMILY DWELLING,,,AA,Adult Arrest,439.0,,,,5200    CORTEEN                      PL,,34.1649,-118.402
221213435,06/08/2022 12:00:00 AM,06/08/2022 12:00:00 AM,1630,12,77th Street,1203,1,510,VEHICLE - STOLEN,,0,,,101.0,STREET,,,IC,Invest Cont,510.0,,,,4500 S  WESTERN                      AV,,34.0028,-118.3089
220614896,08/19/2022 12:00:00 AM,08/19/2022 12:00:00 AM,2240,6,Hollywood,659,1,210,ROBBERY,0945 0325 1822 0400 0432 0334 0416 0216,0,X,X,242.0,"DISCOUNT STORE (99 CENT,DOLLAR,ETC.",311.0,HAMMER,IC,Invest Cont,210.0,,,,5200 W  SUNSET                       BL,,34.0981,-118.3033
230712717,07/31/2023 12:00:00 AM,07/29/2023 12:00:00 AM,1420,7,Wilshire,762,1,440,THEFT PLAIN - PETTY ($950 & UNDER),0344 0394 1822,26,F,W,502.0,"MULTI-UNIT DWELLING (APARTMENT, DUPLEX, ETC)",,,IC,Invest Cont,440.0,,,,1500    HI POINT                     ST,,34.0501,-118.3692
220817921,12/09/2022 12:00:00 AM,12/09/2022 12:00:00 AM,1500,8,West LA,881,2,888,TRESPASSING,1501 1822 2004,0,X,X,203.0,OTHER BUSINESS,,,IC,Invest Cont,888.0,,,,11700 W  OLYMPIC                      BL,,34.0342,-118.4478
211416245,08/07/2021 12:00:00 AM,08/02/2021 12:00:00 AM,1100,14,Pacific,1425,1,310,BURGLARY,0344 1606,90,F,W,707.0,GARAGE/CARPORT,500.0,UNKNOWN WEAPON/OTHER WEAPON,IC,Invest Cont,310.0,,,,3400    CORINTH                      AV,,34.0192,-118.4276
232112783,08/11/2023 12:00:00 AM,08/11/2023 12:00:00 AM,1640,21,Topanga,2169,1,320,"BURGLARY, ATTEMPTED",1402 1609 1607 1202,69,M,O,501.0,SINGLE FAMILY DWELLING,,,IC,Invest Cont,320.0,998.0,,,5700    CORBIN                       AV,,34.1794,-118.5669
210918159,12/29/2021 12:00:00 AM,12/29/2021 12:00:00 AM,2028,9,Van Nuys,914,1,510,VEHICLE - STOLEN,,0,,,101.0,STREET,,,IC,Invest Cont,510.0,,,,7000    BEVIS                        AV,,34.1975,-118.4562
220319673,11/03/2022 12:00:00 AM,11/03/2022 12:00:00 AM,2040,3,Southwest,319,1,231,ASSAULT WITH DEADLY WEAPON ON POLICE OFFICER,0917 1822 0334 0400 1212,21,X,X,220.0,NAIL SALON,513.0,STUN GUN,AA,Adult Arrest,231.0,,,,2500 S  FIGUEROA                     ST,,34.0286,-118.2757
230216707,09/05/2023 12:00:00 AM,09/04/2023 12:00:00 AM,1900,2,Rampart,248,1,510,VEHICLE - STOLEN,,0,,,101.0,STREET,,,IC,Invest Cont,510.0,,,,1400 W  5TH                          ST,,34.0553,-118.2634
231009347,05/19/2023 12:00:00 AM,05/19/2023 12:00:00 AM,2300,10,West Valley,1099,1,320,"BURGLARY, ATTEMPTED",1822 0314,24,F,O,501.0,SINGLE FAMILY DWELLING,,,IC,Invest Cont,320.0,,,,15500    WOODCREST                    DR,,34.1425,-118.4722
240605121,01/14/2024 12:00:00 AM,01/12/2024 12:00:00 AM,1800,6,Hollywood,643,1,330,BURGLARY FROM VEHICLE,1300 1307 0344 1822,32,M,W,101.0,STREET,,,IC,Invest Cont,330.0,,,,1600 N  VISTA                        ST,,34.0998,-118.3519
200717574,11/28/2020 12:00:00 AM,11/12/2020 12:00:00 AM,2000,7,Wilshire,773,1,121,"RAPE, FORCIBLE",0515 0500 0527 0448 1258 0552 0913 0558,12,F,H,501.0,SINGLE FAMILY DWELLING,400.0,"STRONG-ARM (HANDS, FIST, FEET OR BODILY FORCE)",AO,Adult Other,121.0,812.0,,,5600    VENICE                       BL,,34.0438,-118.3599
230219460,10/19/2023 12:00:00 AM,10/19/2023 12:00:00 AM,1820,2,Rampart,269,2,624,BATTERY - SIMPLE ASSAULT,0400 0445 0416 0334 0913 0603 0361,63,M,B,502.0,"MULTI-UNIT DWELLING (APARTMENT, DUPLEX, ETC)",500.0,UNKNOWN WEAPON/OTHER WEAPON,IC,Invest Cont,624.0,,,,700    WITMER                       ST,,34.0524,-118.2678
230711627,06/29/2023 12:00:00 AM,06/28/2023 12:00:00 AM,1930,7,Wilshire,789,2,627,CHILD ABUSE (PHYSICAL) - SIMPLE ASSAULT,1259 1251 0447 0553 0416 0448 0913,16,F,B,101.0,STREET,500.0,UNKNOWN WEAPON/OTHER WEAPON,AO,Adult Other,627.0,,,,2100    2ND                          AV,,34.038,-118.3189
230122367,10/21/2023 12:00:00 AM,10/20/2023 12:00:00 AM,2300,1,Central,111,1,510,VEHICLE - STOLEN,,0,,,108.0,PARKING LOT,,,IC,Invest Cont,510.0,,,,100    PASEO DE LA PLAZA,,34.0615,-118.2412
200109175,03/15/2020 12:00:00 AM,03/15/2020 12:00:00 AM,37,1,Central,131,2,626,INTIMATE PARTNER - SIMPLE ASSAULT,1814 0913 0448 1243 2000 1206,29,M,X,502.0,"MULTI-UNIT DWELLING (APARTMENT, DUPLEX, ETC)",400.0,"STRONG-ARM (HANDS, FIST, FEET OR BODILY FORCE)",AO,Adult Other,626.0,,,,100 S  FIGUEROA                     ST,,34.0569,-118.254
200312482,06/10/2020 12:00:00 AM,06/10/2020 12:00:00 AM,530,3,Southwest,395,2,740,"VANDALISM - FELONY ($400 & OVER, ALL CHURCH VANDALISMS)",1307 1822 1402 0216 0329,41,M,H,122.0,"VEHICLE, PASSENGER/TRUCK",,,IC,Invest Cont,740.0,998.0,,,4000    DENKER                       AV,,34.0073,-118.3108
211014121,11/01/2021 12:00:00 AM,09/21/2021 12:00:00 AM,415,10,West Valley,1004,2,903,CONTEMPT OF COURT,2038,45,F,H,501.0,SINGLE FAMILY DWELLING,,,AA,Adult Arrest,903.0,,,,7600    RESEDA                       BL,,34.2084,-118.536
221410312,05/04/2022 12:00:00 AM,04/23/2022 12:00:00 AM,904,14,Pacific,1443,1,341,"THEFT-GRAND ($950.01 & OVER)EXCPT,GUNS,FOWL,LIVESTK,PROD",0344 0394,31,F,C,232.0,"DELIVERY SERVICE (FED EX, UPS, COURIERS,COURIER SERVICE)*",,,IC,Invest Cont,341.0,,,,2400    PENMAR                       AV,,33.9948,-118.4511
211700544,02/07/2021 12:00:00 AM,02/07/2021 12:00:00 AM,1330,17,Devonshire,1797,1,350,"THEFT, PERSON",0344 1300 0209 0352 1202 1402,83,M,O,102.0,SIDEWALK,,,IC,Invest Cont,350.0,998.0,,,8800    ODESSA                       AV,,34.2304,-118.4917
221910325,06/03/2022 12:00:00 AM,06/01/2022 12:00:00 AM,110,19,Mission,1943,1,510,VEHICLE - STOLEN,,0,,,104.0,DRIVEWAY,,,AA,Adult Arrest,510.0,,,,14700    CHATSWORTH                   DR,,34.2707,-118.4529
230815231,10/03/2023 12:00:00 AM,09/21/2023 12:00:00 AM,1636,8,West LA,852,1,442,SHOPLIFTING - PETTY THEFT ($950 & UNDER),0344 1822 1420 0325,0,X,X,406.0,OTHER STORE,,,IC,Invest Cont,442.0,,,,11800    SANTA MONICA                 BL,,34.0428,-118.4582
220118657,08/20/2022 12:00:00 AM,08/19/2022 12:00:00 AM,630,1,Central,185,1,420,THEFT FROM MOTOR VEHICLE - PETTY ($950 & UNDER),,0,,,101.0,STREET,,,IC,Invest Cont,420.0,,,,900 S  HILL                         ST,,34.043,-118.2571
231208851,03/22/2023 12:00:00 AM,03/22/2023 12:00:00 AM,2300,12,77th Street,1245,1,510,VEHICLE - STOLEN,,0,,,101.0,STREET,,,IC,Invest Cont,510.0,,,,1400 W  64TH                         ST,,33.9814,-118.3003
212010783,06/24/2021 12:00:00 AM,06/24/2021 12:00:00 AM,900,20,Olympic,2097,2,745,VANDALISM - MISDEAMEANOR ($399 OR UNDER),0329 1822 2004 1609,0,X,X,203.0,OTHER BUSINESS,,,IC,Invest Cont,745.0,,,,MARIPOSA                     AV,WASHINGTON                   BL,34.04,-118.2984
231511720,07/01/2023 12:00:00 AM,07/01/2023 12:00:00 AM,645,15,N Hollywood,1549,2,624,BATTERY - SIMPLE ASSAULT,1822 0910 0416 2004,59,M,H,913.0,MTA - RED LINE - NORTH HOLLYWOOD,400.0,"STRONG-ARM (HANDS, FIST, FEET OR BODILY FORCE)",IC,Invest Cont,624.0,,,,5300    LANKERSHIM                   BL,,34.172,-118.3789
210409386,06/05/2021 12:00:00 AM,06/05/2021 12:00:00 AM,1940,4,Hollenbeck,467,2,813,CHILD ANNOYING (17YRS & UNDER),1822 1257 0528 2004,26,F,H,103.0,ALLEY,,,IC,Invest Cont,813.0,,,,2ND,EVERGREEN,34.0389,-118.2034
210412831,09/13/2021 12:00:00 AM,09/13/2021 12:00:00 AM,2314,4,Hollenbeck,479,1,236,INTIMATE PARTNER - AGGRAVATED ASSAULT,2000 0913 1813 1243 0408 0400,26,F,H,502.0,"MULTI-UNIT DWELLING (APARTMENT, DUPLEX, ETC)",400.0,"STRONG-ARM (HANDS, FIST, FEET OR BODILY FORCE)",IC,Invest Cont,236.0,,,,3700    WHITTIER                     BL,,34.0244,-118.1934
201207085,02/12/2020 12:00:00 AM,02/07/2020 12:00:00 AM,830,12,77th Street,1232,1,310,BURGLARY,1822 0344 2204,0,X,X,704.0,ELEMENTARY SCHOOL,,,IC,Invest Cont,310.0,,,,5900    2ND                          AV,,33.9873,-118.3196
220715981,10/31/2022 12:00:00 AM,10/31/2022 12:00:00 AM,1100,7,Wilshire,753,1,330,BURGLARY FROM VEHICLE,1300 1307 1822 0344,48,F,B,108.0,PARKING LOT,,,IC,Invest Cont,330.0,,,,6000 W  OLYMPIC                      BL,,34.058,-118.3627
210209748,05/22/2021 12:00:00 AM,05/22/2021 12:00:00 AM,1920,2,Rampart,238,2,624,BATTERY - SIMPLE ASSAULT,0400 0416 0446 0913 1823 2004 1402,37,M,H,102.0,SIDEWALK,400.0,"STRONG-ARM (HANDS, FIST, FEET OR BODILY FORCE)",IC,Invest Cont,624.0,998.0,,,1400 W  TEMPLE                       ST,,34.0673,-118.2566
210615227,08/31/2021 12:00:00 AM,08/30/2021 12:00:00 AM,2025,6,Hollywood,647,1,310,BURGLARY,1601 1607 0344 0377 1822,28,M,B,502.0,"MULTI-UNIT DWELLING (APARTMENT, DUPLEX, ETC)",,,IC,Invest Cont,310.0,,,,1500    VINE                         ST,,34.098,-118.3266
201413603,07/11/2020 12:00:00 AM,07/11/2020 12:00:00 AM,200,14,Pacific,1444,2,946,OTHER MISCELLANEOUS CRIME,0344 1300,68,M,B,101.0,STREET,,,IC,Invest Cont,946.0,,,,4000    LINCOLN                      BL,,33.99,-118.4474
201304151,01/02/2020 12:00:00 AM,01/02/2020 12:00:00 AM,1215,13,Newton,1364,2,930,CRIMINAL THREATS - NO WEAPON DISPLAYED,0432 0422 0421 0913,38,F,B,501.0,SINGLE FAMILY DWELLING,511.0,VERBAL THREAT,IC,Invest Cont,930.0,,,,1100 E  48TH                         ST,,33.9998,-118.2565
230915146,10/12/2023 12:00:00 AM,10/11/2023 12:00:00 AM,1830,9,Van Nuys,964,1,442,SHOPLIFTING - PETTY THEFT ($950 & UNDER),0325,28,M,O,404.0,DEPARTMENT STORE,,,AA,Adult Arrest,442.0,,,,14000    RIVERSIDE                    DR,,34.1576,-118.4387
221115677,10/30/2022 12:00:00 AM,10/29/2022 12:00:00 AM,1900,11,Northeast,1101,1,230,"ASSAULT WITH DEADLY WEAPON, AGGRAVATED ASSAULT",0420 0445 0429 0302 0416 0421 0342 1822 0400 0906,23,M,H,109.0,PARK/PLAYGROUND,102.0,HAND GUN,IC,Invest Cont,230.0,,,,FERN DELL                    DR,WESTERN CANYON               RD,34.1234,-118.3074
230113815,06/08/2023 12:00:00 AM,06/07/2023 12:00:00 AM,850,1,Central,162,2,745,VANDALISM - MISDEAMEANOR ($399 OR UNDER),1300 0329,23,F,V,122.0,"VEHICLE, PASSENGER/TRUCK",,,IC,Invest Cont,745.0,,,,800 S  FLOWER                       ST,,34.0473,-118.2601
220818725,12/30/2022 12:00:00 AM,12/27/2022 12:00:00 AM,1916,8,West LA,802,1,440,THEFT PLAIN - PETTY ($950 & UNDER),0394,44,M,W,503.0,HOTEL,,,IC,Invest Cont,440.0,,,,1300    GOUCHER                      ST,,34.0524,-118.5212
210516466,11/25/2021 12:00:00 AM,11/25/2021 12:00:00 AM,2100,5,Harbor,507,2,624,BATTERY - SIMPLE ASSAULT,0444 0419 0913 0361 0603 0416,23,F,H,222.0,LAUNDROMAT,400.0,"STRONG-ARM (HANDS, FIST, FEET OR BODILY FORCE)",AO,Adult Other,624.0,,,,1400 W  225TH                        ST,,33.8222,-118.3037
220127132,12/26/2022 12:00:00 AM,12/26/2022 12:00:00 AM,1400,1,Central,162,1,330,BURGLARY FROM VEHICLE,0329 0344 1307 1609 1822,41,F,B,108.0,PARKING LOT,,,IC,Invest Cont,330.0,,,,800 S  GRAND                        AV,,34.0459,-118.2579
231810195,05/10/2023 12:00:00 AM,05/10/2023 12:00:00 AM,700,18,Southeast,1837,2,888,TRESPASSING,1822 2004 1501,0,X,X,811.0,"OTHER RR TRAIN (UNION PAC, SANTE FE ETC",,,IC,Invest Cont,888.0,,,,10800    WILLOWBROOK                  AV,,33.9379,-118.2425
210411734,08/13/2021 12:00:00 AM,07/29/2021 12:00:00 AM,1240,4,Hollenbeck,438,2,354,THEFT OF IDENTITY,0100,30,M,W,602.0,BANK,,,IC,Invest Cont,354.0,,,,2900    COVINA                       ST,,34.0788,-118.1652
221005104,01/31/2022 12:00:00 AM,01/30/2022 12:00:00 AM,1300,10,West Valley,1004,1,510,VEHICLE - STOLEN,,0,,,701.0,HOSPITAL,,,IC,Invest Cont,510.0,,,,18300    ROSCOE                       BL,,34.2208,-118.5317
220505917,02/18/2022 12:00:00 AM,02/18/2022 12:00:00 AM,1200,5,Harbor,519,1,310,BURGLARY,0321 0329 0344 1607,70,F,H,501.0,SINGLE FAMILY DWELLING,,,IC,Invest Cont,310.0,,,,1400 E  O                            ST,,33.7926,-118.2468
201205521,01/22/2020 12:00:00 AM,01/22/2020 12:00:00 AM,630,12,77th Street,1245,2,626,INTIMATE PARTNER - SIMPLE ASSAULT,0400 0416 2000 1814 0913,65,M,B,501.0,SINGLE FAMILY DWELLING,500.0,UNKNOWN WEAPON/OTHER WEAPON,AO,Adult Other,626.0,,,,1200 W  64TH                         ST,,33.9814,-118.2958
211104347,01/08/2021 12:00:00 AM,01/08/2021 12:00:00 AM,1845,11,Northeast,1118,2,437,RESISTING ARREST,1501,0,M,O,101.0,STREET,400.0,"STRONG-ARM (HANDS, FIST, FEET OR BODILY FORCE)",IC,Invest Cont,437.0,,,,5600    BALTIMORE                    ST,,34.1173,-118.1967
231209977,04/09/2023 12:00:00 AM,03/16/2023 12:00:00 AM,1300,12,77th Street,1259,1,341,"THEFT-GRAND ($950.01 & OVER)EXCPT,GUNS,FOWL,LIVESTK,PROD",0344,46,F,V,501.0,SINGLE FAMILY DWELLING,,,IC,Invest Cont,341.0,,,,900 E  76TH                         ST,,33.9712,-118.2586
230616451,10/13/2023 12:00:00 AM,10/12/2023 12:00:00 AM,1800,6,Hollywood,637,1,330,BURGLARY FROM VEHICLE,1822 1300 0344 1307 1609,37,M,W,101.0,STREET,,,IC,Invest Cont,330.0,,,,GOWER,YUCCA,34.1038,-118.3224
240507388,03/30/2024 12:00:00 AM,03/30/2024 12:00:00 AM,1700,5,Harbor,567,1,230,"ASSAULT WITH DEADLY WEAPON, AGGRAVATED ASSAULT",0430 1100 1822 1259,16,M,W,101.0,STREET,106.0,UNKNOWN FIREARM,IC,Invest Cont,230.0,,,,17TH,PACIFIC,33.7288,-118.288
221816652,09/01/2022 12:00:00 AM,08/31/2022 12:00:00 AM,1900,18,Southeast,1863,1,510,VEHICLE - STOLEN,,0,,,101.0,STREET,,,IC,Invest Cont,510.0,,,,600 E  116TH                        PL,,33.9283,-118.2652
212004834,01/24/2021 12:00:00 AM,01/24/2021 12:00:00 AM,845,20,Olympic,2016,2,626,INTIMATE PARTNER - SIMPLE ASSAULT,0913 1814 0448 0444 0416 0305 0408 2000,33,M,H,502.0,"MULTI-UNIT DWELLING (APARTMENT, DUPLEX, ETC)",400.0,"STRONG-ARM (HANDS, FIST, FEET OR BODILY FORCE)",AA,Adult Arrest,626.0,,,,200 S  KENMORE                      AV,,34.0709,-118.2985
221612397,09/15/2022 12:00:00 AM,09/11/2022 12:00:00 AM,1400,16,Foothill,1693,1,310,BURGLARY,1822 0321 0344,32,M,W,501.0,SINGLE FAMILY DWELLING,,,IC,Invest Cont,310.0,,,,12100    WIXOM                        ST,,34.2112,-118.3976
200216628,10/25/2020 12:00:00 AM,10/24/2020 12:00:00 AM,1200,2,Rampart,269,1,510,VEHICLE - STOLEN,,0,,,101.0,STREET,,,IC,Invest Cont,510.0,,,,700    VALENCIA                     ST,,34.0527,-118.2696
221604046,01/01/2022 12:00:00 AM,01/01/2022 12:00:00 AM,1600,16,Foothill,1653,2,900,VIOLATION OF COURT ORDER,1501,33,F,H,726.0,POLICE FACILITY,,,AO,Adult Other,900.0,,,,12700    OSBORNE                      ST,,34.2542,-118.4095
210210466,06/09/2021 12:00:00 AM,06/09/2021 12:00:00 AM,1415,2,Rampart,256,2,745,VANDALISM - MISDEAMEANOR ($399 OR UNDER),0601 0329 1822 1309,0,X,X,210.0,RESTAURANT/FAST FOOD,,,IC,Invest Cont,745.0,,,,1600    WILSHIRE                     BL,,34.0554,-118.2702
230804110,01/03/2023 12:00:00 AM,01/03/2023 12:00:00 AM,1646,8,West LA,852,1,442,SHOPLIFTING - PETTY THEFT ($950 & UNDER),0325 1822,0,M,O,203.0,OTHER BUSINESS,,,AA,Adult Arrest,442.0,,,,11800    SANTA MONICA                 BL,,34.0428,-118.4582
221111753,07/20/2022 12:00:00 AM,07/18/2022 12:00:00 AM,1930,11,Northeast,1163,2,930,CRIMINAL THREATS - NO WEAPON DISPLAYED,0421 0361 0913,46,M,H,502.0,"MULTI-UNIT DWELLING (APARTMENT, DUPLEX, ETC)",511.0,VERBAL THREAT,AO,Adult Other,930.0,,,,1200 N  EDGEMONT                     ST,,34.0934,-118.2961
232111660,07/15/2023 12:00:00 AM,07/13/2023 12:00:00 AM,1745,21,Topanga,2143,1,343,SHOPLIFTING-GRAND THEFT ($950.01 & OVER),0325,50,M,W,404.0,DEPARTMENT STORE,,,IC,Invest Cont,343.0,,,,6600    FALLBROOK                    AV,,34.1883,-118.6274
200511007,06/25/2020 12:00:00 AM,06/25/2020 12:00:00 AM,1,5,Harbor,524,2,624,BATTERY - SIMPLE ASSAULT,0417 0555 1202 0913 2021 0602 0319,59,M,H,501.0,SINGLE FAMILY DWELLING,400.0,"STRONG-ARM (HANDS, FIST, FEET OR BODILY FORCE)",IC,Invest Cont,624.0,,,,1200    ALTON                        ST,,33.777,-118.2779
200816873,11/26/2020 12:00:00 AM,11/26/2020 12:00:00 AM,840,8,West LA,855,1,480,BIKE - STOLEN,0344 1402 1822 1606 1420 1608 0345,55,M,H,203.0,OTHER BUSINESS,,,IC,Invest Cont,480.0,998.0,,,10900    SANTA MONICA                 BL,,34.0492,-118.4394
231613494,10/30/2023 12:00:00 AM,10/25/2023 12:00:00 AM,1730,16,Foothill,1681,1,341,"THEFT-GRAND ($950.01 & OVER)EXCPT,GUNS,FOWL,LIVESTK,PROD",0344,40,M,H,109.0,PARK/PLAYGROUND,,,IC,Invest Cont,341.0,,,,12400    WICKS                        ST,,34.2273,-118.403
211515979,10/12/2021 12:00:00 AM,10/12/2021 12:00:00 AM,1200,15,N Hollywood,1519,2,814,CHILD PORNOGRAPHY,1402 0514 1501,37,M,W,501.0,SINGLE FAMILY DWELLING,,,IC,Invest Cont,814.0,998.0,,,6700    RIVERTON                     AV,,34.1922,-118.366
200607243,03/02/2020 12:00:00 AM,02/29/2020 12:00:00 AM,2000,6,Hollywood,647,2,928,THREATENING PHONE CALLS/LETTERS,0443 1912 1822,47,M,O,502.0,"MULTI-UNIT DWELLING (APARTMENT, DUPLEX, ETC)",511.0,VERBAL THREAT,IC,Invest Cont,928.0,,,,1500 N  GORDON                       ST,,34.0981,-118.3197
230218263,09/29/2023 12:00:00 AM,09/29/2023 12:00:00 AM,500,2,Rampart,275,2,626,INTIMATE PARTNER - SIMPLE ASSAULT,2000 1814 0429 0448 0446 0417,37,F,H,502.0,"MULTI-UNIT DWELLING (APARTMENT, DUPLEX, ETC)",400.0,"STRONG-ARM (HANDS, FIST, FEET OR BODILY FORCE)",AA,Adult Arrest,626.0,,,,900    BEACON                       AV,,34.0497,-118.2754
231809110,04/17/2023 12:00:00 AM,04/17/2023 12:00:00 AM,1230,18,Southeast,1831,1,230,"ASSAULT WITH DEADLY WEAPON, AGGRAVATED ASSAULT",1402 1407 0450 1100,0,X,X,101.0,STREET,106.0,UNKNOWN FIREARM,IC,Invest Cont,230.0,998.0,,,700    LACONIA                      BL,,33.918,-118.287
212006565,03/13/2021 12:00:00 AM,03/12/2021 12:00:00 AM,1630,20,Olympic,2014,1,420,THEFT FROM MOTOR VEHICLE - PETTY ($950 & UNDER),,0,,,101.0,STREET,,,IC,Invest Cont,420.0,,,,200 N  ARDMORE                      AV,,34.0753,-118.3019
241406433,02/23/2024 12:00:00 AM,02/20/2024 12:00:00 AM,2300,14,Pacific,1458,1,522,"VEHICLE, STOLEN - OTHER (MOTORIZED SCOOTERS, BIKES, ETC)",,0,,,101.0,STREET,,,IC,Invest Cont,522.0,,,,11500    CULVER                       BL,,34.0002,-118.4134
200814857,10/04/2020 12:00:00 AM,10/02/2020 12:00:00 AM,1320,8,West LA,896,1,510,VEHICLE - STOLEN,,0,,,101.0,STREET,,,IC,Invest Cont,510.0,,,,3300    CASTLE HEIGHTS               AV,,34.0303,-118.4013
212011706,07/17/2021 12:00:00 AM,07/17/2021 12:00:00 AM,1430,20,Olympic,2024,1,510,VEHICLE - STOLEN,,0,,,101.0,STREET,,,IC,Invest Cont,510.0,,,,HOBART                       BL,5TH                          ST,34.0653,-118.3053
232115995,11/03/2023 12:00:00 AM,11/03/2023 12:00:00 AM,500,21,Topanga,2159,1,210,ROBBERY,0344 0416 0913 0346,42,F,O,501.0,SINGLE FAMILY DWELLING,400.0,"STRONG-ARM (HANDS, FIST, FEET OR BODILY FORCE)",IC,Invest Cont,210.0,,,,19700    FRIAR                        ST,,34.1857,-118.5622
200205083,01/23/2020 12:00:00 AM,01/23/2020 12:00:00 AM,1300,2,Rampart,256,1,230,"ASSAULT WITH DEADLY WEAPON, AGGRAVATED ASSAULT",1218 1822 0305 0416 0446 0429 0417,37,M,H,102.0,SIDEWALK,400.0,"STRONG-ARM (HANDS, FIST, FEET OR BODILY FORCE)",IC,Invest Cont,230.0,,,,1700 W  6TH                          ST,,34.0573,-118.2699
241107872,05/03/2024 12:00:00 AM,05/01/2024 12:00:00 AM,1807,11,Northeast,1183,1,330,BURGLARY FROM VEHICLE,0344,43,M,W,108.0,PARKING LOT,,,IC,Invest Cont,330.0,,,,1600 W  SUNSET                       BL,,34.0832,-118.2572
220715141,10/10/2022 12:00:00 AM,10/01/2022 12:00:00 AM,1000,7,Wilshire,745,1,420,THEFT FROM MOTOR VEHICLE - PETTY ($950 & UNDER),,0,,,101.0,STREET,,,IC,Invest Cont,420.0,,,,1200 S  CLOVERDALE                   AV,,34.0535,-118.3495
201318631,10/18/2020 12:00:00 AM,10/18/2020 12:00:00 AM,1640,13,Newton,1333,2,753,DISCHARGE FIREARMS/SHOTS FIRED,1100 1309 0371 0319,0,X,X,101.0,STREET,109.0,SEMI-AUTOMATIC PISTOL,IC,Invest Cont,753.0,,,,400 E  29TH                         ST,,34.0201,-118.2648
230706776,03/03/2023 12:00:00 AM,03/02/2023 12:00:00 AM,2320,7,Wilshire,762,1,331,THEFT FROM MOTOR VEHICLE - GRAND ($950.01 AND OVER),0344 1822 0385,61,M,B,101.0,STREET,,,IC,Invest Cont,331.0,,,,1400 S  POINT VIEW                   ST,,34.0522,-118.37
231117005,12/19/2023 12:00:00 AM,12/18/2023 12:00:00 AM,1100,11,Northeast,1132,2,763,STALKING,0347 0913,19,F,B,101.0,STREET,500.0,UNKNOWN WEAPON/OTHER WEAPON,IC,Invest Cont,763.0,,,,3000    RIVERSIDE                    DR,,34.1119,-118.2664
201508026,03/25/2020 12:00:00 AM,03/25/2020 12:00:00 AM,250,15,N Hollywood,1511,1,510,VEHICLE - STOLEN,,0,,,108.0,PARKING LOT,,,AA,Adult Arrest,510.0,,,,7300    ETHEL                        AV,,34.2031,-118.4182
210510398,06/17/2021 12:00:00 AM,06/16/2021 12:00:00 AM,1930,5,Harbor,529,1,420,THEFT FROM MOTOR VEHICLE - PETTY ($950 & UNDER),0344 1300,0,X,X,108.0,PARKING LOT,,,IC,Invest Cont,420.0,,,,100    BERTH,,33.7753,-118.2456
200704327,01/07/2020 12:00:00 AM,01/07/2020 12:00:00 AM,1730,7,Wilshire,765,1,341,"THEFT-GRAND ($950.01 & OVER)EXCPT,GUNS,FOWL,LIVESTK,PROD",0344,52,M,B,252.0,"COFFEE SHOP (STARBUCKS, COFFEE BEAN, PEET'S, ETC.)",,,IC,Invest Cont,341.0,,,,4700 W  PICO                         BL,,34.0486,-118.3385
220817854,12/07/2022 12:00:00 AM,02/01/2022 12:00:00 AM,1,8,West LA,848,2,940,EXTORTION,1202 1915 1913,71,M,W,501.0,SINGLE FAMILY DWELLING,,,AO,Adult Other,940.0,,,,2200    CENTURY HILL,,34.0558,-118.4107
200407463,04/01/2020 12:00:00 AM,03/31/2020 12:00:00 AM,2330,4,Hollenbeck,414,2,740,"VANDALISM - FELONY ($400 & OVER, ALL CHURCH VANDALISMS)",0329,54,F,H,502.0,"MULTI-UNIT DWELLING (APARTMENT, DUPLEX, ETC)",,,AA,Adult Arrest,740.0,,,,2800    GRIFFIN                      AV,,34.0793,-118.2119
231911857,07/20/2023 12:00:00 AM,07/19/2023 12:00:00 AM,1650,19,Mission,1906,2,624,BATTERY - SIMPLE ASSAULT,0906 0416 1822,26,M,H,501.0,SINGLE FAMILY DWELLING,400.0,"STRONG-ARM (HANDS, FIST, FEET OR BODILY FORCE)",AO,Adult Other,624.0,,,,13600    ELDRIDGE                     AV,,34.3188,-118.4257
211208234,03/07/2021 12:00:00 AM,03/06/2021 12:00:00 AM,2000,12,77th Street,1243,2,740,"VANDALISM - FELONY ($400 & OVER, ALL CHURCH VANDALISMS)",1307 0329,58,M,H,122.0,"VEHICLE, PASSENGER/TRUCK",,,IC,Invest Cont,740.0,,,,1800 W  64TH                         ST,,33.9814,-118.3094
211207781,02/22/2021 12:00:00 AM,02/17/2021 12:00:00 AM,1819,12,77th Street,1208,2,956,"LETTERS, LEWD  -  TELEPHONE CALLS, LEWD",1906 1822,26,F,H,501.0,SINGLE FAMILY DWELLING,,,IC,Invest Cont,956.0,,,,600 W  48TH                         ST,,33.9996,-118.2848
201704393,01/08/2020 12:00:00 AM,01/07/2020 12:00:00 AM,2100,17,Devonshire,1757,1,330,BURGLARY FROM VEHICLE,1307 0344 0321 1609,22,F,H,101.0,STREET,,,IC,Invest Cont,330.0,,,,10200    HAYVENHURST                  AV,,34.2557,-118.4936
200506885,03/07/2020 12:00:00 AM,03/02/2020 12:00:00 AM,2000,5,Harbor,585,1,440,THEFT PLAIN - PETTY ($950 & UNDER),0394 0344,46,F,A,502.0,"MULTI-UNIT DWELLING (APARTMENT, DUPLEX, ETC)",,,IC,Invest Cont,440.0,,,,700 W  24TH                         ST,,33.7224,-118.2924
200107506,02/17/2020 12:00:00 AM,02/16/2020 12:00:00 AM,2200,1,Central,163,1,330,BURGLARY FROM VEHICLE,1606 0344,34,M,W,123.0,PARKING UNDERGROUND/BUILDING,,,IC,Invest Cont,330.0,,,,700 S  BROADWAY,,34.0452,-118.2534
211416481,08/11/2021 12:00:00 AM,08/11/2021 12:00:00 AM,357,14,Pacific,1454,2,740,"VANDALISM - FELONY ($400 & OVER, ALL CHURCH VANDALISMS)",0329,0,X,X,404.0,DEPARTMENT STORE,,,IC,Invest Cont,740.0,,,,13400    MAXELLA                      AV,,33.987,-118.4407
211307991,03/27/2021 12:00:00 AM,03/27/2021 12:00:00 AM,2145,13,Newton,1347,2,745,VANDALISM - MISDEAMEANOR ($399 OR UNDER),0329 1307 2004,49,M,H,122.0,"VEHICLE, PASSENGER/TRUCK",,,IC,Invest Cont,745.0,,,,E  25TH                         ST,LONG BEACH                   AV,34.0147,-118.2432
221706483,01/29/2022 12:00:00 AM,01/28/2022 12:00:00 AM,2028,17,Devonshire,1783,1,341,"THEFT-GRAND ($950.01 & OVER)EXCPT,GUNS,FOWL,LIVESTK,PROD",0377 0344,23,F,H,405.0,CLOTHING STORE,,,IC,Invest Cont,341.0,,,,TAMPA                        AV,NORDHOFF                     ST,34.2355,-118.5536
241405769,02/10/2024 12:00:00 AM,01/31/2024 12:00:00 AM,1710,14,Pacific,1469,2,901,VIOLATION OF RESTRAINING ORDER,1906,48,F,B,501.0,SINGLE FAMILY DWELLING,500.0,UNKNOWN WEAPON/OTHER WEAPON,IC,Invest Cont,901.0,,,,6900    KITTYHAWK                    AV,,33.9754,-118.3722
230406988,04/01/2023 12:00:00 AM,03/31/2023 12:00:00 AM,2200,4,Hollenbeck,453,1,510,VEHICLE - STOLEN,,0,,,101.0,STREET,,,IC,Invest Cont,510.0,,,,1400    MITCHELL                     PL,,34.0541,-118.2182
210909696,05/25/2021 12:00:00 AM,05/24/2021 12:00:00 AM,925,9,Van Nuys,937,1,510,VEHICLE - STOLEN,,0,,,108.0,PARKING LOT,,,IC,Invest Cont,510.0,,,,13800    VICTORY                      BL,,34.1867,-118.434
232014233,08/17/2023 12:00:00 AM,08/17/2023 12:00:00 AM,900,20,Olympic,2029,1,230,"ASSAULT WITH DEADLY WEAPON, AGGRAVATED ASSAULT",1822 1402 0202 0432 2004 0334 0312 0302 0443,33,M,H,158.0,TRANSIENT ENCAMPMENT,102.0,HAND GUN,AA,Adult Arrest,230.0,998.0,,,400    SHATTO                       PL,,34.067,-118.2899
200309737,04/11/2020 12:00:00 AM,04/11/2020 12:00:00 AM,120,3,Southwest,317,2,745,VANDALISM - MISDEAMEANOR ($399 OR UNDER),0329,32,F,H,502.0,"MULTI-UNIT DWELLING (APARTMENT, DUPLEX, ETC)",,,IC,Invest Cont,745.0,,,,2400    RAYMOND                      AV,,34.0346,-118.2975
211010357,07/19/2021 12:00:00 AM,07/11/2021 12:00:00 AM,2200,10,West Valley,1025,1,510,VEHICLE - STOLEN,,0,,,101.0,STREET,,,IC,Invest Cont,510.0,,,,SHERMAN                      WY,RESEDA                       BL,34.2011,-118.536
232016741,10/17/2023 12:00:00 AM,10/11/2023 12:00:00 AM,2100,20,Olympic,2005,1,210,ROBBERY,0417 0344 0370 0903 1822 0342 0446 0416 1535 2054,25,M,H,102.0,SIDEWALK,102.0,HAND GUN,IC,Invest Cont,210.0,946.0,,,NORMANDIE                    PL,OAKWOOD,34.0776,-118.3012
221416735,09/21/2022 12:00:00 AM,09/20/2022 12:00:00 AM,2330,14,Pacific,1465,1,310,BURGLARY,0344 1606,47,M,W,501.0,SINGLE FAMILY DWELLING,,,IC,Invest Cont,310.0,,,,11800    MCDONALD                     ST,,33.9912,-118.4077
201904415,01/09/2020 12:00:00 AM,01/09/2020 12:00:00 AM,800,19,Mission,1909,1,310,BURGLARY,1609 0344,44,M,W,501.0,SINGLE FAMILY DWELLING,,,IC,Invest Cont,310.0,,,,12700    SHENLEY                      ST,,34.3274,-118.4105
230122947,10/29/2023 12:00:00 AM,10/29/2023 12:00:00 AM,1800,1,Central,165,2,437,RESISTING ARREST,1501,0,X,X,102.0,SIDEWALK,500.0,UNKNOWN WEAPON/OTHER WEAPON,IC,Invest Cont,437.0,,,,6TH                          ST,WALL                         ST,34.0435,-118.2471
231605297,02/08/2023 12:00:00 AM,01/13/2023 12:00:00 AM,1145,16,Foothill,1657,2,662,"BUNCO, GRAND THEFT",0701 1822,47,F,O,502.0,"MULTI-UNIT DWELLING (APARTMENT, DUPLEX, ETC)",,,IC,Invest Cont,662.0,,,,7100    GREELEY                      ST,,34.249,-118.2859
231917225,11/29/2023 12:00:00 AM,11/29/2023 12:00:00 AM,311,19,Mission,1975,1,310,BURGLARY,1822 1609 0375 0216,49,F,B,210.0,RESTAURANT/FAST FOOD,,,IC,Invest Cont,310.0,,,,9000    WOODMAN                      AV,,34.2342,-118.4436
230807842,03/31/2023 12:00:00 AM,03/31/2023 12:00:00 AM,550,8,West LA,855,2,920,KIDNAPPING - GRAND ATTEMPT,1813 0602 1402,8,F,O,502.0,"MULTI-UNIT DWELLING (APARTMENT, DUPLEX, ETC)",200.0,KNIFE WITH BLADE 6INCHES OR LESS,AA,Adult Arrest,920.0,998.0,,,1400    VETERAN                      AV,,34.0517,-118.442
211110882,07/18/2021 12:00:00 AM,07/18/2021 12:00:00 AM,1000,11,Northeast,1123,1,510,VEHICLE - STOLEN,,0,,,101.0,STREET,,,IC,Invest Cont,510.0,,,,3800    EDENHURST                    AV,,34.1208,-118.2634
221916020,10/24/2022 12:00:00 AM,10/24/2022 12:00:00 AM,1100,19,Mission,1934,1,341,"THEFT-GRAND ($950.01 & OVER)EXCPT,GUNS,FOWL,LIVESTK,PROD",0913 1817 2032 0344,26,M,O,101.0,STREET,,,AO,Adult Other,341.0,,,,GLADSTONE                    AV,ARROYO                       ST,34.2747,-118.4696
200904109,01/03/2020 12:00:00 AM,01/03/2020 12:00:00 AM,600,9,Van Nuys,906,1,310,BURGLARY,0354 0344 1606,38,F,W,502.0,"MULTI-UNIT DWELLING (APARTMENT, DUPLEX, ETC)",500.0,UNKNOWN WEAPON/OTHER WEAPON,IC,Invest Cont,310.0,,,,7300    LENNOX                       AV,,34.203,-118.4458
210913215,08/23/2021 12:00:00 AM,08/23/2021 12:00:00 AM,343,9,Van Nuys,914,2,354,THEFT OF IDENTITY,0922 1822,31,F,B,502.0,"MULTI-UNIT DWELLING (APARTMENT, DUPLEX, ETC)",,,IC,Invest Cont,354.0,,,,15200    SHERMAN                      WY,,34.2011,-118.4642
231610645,08/01/2023 12:00:00 AM,07/31/2023 12:00:00 AM,830,16,Foothill,1651,1,420,THEFT FROM MOTOR VEHICLE - PETTY ($950 & UNDER),,0,,,101.0,STREET,,,IC,Invest Cont,420.0,,,,13000    MONTAGUE                     ST,,34.2445,-118.4155
200716510,11/29/2020 12:00:00 AM,11/29/2020 12:00:00 AM,2055,7,Wilshire,732,1,210,ROBBERY,0431 1822 0334,32,F,W,108.0,PARKING LOT,109.0,SEMI-AUTOMATIC PISTOL,IC,Invest Cont,210.0,,,,6100    WILSHIRE                     BL,,34.0665,-118.3662
221916832,11/14/2022 12:00:00 AM,11/13/2022 12:00:00 AM,530,19,Mission,1902,2,626,INTIMATE PARTNER - SIMPLE ASSAULT,1814 2000 0913 0416,28,M,W,501.0,SINGLE FAMILY DWELLING,400.0,"STRONG-ARM (HANDS, FIST, FEET OR BODILY FORCE)",AO,Adult Other,626.0,,,,14500    BLEDSOE                      ST,,34.3199,-118.449
231321081,11/25/2023 12:00:00 AM,11/24/2023 12:00:00 AM,1100,13,Newton,1367,1,510,VEHICLE - STOLEN,,0,,,101.0,STREET,,,IC,Invest Cont,510.0,,,,4500    HONDURAS                     ST,,34.0027,-118.2441
210407038,03/25/2021 12:00:00 AM,03/25/2021 12:00:00 AM,1015,4,Hollenbeck,497,2,624,BATTERY - SIMPLE ASSAULT,0913 0416 0444,53,F,W,102.0,SIDEWALK,500.0,UNKNOWN WEAPON/OTHER WEAPON,IC,Invest Cont,624.0,,,,3400    EMERY                        ST,,34.0153,-118.2061
231905225,02/01/2023 12:00:00 AM,01/31/2023 12:00:00 AM,926,19,Mission,1936,1,331,THEFT FROM MOTOR VEHICLE - GRAND ($950.01 AND OVER),0385,32,M,H,101.0,STREET,,,IC,Invest Cont,331.0,,,,14600    KALISHER                     ST,,34.2801,-118.4513
231000625,04/13/2023 12:00:00 AM,04/13/2023 12:00:00 AM,2150,10,West Valley,1025,2,625,OTHER ASSAULT,0400 0416 0913 0356 0603,66,M,O,502.0,"MULTI-UNIT DWELLING (APARTMENT, DUPLEX, ETC)",400.0,"STRONG-ARM (HANDS, FIST, FEET OR BODILY FORCE)",AA,Adult Arrest,625.0,,,,7000    ETIWANDA                     AV,,34.1975,-118.5317
210608423,04/14/2021 12:00:00 AM,04/13/2021 12:00:00 AM,1916,6,Hollywood,639,1,440,THEFT PLAIN - PETTY ($950 & UNDER),0352 1822,26,F,B,404.0,DEPARTMENT STORE,,,IC,Invest Cont,440.0,,,,5400    HOLLYWOOD                    BL,,34.1036,-118.3049
211513786,08/28/2021 12:00:00 AM,08/24/2021 12:00:00 AM,1330,15,N Hollywood,1525,1,310,BURGLARY,0344 1202 1606,60,F,O,501.0,SINGLE FAMILY DWELLING,,,IC,Invest Cont,310.0,,,,6500    AGNES                        AV,,34.1885,-118.3954
211115245,11/11/2021 12:00:00 AM,11/11/2021 12:00:00 AM,1920,11,Northeast,1128,1,510,VEHICLE - STOLEN,,0,,,108.0,PARKING LOT,,,IC,Invest Cont,510.0,,,,6300    YORK                         BL,,34.1148,-118.1824
241608745,06/07/2024 12:00:00 AM,06/05/2024 12:00:00 AM,1324,16,Foothill,1685,1,440,THEFT PLAIN - PETTY ($950 & UNDER),0344,59,M,H,502.0,"MULTI-UNIT DWELLING (APARTMENT, DUPLEX, ETC)",,,IC,Invest Cont,440.0,,,,7800    TROOST                       AV,,34.2121,-118.3867
211415370,07/20/2021 12:00:00 AM,07/20/2021 12:00:00 AM,1450,14,Pacific,1413,1,440,THEFT PLAIN - PETTY ($950 & UNDER),0344 0394,32,F,W,710.0,OTHER PREMISE,,,IC,Invest Cont,440.0,,,,400    VERNON                       AV,,33.9953,-118.4729
220405125,02/04/2022 12:00:00 AM,02/04/2022 12:00:00 AM,1600,4,Hollenbeck,411,2,624,BATTERY - SIMPLE ASSAULT,0416,44,F,H,102.0,SIDEWALK,400.0,"STRONG-ARM (HANDS, FIST, FEET OR BODILY FORCE)",AO,Adult Other,624.0,,,,AVENUE 20,BROADWAY,34.0726,-118.2201
230516560,12/02/2023 12:00:00 AM,11/29/2023 12:00:00 AM,1200,5,Harbor,515,2,943,CRUELTY TO ANIMALS,0416,0,X,X,501.0,SINGLE FAMILY DWELLING,400.0,"STRONG-ARM (HANDS, FIST, FEET OR BODILY FORCE)",AO,Adult Other,943.0,,,,1500    LAGOON                       AV,,33.7931,-118.2681
231304366,01/07/2023 12:00:00 AM,01/02/2023 12:00:00 AM,646,13,Newton,1393,2,354,THEFT OF IDENTITY,0100,21,F,B,750.0,CYBERSPACE,,,IC,Invest Cont,354.0,,,,6900 S  MAIN                         ST,,33.9786,-118.2761
201415750,08/19/2020 12:00:00 AM,08/18/2020 12:00:00 AM,930,14,Pacific,1483,2,662,"BUNCO, GRAND THEFT",0344,25,M,W,501.0,SINGLE FAMILY DWELLING,,,IC,Invest Cont,662.0,,,,7600 W  MANCHESTER                   AV,,33.9597,-118.4313
201612125,08/19/2020 12:00:00 AM,08/19/2020 12:00:00 AM,130,16,Foothill,1622,1,236,INTIMATE PARTNER - AGGRAVATED ASSAULT,1402 0448 0913 2000,23,F,H,501.0,SINGLE FAMILY DWELLING,400.0,"STRONG-ARM (HANDS, FIST, FEET OR BODILY FORCE)",AA,Adult Arrest,236.0,626.0,998.0,,11100    TELFAIR                      AV,,34.2715,-118.434
211911807,08/08/2021 12:00:00 AM,08/08/2021 12:00:00 AM,345,19,Mission,1908,2,930,CRIMINAL THREATS - NO WEAPON DISPLAYED,0913 0421 2000 1814 1912,26,F,H,501.0,SINGLE FAMILY DWELLING,511.0,VERBAL THREAT,AA,Adult Arrest,930.0,,,,13400    SAYRE                        ST,,34.3167,-118.4264
200410329,06/30/2020 12:00:00 AM,06/30/2020 12:00:00 AM,110,4,Hollenbeck,463,1,231,ASSAULT WITH DEADLY WEAPON ON POLICE OFFICER,1212 0416 1822,0,X,X,101.0,STREET,400.0,"STRONG-ARM (HANDS, FIST, FEET OR BODILY FORCE)",AA,Adult Arrest,231.0,,,,2000 E  4TH                          ST,,34.0462,-118.2153
230308123,03/21/2023 12:00:00 AM,03/17/2023 12:00:00 AM,1238,3,Southwest,392,1,440,THEFT PLAIN - PETTY ($950 & UNDER),1822 0394 0344,26,F,B,501.0,SINGLE FAMILY DWELLING,,,IC,Invest Cont,440.0,,,,4400    5TH                          AV,,34.0037,-118.3225
221205513,01/29/2022 12:00:00 AM,01/29/2022 12:00:00 AM,1000,12,77th Street,1215,1,236,INTIMATE PARTNER - AGGRAVATED ASSAULT,2027 0913 0400 0416 1813 2000 0417 0447,42,M,H,501.0,SINGLE FAMILY DWELLING,400.0,"STRONG-ARM (HANDS, FIST, FEET OR BODILY FORCE)",AA,Adult Arrest,236.0,,,,1400 W  53RD                         ST,,33.9941,-118.3002
241505585,02/01/2024 12:00:00 AM,01/31/2024 12:00:00 AM,2230,15,N Hollywood,1535,1,510,VEHICLE - STOLEN,,0,,,101.0,STREET,,,IC,Invest Cont,510.0,,,,CALIFA                       ST,IRVINE                       AV,34.1776,-118.3855
240609882,06/14/2024 12:00:00 AM,06/05/2024 12:00:00 AM,108,6,Hollywood,637,2,956,"LETTERS, LEWD  -  TELEPHONE CALLS, LEWD",1906 0913 1501,20,F,F,710.0,OTHER PREMISE,,,IC,Invest Cont,956.0,,,,6200    HOLLYWOOD                    BL,,34.103,-118.3225
230109234,03/23/2023 12:00:00 AM,03/23/2023 12:00:00 AM,1250,1,Central,162,1,442,SHOPLIFTING - PETTY THEFT ($950 & UNDER),0325 2004,0,X,X,404.0,DEPARTMENT STORE,,,IC,Invest Cont,442.0,,,,700 W  7TH                          ST,,34.048,-118.2577
221107040,03/23/2022 12:00:00 AM,03/22/2022 12:00:00 AM,2100,11,Northeast,1135,2,745,VANDALISM - MISDEAMEANOR ($399 OR UNDER),0329,36,F,H,101.0,STREET,,,IC,Invest Cont,745.0,,,,3800    TOLAND                       WY,,34.1181,-118.2299
231225281,11/19/2023 12:00:00 AM,11/19/2023 12:00:00 AM,1930,12,77th Street,1259,2,930,CRIMINAL THREATS - NO WEAPON DISPLAYED,0421 0432 0334,23,X,X,502.0,"MULTI-UNIT DWELLING (APARTMENT, DUPLEX, ETC)",511.0,VERBAL THREAT,AA,Adult Arrest,930.0,,,,800 E  76TH                         ST,,33.9712,-118.2608
241305278,01/28/2024 12:00:00 AM,01/27/2024 12:00:00 AM,1030,13,Newton,1365,2,662,"BUNCO, GRAND THEFT",0701 0344 0100,20,F,H,501.0,SINGLE FAMILY DWELLING,,,IC,Invest Cont,662.0,,,,1400 E  48TH                         ST,,34.0002,-118.25
231806188,02/11/2023 12:00:00 AM,02/11/2023 12:00:00 AM,500,18,Southeast,1832,1,410,"BURGLARY FROM VEHICLE, ATTEMPTED",0329 1822,32,M,H,101.0,STREET,,,IC,Invest Cont,410.0,,,,300 W  107TH                        ST,,33.9392,-118.2784
220814933,09/22/2022 12:00:00 AM,09/18/2022 12:00:00 AM,1645,8,West LA,839,1,343,SHOPLIFTING-GRAND THEFT ($950.01 & OVER),0325 1822,0,X,X,404.0,DEPARTMENT STORE,,,IC,Invest Cont,343.0,,,,10200    SANTA MONICA                 BL,,34.0611,-118.4184
210405535,02/12/2021 12:00:00 AM,02/11/2021 12:00:00 AM,1900,4,Hollenbeck,479,1,331,THEFT FROM MOTOR VEHICLE - GRAND ($950.01 AND OVER),0344 0321,24,M,H,101.0,STREET,,,IC,Invest Cont,331.0,,,,700 S  INDIANA                      ST,,34.0248,-118.1956
211609621,07/14/2021 12:00:00 AM,07/09/2021 12:00:00 AM,1700,16,Foothill,1676,2,740,"VANDALISM - FELONY ($400 & OVER, ALL CHURCH VANDALISMS)",1822 0329,59,M,W,122.0,"VEHICLE, PASSENGER/TRUCK",,,IC,Invest Cont,740.0,,,,8300    TERHUNE                      AV,,34.2225,-118.3639
201610827,07/06/2020 12:00:00 AM,07/06/2020 12:00:00 AM,2100,16,Foothill,1663,2,900,VIOLATION OF COURT ORDER,0913 2038 0361,32,F,H,501.0,SINGLE FAMILY DWELLING,,,IC,Invest Cont,900.0,,,,8900    HADDON                       AV,,34.2314,-118.3973
241405074,01/25/2024 12:00:00 AM,01/24/2024 12:00:00 AM,2230,14,Pacific,1443,1,330,BURGLARY FROM VEHICLE,0344 1300 0321,44,M,W,101.0,STREET,,,IC,Invest Cont,330.0,,,,800    BOCCACCIO                    AV,,33.991,-118.4565
220606081,01/18/2022 12:00:00 AM,01/14/2022 12:00:00 AM,1030,6,Hollywood,666,1,330,BURGLARY FROM VEHICLE,1822 1300 0344,30,M,H,101.0,STREET,,,IC,Invest Cont,330.0,,,,6100    FOUNTAIN                     AV,,34.0944,-118.3223
201000542,02/06/2020 12:00:00 AM,02/06/2020 12:00:00 AM,1500,10,West Valley,1079,1,310,BURGLARY,1202 0321 1609 1822 0344,66,M,W,501.0,SINGLE FAMILY DWELLING,,,IC,Invest Cont,310.0,,,,5000    HASKELL                      AV,,34.1615,-118.4749
210713809,10/02/2021 12:00:00 AM,10/02/2021 12:00:00 AM,1900,7,Wilshire,724,2,755,BOMB SCARE,0404 0443,20,M,O,415.0,THE GROVE,511.0,VERBAL THREAT,IC,Invest Cont,755.0,,,,100    THE GROVE                    DR,,34.0747,-118.3563
230606354,02/26/2023 12:00:00 AM,02/25/2023 12:00:00 AM,2130,6,Hollywood,663,1,510,VEHICLE - STOLEN,,0,,,101.0,STREET,,,IC,Invest Cont,510.0,,,,FOUNTAIN                     AV,SYCAMORE                     AV,34.0944,-118.3428
201209518,03/21/2020 12:00:00 AM,03/21/2020 12:00:00 AM,1500,12,77th Street,1245,1,510,VEHICLE - STOLEN,,0,,,101.0,STREET,,,IC,Invest Cont,510.0,,,,6500 S  NORMANDIE                    AV,,33.9806,-118.3003
200414698,11/08/2020 12:00:00 AM,11/08/2020 12:00:00 AM,240,4,Hollenbeck,424,2,626,INTIMATE PARTNER - SIMPLE ASSAULT,0913 2000 1814 0416,33,M,A,101.0,STREET,400.0,"STRONG-ARM (HANDS, FIST, FEET OR BODILY FORCE)",AO,Adult Other,626.0,,,,BROADWAY,DUKE,34.07,-118.1998
211605407,02/19/2021 12:00:00 AM,02/18/2021 12:00:00 AM,2330,16,Foothill,1605,1,510,VEHICLE - STOLEN,,0,,,101.0,STREET,,,IC,Invest Cont,510.0,,,,11700    GRUEN                        ST,,34.283,-118.3889
200405098,01/27/2020 12:00:00 AM,01/24/2020 12:00:00 AM,1900,4,Hollenbeck,424,1,210,ROBBERY,0344 1822 0416,34,M,H,109.0,PARK/PLAYGROUND,400.0,"STRONG-ARM (HANDS, FIST, FEET OR BODILY FORCE)",IC,Invest Cont,210.0,,,,3500    VALLEY                       BL,,34.07,-118.1998
230108807,03/16/2023 12:00:00 AM,03/16/2023 12:00:00 AM,1713,1,Central,153,2,745,VANDALISM - MISDEAMEANOR ($399 OR UNDER),0329 1822,31,M,O,203.0,OTHER BUSINESS,400.0,"STRONG-ARM (HANDS, FIST, FEET OR BODILY FORCE)",IC,Invest Cont,745.0,,,,500 S  SPRING                       ST,,34.0467,-118.252
200707038,03/06/2020 12:00:00 AM,03/05/2020 12:00:00 AM,1400,7,Wilshire,702,1,510,VEHICLE - STOLEN,,0,,,101.0,STREET,,,AA,Adult Arrest,510.0,,,,7700    WARING                       AV,,34.0854,-118.3574
230118292,08/21/2023 12:00:00 AM,08/10/2023 12:00:00 AM,2145,1,Central,182,2,624,BATTERY - SIMPLE ASSAULT,1822 0446 0416 0340,34,F,A,102.0,SIDEWALK,400.0,"STRONG-ARM (HANDS, FIST, FEET OR BODILY FORCE)",IC,Invest Cont,624.0,,,,900 S  HILL                         ST,,34.042,-118.2625
201614679,11/10/2020 12:00:00 AM,11/10/2020 12:00:00 AM,2300,16,Foothill,1653,1,236,INTIMATE PARTNER - AGGRAVATED ASSAULT,1814 0913 2000 0408,26,F,H,726.0,POLICE FACILITY,400.0,"STRONG-ARM (HANDS, FIST, FEET OR BODILY FORCE)",AA,Adult Arrest,236.0,,,,12700    OSBORNE                      ST,,34.2539,-118.4099
212105102,02/02/2021 12:00:00 AM,02/02/2021 12:00:00 AM,1400,21,Topanga,2146,1,510,VEHICLE - STOLEN,,0,,,101.0,STREET,,,IC,Invest Cont,510.0,,,,6800    TOPANGA CANYON               BL,,34.1938,-118.6059
241104136,01/04/2024 12:00:00 AM,12/20/2023 12:00:00 AM,1930,11,Northeast,1148,1,121,"RAPE, FORCIBLE",0522 0526 0516 1817 0913 1206 0500 0515 1409 1415,20,F,W,501.0,SINGLE FAMILY DWELLING,400.0,"STRONG-ARM (HANDS, FIST, FEET OR BODILY FORCE)",IC,Invest Cont,121.0,998.0,,,500 W  AVENUE 46,,34.102,-118.2109
211012863,09/29/2021 12:00:00 AM,09/28/2021 12:00:00 AM,1900,10,West Valley,1039,1,331,THEFT FROM MOTOR VEHICLE - GRAND ($950.01 AND OVER),1822 0344 0385 1420,0,M,W,255.0,"AUTO DEALERSHIP (CHEVY, FORD, BMW, MERCEDES, ETC.)",,,IC,Invest Cont,331.0,,,,16000    VICTORY                      BL,,34.1903,-118.48
222007251,03/14/2022 12:00:00 AM,03/10/2022 12:00:00 AM,1730,20,Olympic,2063,2,354,THEFT OF IDENTITY,1202 0100 0922 0930,65,F,W,502.0,"MULTI-UNIT DWELLING (APARTMENT, DUPLEX, ETC)",,,IC,Invest Cont,354.0,,,,1200 S  WESTERN                      AV,,34.0493,-118.3091
221009337,05/16/2022 12:00:00 AM,05/06/2022 12:00:00 AM,736,10,West Valley,1009,2,668,"EMBEZZLEMENT, GRAND THEFT ($950.01 & OVER)",0913 1803 0344 1420,0,M,W,203.0,OTHER BUSINESS,,,IC,Invest Cont,668.0,,,,8200    WOODLEY                      AV,,34.219,-118.4837
210613341,07/25/2021 12:00:00 AM,07/25/2021 12:00:00 AM,530,6,Hollywood,645,2,434,FALSE IMPRISONMENT,1300 1309 0400 0448 0216 1822 1305,30,F,O,101.0,STREET,400.0,"STRONG-ARM (HANDS, FIST, FEET OR BODILY FORCE)",IC,Invest Cont,434.0,,,,SYCAMORE,SUNSET,34.098,-118.3425
212105521,02/15/2021 12:00:00 AM,02/15/2021 12:00:00 AM,200,21,Topanga,2196,1,330,BURGLARY FROM VEHICLE,0344,52,F,W,101.0,STREET,,,IC,Invest Cont,330.0,,,,4600    DON PIO                      DR,,34.1515,-118.6028
231309079,04/12/2023 12:00:00 AM,04/12/2023 12:00:00 AM,430,13,Newton,1361,1,310,BURGLARY,0321 0344 0352 0358 1822,31,M,B,501.0,SINGLE FAMILY DWELLING,500.0,UNKNOWN WEAPON/OTHER WEAPON,IC,Invest Cont,310.0,,,,200 W  47TH                         ST,,34.001,-118.2766
232007449,03/25/2023 12:00:00 AM,03/25/2023 12:00:00 AM,110,20,Olympic,2029,2,626,INTIMATE PARTNER - SIMPLE ASSAULT,0913 2000 1814 0400 0329 0319 0321 0344,23,F,B,502.0,"MULTI-UNIT DWELLING (APARTMENT, DUPLEX, ETC)",400.0,"STRONG-ARM (HANDS, FIST, FEET OR BODILY FORCE)",AA,Adult Arrest,626.0,,,,400 S  VIRGIL                       AV,,34.0667,-118.2871
221224901,11/21/2022 12:00:00 AM,10/01/2022 12:00:00 AM,706,12,77th Street,1252,2,354,THEFT OF IDENTITY,1822 0929 0922,57,M,B,501.0,SINGLE FAMILY DWELLING,,,IC,Invest Cont,354.0,,,,2900 W  FLORENCE                     AV,,33.9746,-118.3246
242106637,03/06/2024 12:00:00 AM,02/15/2024 12:00:00 AM,1138,21,Topanga,2143,1,442,SHOPLIFTING - PETTY THEFT ($950 & UNDER),0325,0,M,W,406.0,OTHER STORE,,,IC,Invest Cont,442.0,,,,6600    FALLBROOK                    AV,,34.1883,-118.6274
210800760,05/15/2021 12:00:00 AM,05/15/2021 12:00:00 AM,2145,8,West LA,839,2,946,OTHER MISCELLANEOUS CRIME,1402,0,X,X,727.0,SHOPPING MALL (COMMON AREA),102.0,HAND GUN,IC,Invest Cont,946.0,,,,10200    SANTA MONICA                 BL,,34.06,-118.42
220614696,08/14/2022 12:00:00 AM,08/14/2022 12:00:00 AM,230,6,Hollywood,637,1,230,"ASSAULT WITH DEADLY WEAPON, AGGRAVATED ASSAULT",0446 0400 0429 0416 1202 1822 1218,73,M,O,102.0,SIDEWALK,400.0,"STRONG-ARM (HANDS, FIST, FEET OR BODILY FORCE)",IC,Invest Cont,230.0,,,,HOLLYWOOD                    BL,VINE,34.1016,-118.3267
220307893,03/22/2022 12:00:00 AM,03/22/2022 12:00:00 AM,500,3,Southwest,395,1,310,BURGLARY,1822 0344 1606 1300 1202 2034 0314,66,M,B,505.0,MOTEL,,,IC,Invest Cont,310.0,,,,4100 S  WESTERN                      AV,,34.0099,-118.3089
201221929,10/03/2020 12:00:00 AM,10/03/2020 12:00:00 AM,345,12,77th Street,1208,1,236,INTIMATE PARTNER - AGGRAVATED ASSAULT,0334 0411 0913 1218 1402 1814 2000 1300 1310,43,M,B,122.0,"VEHICLE, PASSENGER/TRUCK",207.0,OTHER KNIFE,AO,Adult Other,236.0,,,,VERNON                       AV,FIGUEROA                     ST,34.0038,-118.2827
211214667,06/06/2021 12:00:00 AM,06/06/2021 12:00:00 AM,530,12,77th Street,1273,1,331,THEFT FROM MOTOR VEHICLE - GRAND ($950.01 AND OVER),0385,35,M,B,101.0,STREET,,,IC,Invest Cont,331.0,,,,W  91ST                         ST,LA SALLE                     AV,33.9545,-118.3058
201508039,03/25/2020 12:00:00 AM,01/26/2020 12:00:00 AM,1531,15,N Hollywood,1504,2,354,THEFT OF IDENTITY,0930,37,F,H,213.0,WAREHOUSE,,,IC,Invest Cont,354.0,,,,7200    LAUREL CANYON                BL,,34.2054,-118.3965
221306697,02/21/2022 12:00:00 AM,02/18/2022 12:00:00 AM,400,13,Newton,1375,1,510,VEHICLE - STOLEN,,0,,,101.0,STREET,,,IC,Invest Cont,510.0,,,,53RD,HOOPER,33.9948,-118.2521
200706339,02/19/2020 12:00:00 AM,02/18/2020 12:00:00 AM,1815,7,Wilshire,765,2,740,"VANDALISM - FELONY ($400 & OVER, ALL CHURCH VANDALISMS)",1414 0329,0,M,O,719.0,MEDICAL/DENTAL OFFICES,,,IC,Invest Cont,740.0,,,,4900 W  PICO                         BL,,34.048,-118.3434
231318732,10/10/2023 12:00:00 AM,10/10/2023 12:00:00 AM,730,13,Newton,1321,1,420,THEFT FROM MOTOR VEHICLE - PETTY ($950 & UNDER),,0,,,101.0,STREET,,,IC,Invest Cont,420.0,,,,20TH                         ST,LOS ANGELES                  ST,34.0289,-118.2686
230512905,08/30/2023 12:00:00 AM,08/30/2023 12:00:00 AM,1930,5,Harbor,516,2,930,CRIMINAL THREATS - NO WEAPON DISPLAYED,1402 0913 1813 0421 0422 0432 1259,15,F,H,501.0,SINGLE FAMILY DWELLING,511.0,VERBAL THREAT,AO,Adult Other,930.0,998.0,,,1100    RAVENNA                      AV,,33.7847,-118.2686
232117382,12/06/2023 12:00:00 AM,12/02/2023 12:00:00 AM,1600,21,Topanga,2157,1,341,"THEFT-GRAND ($950.01 & OVER)EXCPT,GUNS,FOWL,LIVESTK,PROD",0394,35,F,O,501.0,SINGLE FAMILY DWELLING,,,IC,Invest Cont,341.0,,,,21000    KITTRIDGE                    ST,,34.1911,-118.5906
221012157,07/28/2022 12:00:00 AM,07/28/2022 12:00:00 AM,2000,10,West Valley,1005,2,624,BATTERY - SIMPLE ASSAULT,2000 0400 0913 1813 0447,32,F,H,501.0,SINGLE FAMILY DWELLING,500.0,UNKNOWN WEAPON/OTHER WEAPON,AO,Adult Other,624.0,,,,17900    BURTON                       ST,,34.22,-118.5229
211519153,12/28/2021 12:00:00 AM,12/24/2021 12:00:00 AM,1151,15,N Hollywood,1546,1,440,THEFT PLAIN - PETTY ($950 & UNDER),0701,43,M,H,108.0,PARKING LOT,,,IC,Invest Cont,440.0,998.0,,,11600    MAGNOLIA                     BL,,34.1649,-118.3847
220805281,01/23/2022 12:00:00 AM,01/22/2022 12:00:00 AM,1322,8,West LA,859,1,341,"THEFT-GRAND ($950.01 & OVER)EXCPT,GUNS,FOWL,LIVESTK,PROD",0344 2032,37,M,W,203.0,OTHER BUSINESS,,,IC,Invest Cont,341.0,,,,LA CIENEGA,PICO,34.0529,-118.3762
201115532,11/08/2020 12:00:00 AM,11/07/2020 12:00:00 AM,1700,11,Northeast,1171,1,310,BURGLARY,0344 0321 1607,49,M,W,501.0,SINGLE FAMILY DWELLING,,,IC,Invest Cont,310.0,,,,1800    REDESDALE                    AV,,34.0918,-118.2687
201804718,01/14/2020 12:00:00 AM,01/14/2020 12:00:00 AM,1440,18,Southeast,1829,2,626,INTIMATE PARTNER - SIMPLE ASSAULT,2000 1814 0447 0416,22,F,B,501.0,SINGLE FAMILY DWELLING,400.0,"STRONG-ARM (HANDS, FIST, FEET OR BODILY FORCE)",AO,Adult Other,626.0,,,,2100 E  CENTURY                      BL,,33.9463,-118.235
220610367,05/17/2022 12:00:00 AM,05/17/2022 12:00:00 AM,30,6,Hollywood,656,1,210,ROBBERY,1822 0334 0302 1501 0355 0344,40,M,B,101.0,STREET,400.0,"STRONG-ARM (HANDS, FIST, FEET OR BODILY FORCE)",IC,Invest Cont,210.0,,,,EL CENTRO,SANTA MONICA,34.0907,-118.3244
210213008,08/08/2021 12:00:00 AM,08/07/2021 12:00:00 AM,2300,2,Rampart,205,1,330,BURGLARY FROM VEHICLE,0344 1609 1307 0329 0377,26,F,H,101.0,STREET,,,IC,Invest Cont,330.0,,,,3000 W  SUNSET                       BL,,34.084,-118.2741
200812182,07/22/2020 12:00:00 AM,07/21/2020 12:00:00 AM,2200,8,West LA,881,1,420,THEFT FROM MOTOR VEHICLE - PETTY ($950 & UNDER),1822 1606 0344,23,F,W,104.0,DRIVEWAY,,,IC,Invest Cont,420.0,,,,11700    EXPOSITION                   BL,,34.0322,-118.449
221200779,08/16/2022 12:00:00 AM,08/16/2022 12:00:00 AM,900,12,77th Street,1255,2,627,CHILD ABUSE (PHYSICAL) - SIMPLE ASSAULT,1251 1258 0913 0400 0416 0553 1402,11,F,H,501.0,SINGLE FAMILY DWELLING,500.0,UNKNOWN WEAPON/OTHER WEAPON,AA,Adult Arrest,627.0,998.0,,,1000 W  78TH                         ST,,33.9694,-118.2919
210610726,06/05/2021 12:00:00 AM,06/05/2021 12:00:00 AM,1200,6,Hollywood,628,1,320,"BURGLARY, ATTEMPTED",1402 1822 2033,0,X,X,502.0,"MULTI-UNIT DWELLING (APARTMENT, DUPLEX, ETC)",,,IC,Invest Cont,320.0,998.0,,,6000    FRANKLIN                     AV,,34.1084,-118.3213
211207949,03/03/2021 12:00:00 AM,03/03/2021 12:00:00 AM,1300,12,77th Street,1213,1,230,"ASSAULT WITH DEADLY WEAPON, AGGRAVATED ASSAULT",1240 1309 1822 0216 0334 0302 1100 0450,21,F,H,101.0,STREET,109.0,SEMI-AUTOMATIC PISTOL,IC,Invest Cont,230.0,,,,54TH                         ST,WESTERN,33.9933,-118.3089
230504027,01/01/2022 12:00:00 AM,01/01/2022 12:00:00 AM,2215,5,Harbor,541,1,230,"ASSAULT WITH DEADLY WEAPON, AGGRAVATED ASSAULT",0389 0913 0329 0431 0416 0342 0447 0419 1402 1820,25,F,H,502.0,"MULTI-UNIT DWELLING (APARTMENT, DUPLEX, ETC)",400.0,"STRONG-ARM (HANDS, FIST, FEET OR BODILY FORCE)",IC,Invest Cont,230.0,998.0,,,1400    BRETT                        PL,,33.7553,-118.3056
231311376,05/26/2023 12:00:00 AM,05/23/2023 12:00:00 AM,1000,13,Newton,1313,1,341,"THEFT-GRAND ($950.01 & OVER)EXCPT,GUNS,FOWL,LIVESTK,PROD",0344 0398,0,M,W,210.0,RESTAURANT/FAST FOOD,,,IC,Invest Cont,341.0,,,,1900 S  SAN PEDRO                    ST,,34.0276,-118.2574
241310495,06/18/2024 12:00:00 AM,06/18/2024 12:00:00 AM,1800,13,Newton,1313,1,510,VEHICLE - STOLEN,,0,,,101.0,STREET,,,IC,Invest Cont,510.0,,,,1000 E  WASHINGTON                   BL,,34.0259,-118.2536
230607534,03/23/2023 12:00:00 AM,03/23/2023 12:00:00 AM,951,6,Hollywood,648,2,956,"LETTERS, LEWD  -  TELEPHONE CALLS, LEWD",0913 1822 1906 1813,27,F,B,502.0,"MULTI-UNIT DWELLING (APARTMENT, DUPLEX, ETC)",,,AA,Adult Arrest,956.0,,,,5500    HAROLD                       WY,,34.0993,-118.3092
230908289,04/17/2023 12:00:00 AM,04/10/2023 12:00:00 AM,1200,9,Van Nuys,943,1,420,THEFT FROM MOTOR VEHICLE - PETTY ($950 & UNDER),,0,,,101.0,STREET,,,IC,Invest Cont,420.0,,,,5600    CALHOUN                      AV,,34.1721,-118.4422
212117319,12/07/2021 12:00:00 AM,12/07/2021 12:00:00 AM,1550,21,Topanga,2156,1,442,SHOPLIFTING - PETTY THEFT ($950 & UNDER),0325,35,M,X,404.0,DEPARTMENT STORE,,,IC,Invest Cont,442.0,,,,21900    VANOWEN                      ST,,34.1938,-118.6037
220818311,12/19/2022 12:00:00 AM,12/17/2022 12:00:00 AM,1700,8,West LA,881,1,331,THEFT FROM MOTOR VEHICLE - GRAND ($950.01 AND OVER),0385,36,M,W,501.0,SINGLE FAMILY DWELLING,,,IC,Invest Cont,331.0,,,,1800    BROCKTON                     AV,,34.0371,-118.4576
221209074,04/02/2022 12:00:00 AM,04/02/2022 12:00:00 AM,630,12,77th Street,1241,1,236,INTIMATE PARTNER - AGGRAVATED ASSAULT,1202 2000 1813 0913 0443 0319 0356 0448 0411 0432,47,F,B,502.0,"MULTI-UNIT DWELLING (APARTMENT, DUPLEX, ETC)",208.0,RAZOR,AA,Adult Arrest,236.0,998.0,,,3500 W  63RD                         ST,,33.9829,-118.3338
221210613,04/19/2022 12:00:00 AM,04/19/2022 12:00:00 AM,1401,12,77th Street,1265,1,331,THEFT FROM MOTOR VEHICLE - GRAND ($950.01 AND OVER),0344 1822,71,F,B,502.0,"MULTI-UNIT DWELLING (APARTMENT, DUPLEX, ETC)",,,IC,Invest Cont,331.0,,,,1400 W  81ST                         ST,,33.9655,-118.3003
201013614,10/01/2020 12:00:00 AM,09/30/2020 12:00:00 AM,1400,10,West Valley,1097,2,740,"VANDALISM - FELONY ($400 & OVER, ALL CHURCH VANDALISMS)",0329 1822 1300,48,F,W,122.0,"VEHICLE, PASSENGER/TRUCK",,,IC,Invest Cont,740.0,,,,17200    QUESAN                       PL,,34.1495,-118.5065
201226663,12/17/2020 12:00:00 AM,12/17/2020 12:00:00 AM,1440,12,77th Street,1239,2,624,BATTERY - SIMPLE ASSAULT,2055 1516 0903 0319 1309 0356 1266,45,M,H,242.0,"DISCOUNT STORE (99 CENT,DOLLAR,ETC.",500.0,UNKNOWN WEAPON/OTHER WEAPON,IC,Invest Cont,624.0,946.0,,,5800 S  VERMONT                      AV,,33.9883,-118.2915
241909526,06/15/2024 12:00:00 AM,01/18/2024 12:00:00 AM,1,19,Mission,1999,2,354,THEFT OF IDENTITY,0377,24,F,H,502.0,"MULTI-UNIT DWELLING (APARTMENT, DUPLEX, ETC)",,,IC,Invest Cont,354.0,,,,7800    WOODMAN                      AV,,34.212,-118.4309
200107170,02/14/2020 12:00:00 AM,02/14/2020 12:00:00 AM,320,1,Central,156,1,821,SODOMY/SEXUAL CONTACT B/W PENIS OF ONE PERS TO ANUS OTH,0500 1817 2004 1218 0913,41,F,B,502.0,"MULTI-UNIT DWELLING (APARTMENT, DUPLEX, ETC)",400.0,"STRONG-ARM (HANDS, FIST, FEET OR BODILY FORCE)",AO,Adult Other,821.0,,,,500 S  SAN PEDRO                    ST,,34.0437,-118.2455
231516441,10/23/2023 12:00:00 AM,10/18/2023 12:00:00 AM,1830,15,N Hollywood,1567,2,625,OTHER ASSAULT,1822 0356 1310,21,M,W,101.0,STREET,500.0,UNKNOWN WEAPON/OTHER WEAPON,IC,Invest Cont,625.0,,,,4300    LANKERSHIM                   BL,,34.1512,-118.3663
230808809,04/27/2023 12:00:00 AM,04/25/2023 12:00:00 AM,800,8,West LA,895,1,420,THEFT FROM MOTOR VEHICLE - PETTY ($950 & UNDER),1606 1822 0344,58,M,H,108.0,PARKING LOT,,,IC,Invest Cont,420.0,,,,3400    MANNING                      AV,,34.0306,-118.4051
200517742,12/12/2020 12:00:00 AM,12/12/2020 12:00:00 AM,1130,5,Harbor,563,2,627,CHILD ABUSE (PHYSICAL) - SIMPLE ASSAULT,1251 0602 0913 1258 0553 0416,10,F,H,501.0,SINGLE FAMILY DWELLING,400.0,"STRONG-ARM (HANDS, FIST, FEET OR BODILY FORCE)",AO,Adult Other,627.0,,,,500 W  16TH                         ST,,33.7297,-118.2884
221909140,05/06/2022 12:00:00 AM,05/05/2022 12:00:00 AM,1630,19,Mission,1936,1,510,VEHICLE - STOLEN,,0,,,108.0,PARKING LOT,,,IC,Invest Cont,510.0,,,,11500    LAUREL CANYON                BL,,34.2787,-118.4533
211012483,09/19/2021 12:00:00 AM,09/19/2021 12:00:00 AM,1400,10,West Valley,1047,1,230,"ASSAULT WITH DEADLY WEAPON, AGGRAVATED ASSAULT",0400 0913 1820 0416 0408 0446 1414,28,M,H,102.0,SIDEWALK,400.0,"STRONG-ARM (HANDS, FIST, FEET OR BODILY FORCE)",IC,Invest Cont,230.0,,,,17400    COLLINS                      ST,,34.1738,-118.5123
200104992,01/14/2020 12:00:00 AM,01/12/2020 12:00:00 AM,100,1,Central,164,1,210,ROBBERY,0416 0337 0334 0443 1822 0344 0377,31,M,H,101.0,STREET,207.0,OTHER KNIFE,IC,Invest Cont,210.0,,,,6TH                          ST,LOS ANGELES,34.0446,-118.249
200909263,05/03/2020 12:00:00 AM,05/03/2020 12:00:00 AM,1400,9,Van Nuys,915,2,626,INTIMATE PARTNER - SIMPLE ASSAULT,2000 1813 0400,29,M,H,501.0,SINGLE FAMILY DWELLING,400.0,"STRONG-ARM (HANDS, FIST, FEET OR BODILY FORCE)",AO,Adult Other,626.0,,,,6900    HAZELTINE                    AV,,34.1976,-118.4443
200616037,09/29/2020 12:00:00 AM,09/25/2020 12:00:00 AM,1800,6,Hollywood,632,1,510,VEHICLE - STOLEN,,0,,,104.0,DRIVEWAY,,,IC,Invest Cont,510.0,,,,8500    RIDPATH                      DR,,34.1054,-118.3778
241205977,02/01/2024 12:00:00 AM,02/01/2024 12:00:00 AM,1645,12,77th Street,1267,1,236,INTIMATE PARTNER - AGGRAVATED ASSAULT,0913 0400 0408 0444 1814 2000,69,F,B,501.0,SINGLE FAMILY DWELLING,400.0,"STRONG-ARM (HANDS, FIST, FEET OR BODILY FORCE)",IC,Invest Cont,236.0,,,,900 W  82ND                         ST,,33.9643,-118.2896
221310035,04/22/2022 12:00:00 AM,04/22/2022 12:00:00 AM,900,13,Newton,1343,1,510,VEHICLE - STOLEN,,0,,,108.0,PARKING LOT,,,IC,Invest Cont,510.0,,,,3600    AVALON                       BL,,34.0136,-118.2653
241208759,03/21/2024 12:00:00 AM,03/21/2024 12:00:00 AM,320,12,77th Street,1233,1,310,BURGLARY,1822 1607 0344,0,X,X,210.0,RESTAURANT/FAST FOOD,400.0,"STRONG-ARM (HANDS, FIST, FEET OR BODILY FORCE)",IC,Invest Cont,310.0,,,,1900 W  SLAUSON                      AV,,33.9891,-118.3121
200115718,08/01/2020 12:00:00 AM,08/01/2020 12:00:00 AM,2120,1,Central,182,2,626,INTIMATE PARTNER - SIMPLE ASSAULT,2000 0913 1814 0400 0416,39,M,O,502.0,"MULTI-UNIT DWELLING (APARTMENT, DUPLEX, ETC)",400.0,"STRONG-ARM (HANDS, FIST, FEET OR BODILY FORCE)",AA,Adult Arrest,626.0,,,,1200 S  FIGUEROA                     ST,,34.0416,-118.2671
220119982,09/07/2022 12:00:00 AM,09/06/2022 12:00:00 AM,1200,1,Central,163,1,330,BURGLARY FROM VEHICLE,1822 1307 0344 0329 1609,24,M,B,101.0,STREET,,,IC,Invest Cont,330.0,,,,700 S  SPRING                       ST,,34.0438,-118.2547
231104885,01/23/2023 12:00:00 AM,01/23/2023 12:00:00 AM,2210,11,Northeast,1132,2,740,"VANDALISM - FELONY ($400 & OVER, ALL CHURCH VANDALISMS)",0329 1822,28,M,W,502.0,"MULTI-UNIT DWELLING (APARTMENT, DUPLEX, ETC)",,,IC,Invest Cont,740.0,,,,3300    LOWRY                        RD,,34.1133,-118.279
220315849,08/28/2022 12:00:00 AM,08/28/2022 12:00:00 AM,1420,3,Southwest,376,2,434,FALSE IMPRISONMENT,1822 0353 1202 0363,69,F,H,501.0,SINGLE FAMILY DWELLING,109.0,SEMI-AUTOMATIC PISTOL,IC,Invest Cont,434.0,,,,3900    DALTON                       AV,,34.0155,-118.3034
211613889,11/29/2021 12:00:00 AM,11/27/2021 12:00:00 AM,1200,16,Foothill,1663,1,420,THEFT FROM MOTOR VEHICLE - PETTY ($950 & UNDER),,0,,,101.0,STREET,,,IC,Invest Cont,420.0,,,,12400    HALEY                        ST,,34.2333,-118.4036
241204581,01/09/2024 12:00:00 AM,01/09/2024 12:00:00 AM,1800,12,77th Street,1211,1,310,BURGLARY,0344 1606,44,F,A,501.0,SINGLE FAMILY DWELLING,,,IC,Invest Cont,310.0,,,,5400    3RD                          AV,,33.9932,-118.3204
241906606,03/10/2024 12:00:00 AM,03/10/2024 12:00:00 AM,1230,19,Mission,1977,2,900,VIOLATION OF COURT ORDER,2038,51,F,H,501.0,SINGLE FAMILY DWELLING,,,IC,Invest Cont,900.0,,,,13800    OSBORNE                      ST,,34.2363,-118.434
200604408,01/10/2020 12:00:00 AM,01/09/2020 12:00:00 AM,700,6,Hollywood,639,1,510,VEHICLE - STOLEN,,0,,,101.0,STREET,,,AO,Adult Other,510.0,,,,5300    RUSSELL                      AV,,34.1042,-118.305
230411969,08/31/2023 12:00:00 AM,08/31/2023 12:00:00 AM,2056,4,Hollenbeck,491,1,341,"THEFT-GRAND ($950.01 & OVER)EXCPT,GUNS,FOWL,LIVESTK,PROD",0325 0447 1822,0,X,X,401.0,MINI-MART,500.0,UNKNOWN WEAPON/OTHER WEAPON,IC,Invest Cont,341.0,,,,1700 S  SOTO                         ST,,34.0233,-118.2222
200611233,06/09/2020 12:00:00 AM,05/31/2020 12:00:00 AM,2300,6,Hollywood,663,1,310,BURGLARY,0344 1822,41,M,W,729.0,SPECIALTY SCHOOL/OTHER,,,IC,Invest Cont,310.0,,,,1200 N  MCCADDEN                     PL,,34.0907,-118.3384
242107439,03/29/2024 12:00:00 AM,03/24/2024 12:00:00 AM,1,21,Topanga,2177,1,330,BURGLARY FROM VEHICLE,0344,38,M,W,104.0,DRIVEWAY,,,IC,Invest Cont,330.0,,,,20700    CLARENDON                    ST,,34.1704,-118.5839
200322474,12/30/2020 12:00:00 AM,12/30/2020 12:00:00 AM,2130,3,Southwest,361,1,761,BRANDISH WEAPON,0913 2000 1814 0334 0421 0432,41,F,B,501.0,SINGLE FAMILY DWELLING,511.0,VERBAL THREAT,AA,Adult Arrest,761.0,,,,4700    TACANA                       ST,,34.0163,-118.3523
202012031,07/12/2020 12:00:00 AM,07/01/2020 12:00:00 AM,2100,20,Olympic,2027,1,330,BURGLARY FROM VEHICLE,1822 0344,28,M,O,707.0,GARAGE/CARPORT,,,IC,Invest Cont,330.0,,,,500 S  BERENDO                      ST,,34.0641,-118.2941
210204525,01/15/2021 12:00:00 AM,01/15/2021 12:00:00 AM,830,2,Rampart,257,1,510,VEHICLE - STOLEN,,0,,,108.0,PARKING LOT,,,IC,Invest Cont,510.0,,,,1200    WILSHIRE                     BL,,34.053,-118.2649
230607169,03/13/2023 12:00:00 AM,03/13/2023 12:00:00 AM,2100,6,Hollywood,646,1,210,ROBBERY,1822 0400 0344 0308 0377 1218 0334 0355 0342,39,M,B,101.0,STREET,400.0,"STRONG-ARM (HANDS, FIST, FEET OR BODILY FORCE)",IC,Invest Cont,210.0,,,,FOUNTAIN,LAS PALMAS,34.0944,-118.3363
200509621,05/19/2020 12:00:00 AM,05/19/2020 12:00:00 AM,250,5,Harbor,528,1,648,ARSON,0329 1300,0,M,O,101.0,STREET,,,IC,Invest Cont,648.0,,,,BLINN                        AV,DRUMM                        AV,33.7903,-118.2453
230214631,07/24/2023 12:00:00 AM,07/12/2023 12:00:00 AM,803,2,Rampart,236,1,442,SHOPLIFTING - PETTY THEFT ($950 & UNDER),0325 0104,0,X,X,404.0,DEPARTMENT STORE,,,AO,Adult Other,442.0,,,,300 N  WESTLAKE                     AV,,34.0687,-118.2672
230604549,01/15/2023 12:00:00 AM,01/15/2023 12:00:00 AM,1,6,Hollywood,646,2,624,BATTERY - SIMPLE ASSAULT,1822 0400 1501 0419 2002,23,F,H,203.0,OTHER BUSINESS,400.0,"STRONG-ARM (HANDS, FIST, FEET OR BODILY FORCE)",AO,Adult Other,624.0,,,,6700    HOLLYWOOD                    BL,,34.1016,-118.3361
200815780,10/27/2020 12:00:00 AM,10/27/2020 12:00:00 AM,200,8,West LA,891,2,745,VANDALISM - MISDEAMEANOR ($399 OR UNDER),0329,51,M,B,101.0,STREET,,,IC,Invest Cont,745.0,,,,2400 S  BARRINGTON                   AV,,34.0294,-118.4481
231108582,05/02/2023 12:00:00 AM,05/02/2023 12:00:00 AM,100,11,Northeast,1137,2,740,"VANDALISM - FELONY ($400 & OVER, ALL CHURCH VANDALISMS)",0329,59,M,H,101.0,STREET,,,IC,Invest Cont,740.0,,,,400 N  AVENUE 54,,34.1106,-118.199
231614506,11/29/2023 12:00:00 AM,11/29/2023 12:00:00 AM,2105,16,Foothill,1621,2,930,CRIMINAL THREATS - NO WEAPON DISPLAYED,2000 0913 0421 1814,49,F,H,501.0,SINGLE FAMILY DWELLING,511.0,VERBAL THREAT,IC,Invest Cont,930.0,,,,13800    JUDD                         ST,,34.2615,-118.4335
241005311,02/05/2024 12:00:00 AM,02/05/2024 12:00:00 AM,900,10,West Valley,1025,1,420,THEFT FROM MOTOR VEHICLE - PETTY ($950 & UNDER),,0,,,101.0,STREET,,,IC,Invest Cont,420.0,,,,6800    JAMIESON                     AV,,34.1948,-118.5216
231306831,02/24/2023 12:00:00 AM,02/23/2023 12:00:00 AM,100,13,Newton,1373,1,330,BURGLARY FROM VEHICLE,0344,40,M,H,506.0,ABANDONED BUILDING ABANDONED HOUSE,,,IC,Invest Cont,330.0,,,,600 E  56TH                         ST,,33.9915,-118.2652
220512487,08/13/2022 12:00:00 AM,08/02/2022 12:00:00 AM,835,5,Harbor,531,1,331,THEFT FROM MOTOR VEHICLE - GRAND ($950.01 AND OVER),1300 0344 0385,55,M,H,101.0,STREET,,,IC,Invest Cont,331.0,,,,25900    BELLE PORTE                  AV,,33.7882,-118.3012
221514618,09/06/2022 12:00:00 AM,04/18/2022 12:00:00 AM,20,15,N Hollywood,1501,2,354,THEFT OF IDENTITY,0377,49,M,W,751.0,WEBSITE,,,IC,Invest Cont,354.0,,,,7900    ATOLL                        AV,,34.213,-118.4189
222007834,03/29/2022 12:00:00 AM,03/23/2022 12:00:00 AM,1100,20,Olympic,2044,1,420,THEFT FROM MOTOR VEHICLE - PETTY ($950 & UNDER),0344 1822 2032,30,F,H,707.0,GARAGE/CARPORT,,,IC,Invest Cont,420.0,,,,800 S  ARDMORE                      AV,,34.0577,-118.302
230512051,08/08/2023 12:00:00 AM,08/08/2023 12:00:00 AM,605,5,Harbor,585,2,900,VIOLATION OF COURT ORDER,2038,46,F,H,502.0,"MULTI-UNIT DWELLING (APARTMENT, DUPLEX, ETC)",,,AA,Adult Arrest,900.0,,,,600 W  20TH                         ST,,33.7261,-118.2902
220415573,11/21/2022 12:00:00 AM,11/20/2022 12:00:00 AM,1500,4,Hollenbeck,413,1,510,VEHICLE - STOLEN,,0,,,101.0,STREET,,,IC,Invest Cont,510.0,,,,3300    SMITH                        ST,,34.0831,-118.2128
210107884,03/23/2021 12:00:00 AM,03/23/2021 12:00:00 AM,1850,1,Central,158,2,624,BATTERY - SIMPLE ASSAULT,0337 0913 0361 1218 2004 0416,58,F,B,502.0,"MULTI-UNIT DWELLING (APARTMENT, DUPLEX, ETC)",400.0,"STRONG-ARM (HANDS, FIST, FEET OR BODILY FORCE)",IC,Invest Cont,624.0,,,,1200 E  7TH                          ST,,34.0395,-118.2405
230307787,03/15/2023 12:00:00 AM,02/20/2023 12:00:00 AM,1,3,Southwest,341,2,354,THEFT OF IDENTITY,1822 0100 0928,33,F,W,501.0,SINGLE FAMILY DWELLING,,,IC,Invest Cont,354.0,,,,3800 S  CLOVERDALE                   AV,,34.018,-118.3601
240908580,04/29/2024 12:00:00 AM,04/28/2024 12:00:00 AM,2029,9,Van Nuys,941,1,442,SHOPLIFTING - PETTY THEFT ($950 & UNDER),0325 1822,0,X,X,404.0,DEPARTMENT STORE,,,IC,Invest Cont,442.0,,,,5700 N  SEPULVEDA                    BL,,34.174,-118.4661
241407961,03/28/2024 12:00:00 AM,03/28/2024 12:00:00 AM,900,14,Pacific,1494,1,310,BURGLARY,2004 0344,55,F,B,212.0,TRANSPORTATION FACILITY (AIRPORT),,,AO,Adult Other,310.0,,,,CENTER,EAST                         WY,33.9442,-118.4015
200309799,04/12/2020 12:00:00 AM,04/11/2020 12:00:00 AM,1300,3,Southwest,379,2,940,EXTORTION,0701 0800 1822 0432 1202 0337,62,M,H,502.0,"MULTI-UNIT DWELLING (APARTMENT, DUPLEX, ETC)",,,IC,Invest Cont,940.0,,,,1100 W  39TH                         ST,,34.0155,-118.2947
220910984,07/02/2022 12:00:00 AM,06/26/2022 12:00:00 AM,1500,9,Van Nuys,923,1,440,THEFT PLAIN - PETTY ($950 & UNDER),0344 1822,21,F,W,513.0,ABATEMENT LOCATION,,,IC,Invest Cont,440.0,,,,14900    HAMLIN                       ST,,34.1887,-118.4575
211910601,07/02/2021 12:00:00 AM,06/29/2021 12:00:00 AM,1905,19,Mission,1917,2,354,THEFT OF IDENTITY,0930 0928 0929,22,F,B,502.0,"MULTI-UNIT DWELLING (APARTMENT, DUPLEX, ETC)",,,IC,Invest Cont,354.0,,,,13000    DRONFIELD                    AV,,34.3107,-118.4409
211412175,05/24/2021 12:00:00 AM,05/24/2021 12:00:00 AM,716,14,Pacific,1464,1,230,"ASSAULT WITH DEADLY WEAPON, AGGRAVATED ASSAULT",1218 1822 0342 0400 0417 0429 0431,59,M,H,102.0,SIDEWALK,512.0,MACE/PEPPER SPRAY,IC,Invest Cont,230.0,,,,12800 W  RUNWAY                       RD,,33.9753,-118.4197
201816784,09/06/2020 12:00:00 AM,09/06/2020 12:00:00 AM,1500,18,Southeast,1802,1,230,"ASSAULT WITH DEADLY WEAPON, AGGRAVATED ASSAULT",1822 0209 1300 0329 0450,25,F,B,101.0,STREET,109.0,SEMI-AUTOMATIC PISTOL,AA,Adult Arrest,230.0,,,,200 W  87TH                         PL,,33.9579,-118.2774
201606705,03/04/2020 12:00:00 AM,03/03/2020 12:00:00 AM,1100,16,Foothill,1659,1,310,BURGLARY,1402 0417 0321 0344,69,F,W,501.0,SINGLE FAMILY DWELLING,,,AO,Adult Other,310.0,998.0,,,6100    SISTER ELSIE                 DR,,34.2544,-118.2673
231814885,08/12/2023 12:00:00 AM,08/11/2023 12:00:00 AM,2200,18,Southeast,1806,1,310,BURGLARY,1402 1609 1607 0329 0344 1409 0213 1822,0,X,X,302.0,FACTORY,,,IC,Invest Cont,310.0,998.0,,,8900 S  CENTRAL                      AV,,33.9556,-118.2564
200111673,05/13/2020 12:00:00 AM,05/11/2020 12:00:00 AM,2300,1,Central,162,1,330,BURGLARY FROM VEHICLE,1307 0344 0329 1609 1822 0377,27,M,H,123.0,PARKING UNDERGROUND/BUILDING,,,IC,Invest Cont,330.0,,,,400 W  8TH                          ST,,34.0445,-118.2558
200904945,01/23/2020 12:00:00 AM,01/22/2020 12:00:00 AM,2000,9,Van Nuys,915,1,510,VEHICLE - STOLEN,,0,,,101.0,STREET,,,IC,Invest Cont,510.0,,,,14400    VOSE                         ST,,34.1985,-118.4467
231712579,07/09/2023 12:00:00 AM,05/27/2023 12:00:00 AM,1424,17,Devonshire,1785,2,956,"LETTERS, LEWD  -  TELEPHONE CALLS, LEWD",1906 1817 0913,21,M,H,408.0,AUTO SUPPLY STORE*,,,IC,Invest Cont,956.0,,,,9100    RESEDA                       BL,,34.2354,-118.5361
221222635,10/31/2022 12:00:00 AM,10/29/2022 12:00:00 AM,1600,12,77th Street,1255,2,624,BATTERY - SIMPLE ASSAULT,0605 1309 1310 0416 0446 1822 0202,40,M,H,101.0,STREET,400.0,"STRONG-ARM (HANDS, FIST, FEET OR BODILY FORCE)",IC,Invest Cont,624.0,,,,76TH                         ST,VERMONT                      AV,33.9711,-118.2917
220107543,03/02/2022 12:00:00 AM,03/01/2022 12:00:00 AM,1815,1,Central,156,1,330,BURGLARY FROM VEHICLE,1307 0329 1822 0352 1609 0344 0321,53,F,B,123.0,PARKING UNDERGROUND/BUILDING,,,IC,Invest Cont,330.0,,,,500    SAN JULIAN                   ST,,34.0446,-118.245
201008117,04/16/2020 12:00:00 AM,04/15/2020 12:00:00 AM,2010,10,West Valley,1035,1,341,"THEFT-GRAND ($950.01 & OVER)EXCPT,GUNS,FOWL,LIVESTK,PROD",1822 2032 0344 1420 0209,32,F,B,402.0,MARKET,,,IC,Invest Cont,341.0,,,,18300    VANOWEN                      ST,,34.1939,-118.5317
221518714,12/18/2022 12:00:00 AM,12/17/2022 12:00:00 AM,1209,15,N Hollywood,1503,1,341,"THEFT-GRAND ($950.01 & OVER)EXCPT,GUNS,FOWL,LIVESTK,PROD",2032 0344,79,F,W,402.0,MARKET,,,IC,Invest Cont,341.0,,,,6600    LAUREL CANYON                BL,,34.2003,-118.4002
200605155,01/26/2020 12:00:00 AM,01/21/2020 12:00:00 AM,1200,6,Hollywood,648,1,420,THEFT FROM MOTOR VEHICLE - PETTY ($950 & UNDER),1300 0344 0385,34,M,W,101.0,STREET,,,IC,Invest Cont,420.0,,,,5700    HAROLD                       WY,,34.0993,-118.3136
200505372,02/03/2020 12:00:00 AM,01/31/2020 12:00:00 AM,2300,5,Harbor,564,2,740,"VANDALISM - FELONY ($400 & OVER, ALL CHURCH VANDALISMS)",0329 1300,30,F,B,122.0,"VEHICLE, PASSENGER/TRUCK",,,IC,Invest Cont,740.0,,,,100 S  PALOS VERDES                 ST,,33.7433,-118.2813
210408097,04/29/2021 12:00:00 AM,01/13/2021 12:00:00 AM,1200,4,Hollenbeck,453,2,354,THEFT OF IDENTITY,0100,37,M,H,504.0,OTHER RESIDENCE,,,IC,Invest Cont,354.0,,,,600    JUDSON                       ST,,34.0534,-118.2169
211207676,02/27/2021 12:00:00 AM,02/27/2020 12:00:00 AM,230,12,77th Street,1273,2,860,BATTERY WITH SEXUAL CONTACT,2033 1822 0305 0444 0522 0503,43,F,B,102.0,SIDEWALK,400.0,"STRONG-ARM (HANDS, FIST, FEET OR BODILY FORCE)",IC,Invest Cont,860.0,,,,MANCHESTER                   AV,CIMARRON                     ST,33.96,-118.3161
240405738,02/23/2024 12:00:00 AM,02/19/2024 12:00:00 AM,2200,4,Hollenbeck,497,1,420,THEFT FROM MOTOR VEHICLE - PETTY ($950 & UNDER),,0,,,101.0,STREET,,,IC,Invest Cont,420.0,,,,3200 E  8TH                          ST,,34.0233,-118.2085
201707675,03/11/2020 12:00:00 AM,03/11/2020 12:00:00 AM,1300,17,Devonshire,1781,1,440,THEFT PLAIN - PETTY ($950 & UNDER),0344,0,X,X,717.0,HEALTH SPA/GYM,,,IC,Invest Cont,440.0,,,,20900    NORDHOFF                     ST,,34.2355,-118.5885
210806110,02/21/2021 12:00:00 AM,02/21/2021 12:00:00 AM,1420,8,West LA,817,2,624,BATTERY - SIMPLE ASSAULT,1822 0400 0429 1202,61,M,W,102.0,SIDEWALK,400.0,"STRONG-ARM (HANDS, FIST, FEET OR BODILY FORCE)",IC,Invest Cont,624.0,,,,WESTWOOD,WEYBURN,34.0626,-118.4453
201106063,02/15/2020 12:00:00 AM,02/13/2020 12:00:00 AM,1515,11,Northeast,1147,1,330,BURGLARY FROM VEHICLE,0344 1605,28,M,B,101.0,STREET,,,IC,Invest Cont,330.0,,,,ALDER,ISABEL,34.1051,-118.2257
201313811,07/12/2020 12:00:00 AM,07/12/2020 12:00:00 AM,1115,13,Newton,1373,1,210,ROBBERY,1822 1309 0448 1313 0305 0326 0377 0344,36,F,H,101.0,STREET,400.0,"STRONG-ARM (HANDS, FIST, FEET OR BODILY FORCE)",AO,Adult Other,210.0,451.0,,,CENTRAL                      AV,57TH                         ST,33.9911,-118.2564
221409631,04/22/2022 12:00:00 AM,04/20/2022 12:00:00 AM,1700,14,Pacific,1462,1,510,VEHICLE - STOLEN,,0,,,101.0,STREET,,,IC,Invest Cont,510.0,,,,JEFFERSON,LINCOLN,33.972,-118.4303
210507815,04/10/2021 12:00:00 AM,04/10/2021 12:00:00 AM,1300,5,Harbor,551,1,510,VEHICLE - STOLEN,,0,,,504.0,OTHER RESIDENCE,,,IC,Invest Cont,510.0,,,,1900 W  SANTA CRUZ                   ST,,33.744,-118.3172
231212895,05/26/2023 12:00:00 AM,04/26/2023 12:00:00 AM,845,12,77th Street,1204,2,956,"LETTERS, LEWD  -  TELEPHONE CALLS, LEWD",1501,40,M,H,501.0,SINGLE FAMILY DWELLING,,,IC,Invest Cont,956.0,,,,1000 W  48TH                         ST,,34.0017,-118.2979
211413579,06/18/2021 12:00:00 AM,06/18/2021 12:00:00 AM,2315,14,Pacific,1494,2,888,TRESPASSING,1501 2004,0,X,X,212.0,TRANSPORTATION FACILITY (AIRPORT),,,IC,Invest Cont,888.0,,,,500    WORLD WAY,,33.9427,-118.4052
200117183,08/30/2020 12:00:00 AM,08/30/2020 12:00:00 AM,1700,1,Central,148,1,230,"ASSAULT WITH DEADLY WEAPON, AGGRAVATED ASSAULT",0416 1822 1309 1257 1218,3,M,W,102.0,SIDEWALK,114.0,AIR PISTOL/REVOLVER/RIFLE/BB GUN,IC,Invest Cont,230.0,,,,5TH,SAN PEDRO,34.0442,-118.2439
201108781,04/27/2020 12:00:00 AM,04/18/2020 12:00:00 AM,2300,11,Northeast,1143,1,331,THEFT FROM MOTOR VEHICLE - GRAND ($950.01 AND OVER),0344 0352 1606,40,M,W,101.0,STREET,,,IC,Invest Cont,331.0,,,,2100    CEDARHURST                   DR,,34.1102,-118.2852
201224919,11/21/2020 12:00:00 AM,11/21/2020 12:00:00 AM,300,12,77th Street,1248,1,320,"BURGLARY, ATTEMPTED",1607 0329 1822 1202,66,F,B,502.0,"MULTI-UNIT DWELLING (APARTMENT, DUPLEX, ETC)",,,IC,Invest Cont,320.0,,,,800 W  69TH                         ST,,33.9773,-118.2892
231422194,12/26/2023 12:00:00 AM,12/25/2023 12:00:00 AM,300,14,Pacific,1444,1,331,THEFT FROM MOTOR VEHICLE - GRAND ($950.01 AND OVER),0344,33,M,O,101.0,STREET,,,IC,Invest Cont,331.0,,,,1100    PRINCETON                    DR,,33.9862,-118.4462
220906336,03/01/2022 12:00:00 AM,03/01/2022 12:00:00 AM,1500,9,Van Nuys,914,2,740,"VANDALISM - FELONY ($400 & OVER, ALL CHURCH VANDALISMS)",0329 1822 1309,0,X,X,122.0,"VEHICLE, PASSENGER/TRUCK",,,IC,Invest Cont,740.0,,,,VAN NUYS,VANOWEN,34.1939,-118.4487
231818888,11/04/2023 12:00:00 AM,11/03/2023 12:00:00 AM,1540,18,Southeast,1822,1,510,VEHICLE - STOLEN,,0,,,101.0,STREET,,,IC,Invest Cont,510.0,,,,100 W  99TH                         ST,,33.9465,-118.2739
230606084,02/18/2023 12:00:00 AM,02/18/2023 12:00:00 AM,2230,6,Hollywood,645,1,210,ROBBERY,1822 0342 0334 0400 0344 0355 0449 0216 2024 0910,19,M,O,911.0,MTA - RED LINE - HOLLYWOOD/HIGHLAND,200.0,KNIFE WITH BLADE 6INCHES OR LESS,IC,Invest Cont,210.0,,,,6800    HOLLYWOOD                    BL,,34.1016,-118.3387
241206974,02/20/2024 12:00:00 AM,02/20/2024 12:00:00 AM,2145,12,77th Street,1257,1,351,PURSE SNATCHING,0910 0344 0305 0346 1822 2051 2049,37,F,H,801.0,MTA BUS,,,IC,Invest Cont,351.0,,,,79TH                         ST,VERMONT                      AV,33.9678,-118.2915
220105357,01/24/2022 12:00:00 AM,01/24/2022 12:00:00 AM,200,1,Central,182,2,623,BATTERY POLICE (SIMPLE),0400 1212 2004 1822,0,X,X,502.0,"MULTI-UNIT DWELLING (APARTMENT, DUPLEX, ETC)",400.0,"STRONG-ARM (HANDS, FIST, FEET OR BODILY FORCE)",AO,Adult Other,623.0,,,,600 W  9TH                          ST,,34.0451,-118.2604
211217248,08/07/2021 12:00:00 AM,08/07/2021 12:00:00 AM,140,12,77th Street,1203,1,230,"ASSAULT WITH DEADLY WEAPON, AGGRAVATED ASSAULT",1309 0302 0334 0432 1822,23,F,B,101.0,STREET,102.0,HAND GUN,IC,Invest Cont,230.0,,,,ST ANDREWS                   PL,47TH                         ST,33.9994,-118.3108
200505153,01/28/2020 12:00:00 AM,01/26/2020 12:00:00 AM,1800,5,Harbor,522,1,236,INTIMATE PARTNER - AGGRAVATED ASSAULT,0913 0408 2000 1814 1309,43,F,H,502.0,"MULTI-UNIT DWELLING (APARTMENT, DUPLEX, ETC)",400.0,"STRONG-ARM (HANDS, FIST, FEET OR BODILY FORCE)",AO,Adult Other,236.0,,,,800    MCDONALD                     AV,,33.7795,-118.2711
231205108,01/21/2023 12:00:00 AM,01/21/2023 12:00:00 AM,200,12,77th Street,1241,1,210,ROBBERY,0334 0344,26,M,O,707.0,GARAGE/CARPORT,106.0,UNKNOWN FIREARM,IC,Invest Cont,210.0,,,,6500    BRYNHURST                    AV,,33.9806,-118.3338
232117135,11/30/2023 12:00:00 AM,11/30/2023 12:00:00 AM,1600,21,Topanga,2125,2,886,DISTURBING THE PEACE,0913 2000,40,M,H,502.0,"MULTI-UNIT DWELLING (APARTMENT, DUPLEX, ETC)",,,AO,Adult Other,886.0,,,,21900    SATICOY                      ST,,34.2119,-118.6017
222004268,01/08/2022 12:00:00 AM,01/08/2022 12:00:00 AM,5,20,Olympic,2031,1,230,"ASSAULT WITH DEADLY WEAPON, AGGRAVATED ASSAULT",0416 0447 0917 1266 1822,34,F,B,502.0,"MULTI-UNIT DWELLING (APARTMENT, DUPLEX, ETC)",500.0,UNKNOWN WEAPON/OTHER WEAPON,AO,Adult Other,230.0,,,,3800    WILSHIRE                     BL,,34.0617,-118.3091
221221241,09/27/2022 12:00:00 AM,09/24/2022 12:00:00 AM,1437,12,77th Street,1209,1,440,THEFT PLAIN - PETTY ($950 & UNDER),0344 0394,27,M,H,502.0,"MULTI-UNIT DWELLING (APARTMENT, DUPLEX, ETC)",,,IC,Invest Cont,440.0,,,,400 W  47TH                         ST,,34.001,-118.2811
231011821,07/22/2023 12:00:00 AM,07/21/2023 12:00:00 AM,2035,10,West Valley,1088,1,442,SHOPLIFTING - PETTY THEFT ($950 & UNDER),1822 0325 0344 0216,0,M,W,403.0,DRUG STORE,,,IC,Invest Cont,442.0,,,,16100    VENTURA                      BL,,34.1564,-118.4837
230709203,05/02/2023 12:00:00 AM,05/01/2023 12:00:00 AM,120,7,Wilshire,715,1,310,BURGLARY,0344,22,X,X,203.0,OTHER BUSINESS,,,IC,Invest Cont,310.0,,,,7200    BEVERLY                      BL,,34.0782,-118.3463
220610488,05/17/2022 12:00:00 AM,05/17/2022 12:00:00 AM,600,6,Hollywood,645,1,420,THEFT FROM MOTOR VEHICLE - PETTY ($950 & UNDER),0344 1822 1501 1300,27,F,H,108.0,PARKING LOT,,,IC,Invest Cont,420.0,,,,1700    ORCHID                       AV,,34.103,-118.3402
200321305,12/06/2020 12:00:00 AM,11/20/2020 12:00:00 AM,945,3,Southwest,361,1,510,VEHICLE - STOLEN,,0,,,707.0,GARAGE/CARPORT,,,IC,Invest Cont,510.0,,,,4000    URSULA                       AV,,34.0127,-118.3525
241008017,04/21/2024 12:00:00 AM,04/21/2024 12:00:00 AM,2140,10,West Valley,1018,2,624,BATTERY - SIMPLE ASSAULT,0361 0429 1206 0446 0913 0444 1202 0603 1701 0416,65,M,O,502.0,"MULTI-UNIT DWELLING (APARTMENT, DUPLEX, ETC)",400.0,"STRONG-ARM (HANDS, FIST, FEET OR BODILY FORCE)",AO,Adult Other,624.0,,,,16000    CANTLAY                      ST,,34.2022,-118.4815
220804991,01/23/2022 12:00:00 AM,10/31/2021 12:00:00 AM,1700,8,West LA,889,2,860,BATTERY WITH SEXUAL CONTACT,1822 0522 1259,17,F,H,502.0,"MULTI-UNIT DWELLING (APARTMENT, DUPLEX, ETC)",400.0,"STRONG-ARM (HANDS, FIST, FEET OR BODILY FORCE)",AO,Adult Other,860.0,,,,2000 S  HOLT                         AV,,34.0412,-118.3814
211114512,10/23/2021 12:00:00 AM,10/23/2021 12:00:00 AM,810,11,Northeast,1113,2,624,BATTERY - SIMPLE ASSAULT,0416 1817 0356,25,F,H,203.0,OTHER BUSINESS,400.0,"STRONG-ARM (HANDS, FIST, FEET OR BODILY FORCE)",IC,Invest Cont,624.0,,,,2900    COLORADO                     BL,,34.1428,-118.2281
220311107,05/19/2022 12:00:00 AM,05/09/2022 12:00:00 AM,2229,3,Southwest,354,2,740,"VANDALISM - FELONY ($400 & OVER, ALL CHURCH VANDALISMS)",1300 0329 1822,26,M,H,122.0,"VEHICLE, PASSENGER/TRUCK",,,IC,Invest Cont,740.0,,,,3600    3RD                          AV,,34.0229,-118.3201
200409789,06/14/2020 12:00:00 AM,06/10/2020 12:00:00 AM,2130,4,Hollenbeck,453,2,624,BATTERY - SIMPLE ASSAULT,0913 0401 0444 1810,49,F,O,501.0,SINGLE FAMILY DWELLING,400.0,"STRONG-ARM (HANDS, FIST, FEET OR BODILY FORCE)",AO,Adult Other,624.0,,,,1800    PENNSYLVANIA                 AV,,34.0475,-118.2169
221911408,06/30/2022 12:00:00 AM,06/30/2022 12:00:00 AM,2300,19,Mission,1902,2,740,"VANDALISM - FELONY ($400 & OVER, ALL CHURCH VANDALISMS)",0329,0,X,X,505.0,MOTEL,,,IC,Invest Cont,740.0,,,,14900    ROXFORD                      ST,,34.3233,-118.4602
231906256,02/22/2023 12:00:00 AM,02/22/2023 12:00:00 AM,440,19,Mission,1985,2,901,VIOLATION OF RESTRAINING ORDER,2038 0561,67,F,H,502.0,"MULTI-UNIT DWELLING (APARTMENT, DUPLEX, ETC)",,,AA,Adult Arrest,901.0,,,,8800    TOBIAS                       AV,,34.2299,-118.4517
231505861,02/14/2023 12:00:00 AM,02/13/2023 12:00:00 AM,1700,15,N Hollywood,1567,2,626,INTIMATE PARTNER - SIMPLE ASSAULT,1300 2000 1814 0416 0400,25,M,H,122.0,"VEHICLE, PASSENGER/TRUCK",400.0,"STRONG-ARM (HANDS, FIST, FEET OR BODILY FORCE)",IC,Invest Cont,626.0,,,,4400    CARTWRIGHT                   AV,,34.1504,-118.3631
221811261,05/23/2022 12:00:00 AM,05/23/2022 12:00:00 AM,1130,18,Southeast,1834,1,510,VEHICLE - STOLEN,,0,,,101.0,STREET,,,IC,Invest Cont,510.0,,,,AVALON                       BL,103RD                        ST,33.9398,-118.2611
240907784,04/09/2024 12:00:00 AM,04/07/2024 12:00:00 AM,1,9,Van Nuys,911,1,236,INTIMATE PARTNER - AGGRAVATED ASSAULT,0417 0432 1813 2000,28,F,H,502.0,"MULTI-UNIT DWELLING (APARTMENT, DUPLEX, ETC)",204.0,FOLDING KNIFE,IC,Invest Cont,236.0,434.0,,,15300    GAULT                        ST,,34.1993,-118.4662
200915978,10/16/2020 12:00:00 AM,10/15/2020 12:00:00 AM,2030,9,Van Nuys,985,1,210,ROBBERY,0416 0417 1822,46,M,X,108.0,PARKING LOT,400.0,"STRONG-ARM (HANDS, FIST, FEET OR BODILY FORCE)",IC,Invest Cont,210.0,,,,4400    VAN NUYS                     BL,,34.1509,-118.4487
200312999,06/19/2020 12:00:00 AM,06/19/2020 12:00:00 AM,1345,3,Southwest,392,2,626,INTIMATE PARTNER - SIMPLE ASSAULT,2000 0329 1821 1813 1243 1241,32,F,H,501.0,SINGLE FAMILY DWELLING,400.0,"STRONG-ARM (HANDS, FIST, FEET OR BODILY FORCE)",AA,Adult Arrest,626.0,,,,5100    7TH                          AV,,33.9964,-118.3247
231704020,01/01/2023 12:00:00 AM,01/01/2023 12:00:00 AM,900,17,Devonshire,1793,2,354,THEFT OF IDENTITY,1822 0100 0935 0922,26,F,H,502.0,"MULTI-UNIT DWELLING (APARTMENT, DUPLEX, ETC)",,,IC,Invest Cont,354.0,,,,19100    BRYANT                       ST,,34.2272,-118.5492
230808300,04/01/2023 12:00:00 AM,03/30/2023 12:00:00 AM,1700,8,West LA,824,2,740,"VANDALISM - FELONY ($400 & OVER, ALL CHURCH VANDALISMS)",0329 1822,40,F,W,507.0,CONDOMINIUM/TOWNHOUSE,,,IC,Invest Cont,740.0,,,,300    UPPER MESA                   RD,,34.0332,-118.5152
201408402,03/17/2020 12:00:00 AM,03/16/2020 12:00:00 AM,1630,14,Pacific,1465,2,624,BATTERY - SIMPLE ASSAULT,0400 0444,58,F,H,501.0,SINGLE FAMILY DWELLING,400.0,"STRONG-ARM (HANDS, FIST, FEET OR BODILY FORCE)",IC,Invest Cont,624.0,,,,11800    BRAY                         ST,,33.9898,-118.4068
221607482,04/20/2022 12:00:00 AM,04/20/2022 12:00:00 AM,1655,16,Foothill,1684,2,626,INTIMATE PARTNER - SIMPLE ASSAULT,2000 1814 0913 0400 0429,64,F,O,501.0,SINGLE FAMILY DWELLING,400.0,"STRONG-ARM (HANDS, FIST, FEET OR BODILY FORCE)",AO,Adult Other,626.0,,,,8300    AMBOY                        AV,,34.2216,-118.3908
220612612,07/02/2022 12:00:00 AM,06/21/2022 12:00:00 AM,1056,6,Hollywood,663,2,354,THEFT OF IDENTITY,0377 1822 1501 0344 0930,34,M,W,502.0,"MULTI-UNIT DWELLING (APARTMENT, DUPLEX, ETC)",,,IC,Invest Cont,354.0,,,,1200 N  SYCAMORE                     AV,,34.0926,-118.3428
201214432,06/10/2020 12:00:00 AM,06/10/2020 12:00:00 AM,1300,12,77th Street,1253,1,230,"ASSAULT WITH DEADLY WEAPON, AGGRAVATED ASSAULT",1309 0913 0421 0432 0319 0302,33,F,B,501.0,SINGLE FAMILY DWELLING,102.0,HAND GUN,AO,Adult Other,230.0,,,,7500 S  DENKER                       AV,,33.9709,-118.3112
200412670,09/12/2020 12:00:00 AM,09/11/2020 12:00:00 AM,1715,4,Hollenbeck,441,1,510,VEHICLE - STOLEN,,0,,,101.0,STREET,,,IC,Invest Cont,510.0,,,,500 N  MISSION                      RD,,34.0543,-118.2258
200704556,01/11/2020 12:00:00 AM,01/11/2020 12:00:00 AM,1245,7,Wilshire,729,1,440,THEFT PLAIN - PETTY ($950 & UNDER),0344 1822,52,F,W,203.0,OTHER BUSINESS,,,IC,Invest Cont,440.0,,,,100 N  LARCHMONT                    BL,,34.073,-118.3236
210212996,08/08/2021 12:00:00 AM,08/07/2021 12:00:00 AM,900,2,Rampart,299,1,510,VEHICLE - STOLEN,,0,,,108.0,PARKING LOT,,,IC,Invest Cont,510.0,,,,1300 W  PICO                         BL,,34.043,-118.2734
200810577,06/13/2020 12:00:00 AM,06/13/2020 12:00:00 AM,800,8,West LA,807,2,886,DISTURBING THE PEACE,1202 1501 0603,64,F,W,104.0,DRIVEWAY,,,AO,Adult Other,886.0,,,,2900 N  BEVERLY GLEN                 BL,,34.1263,-118.4452
211513212,08/16/2021 12:00:00 AM,08/16/2021 12:00:00 AM,1130,15,N Hollywood,1502,1,230,"ASSAULT WITH DEADLY WEAPON, AGGRAVATED ASSAULT",1218 0906 1822 0334 0430 1402 1100,32,M,H,109.0,PARK/PLAYGROUND,102.0,HAND GUN,IC,Invest Cont,230.0,998.0,,,12700    STRATHERN                    ST,,34.2157,-118.4097
221307301,03/03/2022 12:00:00 AM,03/03/2022 12:00:00 AM,400,13,Newton,1354,1,331,THEFT FROM MOTOR VEHICLE - GRAND ($950.01 AND OVER),0344,22,F,H,101.0,STREET,,,IC,Invest Cont,331.0,,,,WOODLAWN                     AV,E  43RD                         ST,34.0057,-118.2728
202115752,10/11/2020 12:00:00 AM,10/10/2020 12:00:00 AM,1030,21,Topanga,2162,2,354,THEFT OF IDENTITY,1822 0930,53,F,O,501.0,SINGLE FAMILY DWELLING,,,IC,Invest Cont,354.0,,,,23200    OXNARD                       ST,,34.1781,-118.6364
240309915,04/27/2024 12:00:00 AM,04/27/2024 12:00:00 AM,1500,3,Southwest,376,2,901,VIOLATION OF RESTRAINING ORDER,0913 2004 2038,39,F,W,501.0,SINGLE FAMILY DWELLING,,,IC,Invest Cont,901.0,,,,3800 S  HOBART                       BL,,34.0173,-118.3078
212011092,07/02/2021 12:00:00 AM,07/01/2021 12:00:00 AM,2000,20,Olympic,2004,1,510,VEHICLE - STOLEN,,0,,,101.0,STREET,,,IC,Invest Cont,510.0,,,,4600    MAPLEWOOD                    AV,,34.0799,-118.3058
231414985,07/29/2023 12:00:00 AM,07/27/2023 12:00:00 AM,2150,14,Pacific,1458,2,626,INTIMATE PARTNER - SIMPLE ASSAULT,0416 2000 0913 1814 0356,29,F,W,502.0,"MULTI-UNIT DWELLING (APARTMENT, DUPLEX, ETC)",400.0,"STRONG-ARM (HANDS, FIST, FEET OR BODILY FORCE)",AO,Adult Other,626.0,,,,4500 S  SLAUSON                      AV,,33.9979,-118.4135
200410536,07/07/2020 12:00:00 AM,07/06/2020 12:00:00 AM,1,4,Hollenbeck,464,1,510,VEHICLE - STOLEN,,0,,,101.0,STREET,,,IC,Invest Cont,510.0,,,,2200    MICHIGAN                     AV,,34.0456,-118.2101
230618350,11/28/2023 12:00:00 AM,11/12/2023 12:00:00 AM,2200,6,Hollywood,669,1,310,BURGLARY,1822 0344 0314 1606,35,F,B,501.0,SINGLE FAMILY DWELLING,500.0,UNKNOWN WEAPON/OTHER WEAPON,IC,Invest Cont,310.0,,,,5400    FOUNTAIN                     AV,,34.095,-118.307
230605743,02/10/2023 12:00:00 AM,02/09/2023 12:00:00 AM,2028,6,Hollywood,663,1,648,ARSON,1822 0329 1501,0,X,X,203.0,OTHER BUSINESS,,,IC,Invest Cont,648.0,,,,6700    SANTA MONICA                 BL,,34.0907,-118.3363
210706476,03/01/2021 12:00:00 AM,02/28/2021 12:00:00 AM,30,7,Wilshire,705,1,420,THEFT FROM MOTOR VEHICLE - PETTY ($950 & UNDER),0344,34,F,H,501.0,SINGLE FAMILY DWELLING,,,IC,Invest Cont,420.0,,,,7100    WARING                       AV,,34.0853,-118.3444
231004191,01/05/2023 12:00:00 AM,12/25/2022 12:00:00 AM,1700,10,West Valley,1034,1,510,VEHICLE - STOLEN,,0,,,101.0,STREET,,,IC,Invest Cont,510.0,,,,LINDLEY                      AV,TOPHAM                       ST,34.1806,-118.5273
211210059,04/10/2021 12:00:00 AM,04/10/2021 12:00:00 AM,1900,12,77th Street,1205,1,440,THEFT PLAIN - PETTY ($950 & UNDER),0344 0913,23,M,B,502.0,"MULTI-UNIT DWELLING (APARTMENT, DUPLEX, ETC)",400.0,"STRONG-ARM (HANDS, FIST, FEET OR BODILY FORCE)",AO,Adult Other,440.0,,,,5100 S  VERMONT                      AV,,33.9974,-118.2982
221714806,10/17/2022 12:00:00 AM,10/17/2022 12:00:00 AM,1700,17,Devonshire,1781,2,745,VANDALISM - MISDEAMEANOR ($399 OR UNDER),0329,47,M,B,101.0,STREET,,,AA,Adult Arrest,745.0,,,,GRESHAM,INDEPENDENCE,34.2306,-118.5907
201414156,07/20/2020 12:00:00 AM,01/03/2020 12:00:00 AM,1500,14,Pacific,1407,2,354,THEFT OF IDENTITY,0377,44,F,W,504.0,OTHER RESIDENCE,,,IC,Invest Cont,354.0,,,,REGENT                       ST,VINTON                       AV,34.0233,-118.4046
211714723,11/04/2021 12:00:00 AM,11/01/2021 12:00:00 AM,1845,17,Devonshire,1764,1,442,SHOPLIFTING - PETTY THEFT ($950 & UNDER),0325 1309,0,X,X,203.0,OTHER BUSINESS,,,AA,Adult Arrest,442.0,,,,19600    NORDHOFF                     ST,,34.2355,-118.5604
211215845,07/09/2021 12:00:00 AM,07/09/2021 12:00:00 AM,1530,12,77th Street,1233,1,761,BRANDISH WEAPON,0913 0416 0334,19,M,H,210.0,RESTAURANT/FAST FOOD,400.0,"STRONG-ARM (HANDS, FIST, FEET OR BODILY FORCE)",AO,Adult Other,624.0,761.0,,,1800 W  SLAUSON                      AV,,33.9891,-118.3097
212011894,07/21/2021 12:00:00 AM,06/28/2021 12:00:00 AM,2245,20,Olympic,2044,2,940,EXTORTION,1309 0337 0913 0421,0,X,X,203.0,OTHER BUSINESS,,,IC,Invest Cont,940.0,,,,3300 W  8TH                          ST,,34.0577,-118.3009
241007118,03/28/2024 12:00:00 AM,03/28/2024 12:00:00 AM,336,10,West Valley,1008,1,220,ATTEMPTED ROBBERY,0213 0327 1300 0334 1822 1906,0,M,W,108.0,PARKING LOT,500.0,UNKNOWN WEAPON/OTHER WEAPON,IC,Invest Cont,220.0,,,,16400    VANOWEN                      ST,,34.1939,-118.4902
200313475,06/30/2020 12:00:00 AM,06/30/2020 12:00:00 AM,1435,3,Southwest,326,1,230,"ASSAULT WITH DEADLY WEAPON, AGGRAVATED ASSAULT",0913 0416 1218 1309,50,M,B,101.0,STREET,307.0,VEHICLE,IC,Invest Cont,230.0,,,,2600    HALLDALE                     AV,,34.0322,-118.3028
211412034,05/20/2021 12:00:00 AM,05/17/2021 12:00:00 AM,1940,14,Pacific,1468,1,440,THEFT PLAIN - PETTY ($950 & UNDER),0344 0394,33,F,B,511.0,PROJECT/TENEMENT/PUBLIC HOUSING,,,IC,Invest Cont,440.0,,,,11800    ALLIN                        ST,,33.9919,-118.4119
230116994,07/30/2023 12:00:00 AM,07/30/2023 12:00:00 AM,125,1,Central,185,2,626,INTIMATE PARTNER - SIMPLE ASSAULT,0448 0913 1814 2000,18,M,H,218.0,BEAUTY/BARBER SHOP,400.0,"STRONG-ARM (HANDS, FIST, FEET OR BODILY FORCE)",IC,Invest Cont,626.0,,,,100 E  11TH                         ST,,34.0391,-118.2582
210316348,09/23/2021 12:00:00 AM,09/23/2021 12:00:00 AM,1415,3,Southwest,357,1,230,"ASSAULT WITH DEADLY WEAPON, AGGRAVATED ASSAULT",0913 2000 1813 1310 1309 0416 0329 0432,45,F,H,101.0,STREET,307.0,VEHICLE,AA,Adult Arrest,230.0,,,,CATALINA                     ST,37TH                         DR,34.02,-118.2944
220310106,05/04/2022 12:00:00 AM,04/01/2022 12:00:00 AM,1230,3,Southwest,362,2,354,THEFT OF IDENTITY,1822 0100 0922,32,M,B,502.0,"MULTI-UNIT DWELLING (APARTMENT, DUPLEX, ETC)",,,IC,Invest Cont,354.0,,,,3800    NICOLET                      AV,,34.0183,-118.3504
212012287,07/31/2021 12:00:00 AM,07/30/2021 12:00:00 AM,1700,20,Olympic,2023,1,510,VEHICLE - STOLEN,,0,,,101.0,STREET,,,IC,Invest Cont,510.0,,,,4TH,NORMANDIE,34.0672,-118.3003
201116683,12/16/2020 12:00:00 AM,12/14/2020 12:00:00 AM,1745,11,Northeast,1144,1,330,BURGLARY FROM VEHICLE,1302 1307 0344,23,F,H,101.0,STREET,,,IC,Invest Cont,330.0,,,,W  SILVER LAKE                  DR,CASTLE                       ST,34.0934,-118.2674
201408626,03/20/2020 12:00:00 AM,03/14/2020 12:00:00 AM,1415,14,Pacific,1412,2,745,VANDALISM - MISDEAMEANOR ($399 OR UNDER),0329 1300,49,M,O,101.0,STREET,,,IC,Invest Cont,745.0,,,,MAIN                         ST,ROSE                         CT,33.9957,-118.4778
202008734,04/18/2020 12:00:00 AM,04/16/2020 12:00:00 AM,2250,20,Olympic,2019,1,330,BURGLARY FROM VEHICLE,0344,33,F,H,507.0,CONDOMINIUM/TOWNHOUSE,,,IC,Invest Cont,330.0,,,,100 S  VIRGIL                       AV,,34.0735,-118.2868
240609183,05/13/2024 12:00:00 AM,05/10/2024 12:00:00 AM,130,6,Hollywood,626,1,331,THEFT FROM MOTOR VEHICLE - GRAND ($950.01 AND OVER),1822 1300 0385 1501,89,M,W,122.0,"VEHICLE, PASSENGER/TRUCK",,,IC,Invest Cont,331.0,,,,6300    WEIDLAKE                     DR,,34.1154,-118.3263
242008580,04/27/2024 12:00:00 AM,04/27/2024 12:00:00 AM,1246,20,Olympic,2033,1,352,PICKPOCKET,0344 1822,34,M,W,735.0,NIGHT CLUB (OPEN EVENINGS ONLY),,,IC,Invest Cont,352.0,,,,3700    WILSHIRE                     BL,,34.0617,-118.3066
231414588,07/22/2023 12:00:00 AM,07/22/2023 12:00:00 AM,1050,14,Pacific,1427,2,354,THEFT OF IDENTITY,0377,31,M,O,501.0,SINGLE FAMILY DWELLING,,,IC,Invest Cont,354.0,,,,3400 S  BENTLEY                      AV,,34.022,-118.4223
201222326,10/10/2020 12:00:00 AM,10/09/2020 12:00:00 AM,1530,12,77th Street,1248,1,420,THEFT FROM MOTOR VEHICLE - PETTY ($950 & UNDER),1300 0344 1601 1822,48,F,B,247.0,CAR WASH,,,IC,Invest Cont,420.0,,,,800 W  FLORENCE                     AV,,33.9792,-118.2893
221514347,09/01/2022 12:00:00 AM,08/31/2022 12:00:00 AM,2200,15,N Hollywood,1591,1,310,BURGLARY,1609 1822 0344,0,M,O,210.0,RESTAURANT/FAST FOOD,,,IC,Invest Cont,310.0,,,,12700    VENTURA                      BL,,34.1444,-118.4092
212116427,11/14/2021 12:00:00 AM,11/14/2021 12:00:00 AM,820,21,Topanga,2146,1,421,THEFT FROM MOTOR VEHICLE - ATTEMPT,0344 1606,38,M,H,108.0,PARKING LOT,,,IC,Invest Cont,421.0,,,,7000    ALABAMA                      AV,,34.1974,-118.599
201518069,11/28/2020 12:00:00 AM,11/28/2020 12:00:00 AM,1605,15,N Hollywood,1596,2,903,CONTEMPT OF COURT,2038,45,M,W,501.0,SINGLE FAMILY DWELLING,,,AO,Adult Other,903.0,,,,10900    FRUITLAND                    DR,,34.1385,-118.3681
231223347,11/19/2023 12:00:00 AM,11/19/2023 12:00:00 AM,300,12,77th Street,1269,2,626,INTIMATE PARTNER - SIMPLE ASSAULT,2000 1814 0444 0416 0356,33,F,H,502.0,"MULTI-UNIT DWELLING (APARTMENT, DUPLEX, ETC)",400.0,"STRONG-ARM (HANDS, FIST, FEET OR BODILY FORCE)",AO,Adult Other,626.0,,,,700 E  84TH                         ST,,33.9629,-118.263
231225163,12/18/2023 12:00:00 AM,12/18/2023 12:00:00 AM,2345,12,77th Street,1269,1,210,ROBBERY,0344 1822 0355 0908 2023,18,F,B,503.0,HOTEL,204.0,FOLDING KNIFE,AO,Adult Other,210.0,,,,800 E  MANCHESTER                   AV,,33.9638,-118.2629
221705086,01/31/2022 12:00:00 AM,01/30/2022 12:00:00 AM,1900,17,Devonshire,1798,1,510,VEHICLE - STOLEN,,0,,,101.0,STREET,,,IC,Invest Cont,510.0,,,,8700    HASKELL                      AV,,34.2283,-118.4764
221513315,08/03/2022 12:00:00 AM,08/02/2022 12:00:00 AM,1500,15,N Hollywood,1553,1,440,THEFT PLAIN - PETTY ($950 & UNDER),0344 1822,27,M,O,301.0,GAS STATION,,,IC,Invest Cont,440.0,,,,LAUREL CANYON,KLING,34.1558,-118.3965
231224246,11/25/2023 12:00:00 AM,11/25/2023 12:00:00 AM,1442,12,77th Street,1232,1,442,SHOPLIFTING - PETTY THEFT ($950 & UNDER),0342 0344 0325 1822,0,X,X,405.0,CLOTHING STORE,,,IC,Invest Cont,442.0,,,,3200 W  SLAUSON                      AV,,33.989,-118.3282
231109925,06/08/2023 12:00:00 AM,06/08/2023 12:00:00 AM,1430,11,Northeast,1134,1,230,"ASSAULT WITH DEADLY WEAPON, AGGRAVATED ASSAULT",1822 1300 0919,0,X,X,108.0,PARKING LOT,307.0,VEHICLE,IC,Invest Cont,230.0,,,,2700    SAN FERNANDO                 RD,,34.1095,-118.2424
231606682,03/27/2023 12:00:00 AM,03/09/2023 12:00:00 AM,1400,16,Foothill,1681,1,341,"THEFT-GRAND ($950.01 & OVER)EXCPT,GUNS,FOWL,LIVESTK,PROD",0344,40,M,O,501.0,SINGLE FAMILY DWELLING,,,IC,Invest Cont,341.0,,,,8200    LAURELGROVE                  AV,,34.2201,-118.4009
211213588,06/09/2021 12:00:00 AM,06/09/2021 12:00:00 AM,30,12,77th Street,1241,1,236,INTIMATE PARTNER - AGGRAVATED ASSAULT,1402 0913 0400 0416 0421 0408 1813 2000,51,F,B,501.0,SINGLE FAMILY DWELLING,400.0,"STRONG-ARM (HANDS, FIST, FEET OR BODILY FORCE)",AO,Adult Other,236.0,998.0,,,6200    CRENSHAW                     BL,,33.9842,-118.3309
231911735,07/05/2023 12:00:00 AM,07/05/2023 12:00:00 AM,1710,19,Mission,1925,1,231,ASSAULT WITH DEADLY WEAPON ON POLICE OFFICER,1822 0447 2003 1212 0416,32,M,W,507.0,CONDOMINIUM/TOWNHOUSE,302.0,BLUNT INSTRUMENT,IC,Invest Cont,231.0,,,,12600    BRADLEY                      AV,,34.2991,-118.4516
200322286,12/26/2020 12:00:00 AM,12/26/2020 12:00:00 AM,1115,3,Southwest,374,1,210,ROBBERY,0329 0342 0344 0416 0431 0913 1239 1510 2058 0903,21,F,B,101.0,STREET,512.0,MACE/PEPPER SPRAY,AO,Adult Other,210.0,,,,2700 W  MARTIN LUTHER KING JR        BL,,34.0148,-118.3222
230718080,12/07/2023 12:00:00 AM,11/28/2023 12:00:00 AM,2100,7,Wilshire,774,1,510,VEHICLE - STOLEN,,0,,,101.0,STREET,,,IC,Invest Cont,510.0,,,,1600 S  MANSFIELD                    AV,,34.0457,-118.3467
200413747,10/13/2020 12:00:00 AM,10/13/2020 12:00:00 AM,1030,4,Hollenbeck,411,1,510,VEHICLE - STOLEN,,0,,,108.0,PARKING LOT,,,IC,Invest Cont,510.0,,,,300 N  SAN FERNANDO                 RD,,34.0768,-118.2228
220615999,09/13/2022 12:00:00 AM,09/13/2022 12:00:00 AM,1810,6,Hollywood,643,2,624,BATTERY - SIMPLE ASSAULT,0400 1822 0601 1501,40,F,H,203.0,OTHER BUSINESS,500.0,UNKNOWN WEAPON/OTHER WEAPON,IC,Invest Cont,624.0,,,,7100 W  SUNSET                       BL,,34.1007,-118.3494
230320476,11/28/2023 12:00:00 AM,11/28/2023 12:00:00 AM,855,3,Southwest,321,1,220,ATTEMPTED ROBBERY,0337 0355 0443 1822 2004 0319,34,M,W,101.0,STREET,515.0,PHYSICAL PRESENCE,AA,Adult Arrest,220.0,,,,3400    LA CIENEGA                   BL,,34.0265,-118.3721
231219014,09/06/2023 12:00:00 AM,09/06/2023 12:00:00 AM,1250,12,77th Street,1267,1,210,ROBBERY,0342 1822 0336 0344 0444 0429 0432 1402 1309 0216,29,F,H,102.0,SIDEWALK,400.0,"STRONG-ARM (HANDS, FIST, FEET OR BODILY FORCE)",AA,Adult Arrest,210.0,,,,BROADWAY,83RD                         ST,33.9642,-118.2783
212009282,05/08/2021 12:00:00 AM,05/07/2021 12:00:00 AM,2130,20,Olympic,2031,1,330,BURGLARY FROM VEHICLE,0344 0358 1602 1822 0354,28,X,W,101.0,STREET,,,IC,Invest Cont,330.0,,,,7TH,WILTON,34.0599,-118.3143
211809110,04/15/2021 12:00:00 AM,04/15/2021 12:00:00 AM,1630,18,Southeast,1831,2,930,CRIMINAL THREATS - NO WEAPON DISPLAYED,0913 0361 0319 0603 0443 0334 0432 2001 2003,47,F,B,502.0,"MULTI-UNIT DWELLING (APARTMENT, DUPLEX, ETC)",511.0,VERBAL THREAT,IC,Invest Cont,930.0,,,,500 W  127TH                        ST,,33.9176,-118.2836
200106736,02/09/2020 12:00:00 AM,02/09/2020 12:00:00 AM,330,1,Central,142,2,901,VIOLATION OF RESTRAINING ORDER,0913,33,F,H,108.0,PARKING LOT,,,IC,Invest Cont,901.0,,,,3RD                          ST,HILL,34.0518,-118.2493
201807221,02/25/2020 12:00:00 AM,02/25/2020 12:00:00 AM,1300,18,Southeast,1844,1,761,BRANDISH WEAPON,0334 2000 0913 1814 0416 0443 1402,39,M,B,501.0,SINGLE FAMILY DWELLING,400.0,"STRONG-ARM (HANDS, FIST, FEET OR BODILY FORCE)",IC,Invest Cont,761.0,998.0,,,11300    STANFORD                     AV,,33.932,-118.2621
231107068,03/23/2023 12:00:00 AM,03/22/2023 12:00:00 AM,1000,11,Northeast,1177,2,740,"VANDALISM - FELONY ($400 & OVER, ALL CHURCH VANDALISMS)",0329 2004,0,X,X,210.0,RESTAURANT/FAST FOOD,,,IC,Invest Cont,740.0,,,,2200 N  FIGUEROA                     ST,,34.0884,-118.2258
221905490,02/08/2022 12:00:00 AM,02/08/2022 12:00:00 AM,1030,19,Mission,1961,2,740,"VANDALISM - FELONY ($400 & OVER, ALL CHURCH VANDALISMS)",0329,46,F,H,122.0,"VEHICLE, PASSENGER/TRUCK",,,IC,Invest Cont,740.0,,,,15600    NORDHOFF                     ST,,34.2427,-118.4702
230708084,04/05/2023 12:00:00 AM,04/04/2023 12:00:00 AM,1604,7,Wilshire,721,1,341,"THEFT-GRAND ($950.01 & OVER)EXCPT,GUNS,FOWL,LIVESTK,PROD",0325 1822,0,X,X,416.0,THE BEVERLY CENTER,,,IC,Invest Cont,341.0,,,,8500    BEVERLY                      BL,,34.0761,-118.3766
212008950,05/09/2021 12:00:00 AM,05/09/2021 12:00:00 AM,5,20,Olympic,2056,2,624,BATTERY - SIMPLE ASSAULT,0416 0913 0561 0446 0445 0432,56,M,H,502.0,"MULTI-UNIT DWELLING (APARTMENT, DUPLEX, ETC)",500.0,UNKNOWN WEAPON/OTHER WEAPON,AA,Adult Arrest,624.0,,,,1000 S  CATALINA                     ST,,34.0516,-118.2947
231909256,05/16/2023 12:00:00 AM,05/10/2023 12:00:00 AM,1200,19,Mission,1913,2,649,DOCUMENT FORGERY / STOLEN FELONY,0935 1822,45,F,W,213.0,WAREHOUSE,,,IC,Invest Cont,649.0,,,,15500    ROXFORD                      ST,,34.3131,-118.4697
211417987,09/09/2021 12:00:00 AM,09/08/2021 12:00:00 AM,1700,14,Pacific,1407,1,341,"THEFT-GRAND ($950.01 & OVER)EXCPT,GUNS,FOWL,LIVESTK,PROD",0344,31,M,B,502.0,"MULTI-UNIT DWELLING (APARTMENT, DUPLEX, ETC)",,,AO,Adult Other,341.0,,,,3700    VINTON                       AV,,34.0233,-118.4046
220620009,12/12/2022 12:00:00 AM,12/12/2022 12:00:00 AM,1630,6,Hollywood,678,1,510,VEHICLE - STOLEN,,0,,,101.0,STREET,,,AA,Adult Arrest,510.0,,,,KINGSLEY                     DR,MELROSE                      AV,34.085,-118.3028
220917813,12/29/2022 12:00:00 AM,12/28/2022 12:00:00 AM,2200,9,Van Nuys,963,1,420,THEFT FROM MOTOR VEHICLE - PETTY ($950 & UNDER),,0,,,101.0,STREET,,,IC,Invest Cont,420.0,,,,5000 N  SEPULVEDA                    BL,,34.1618,-118.4661
221108050,04/18/2022 12:00:00 AM,04/18/2022 12:00:00 AM,1010,11,Northeast,1132,2,888,TRESPASSING,0319 1402 0907,44,M,W,501.0,SINGLE FAMILY DWELLING,,,IC,Invest Cont,888.0,998.0,,,2800    ROWENA                       AV,,34.1141,-118.2755
210910437,06/13/2021 12:00:00 AM,06/12/2021 12:00:00 AM,2245,9,Van Nuys,935,2,626,INTIMATE PARTNER - SIMPLE ASSAULT,0400 1243 2000,31,F,H,502.0,"MULTI-UNIT DWELLING (APARTMENT, DUPLEX, ETC)",400.0,"STRONG-ARM (HANDS, FIST, FEET OR BODILY FORCE)",AA,Adult Arrest,626.0,,,,14100    DELANO                       ST,,34.1826,-118.4444
202110440,06/06/2020 12:00:00 AM,05/31/2020 12:00:00 AM,2000,21,Topanga,2143,1,330,BURGLARY FROM VEHICLE,0321 0344,35,M,W,101.0,STREET,,,IC,Invest Cont,330.0,,,,6500    WOODLAKE                     AV,,34.1882,-118.6315
230307798,03/15/2023 12:00:00 AM,03/15/2023 12:00:00 AM,1030,3,Southwest,363,2,624,BATTERY - SIMPLE ASSAULT,0444 0416 0447 1202 0202,76,F,B,502.0,"MULTI-UNIT DWELLING (APARTMENT, DUPLEX, ETC)",400.0,"STRONG-ARM (HANDS, FIST, FEET OR BODILY FORCE)",AO,Adult Other,624.0,,,,4100    MARLTON                      AV,,34.0104,-118.3398
220608924,04/17/2022 12:00:00 AM,04/17/2022 12:00:00 AM,2210,6,Hollywood,678,2,624,BATTERY - SIMPLE ASSAULT,1822 1300 1310 0342 0400 0416 2033,59,M,O,101.0,STREET,400.0,"STRONG-ARM (HANDS, FIST, FEET OR BODILY FORCE)",IC,Invest Cont,624.0,,,,MARATHON,WESTERN,34.0845,-118.3091
220219501,10/31/2022 12:00:00 AM,10/31/2022 12:00:00 AM,1930,2,Rampart,279,1,210,ROBBERY,1822 1300 1309 0326 0213 0344 0352 0432 0370,51,M,B,301.0,GAS STATION,113.0,SIMULATED GUN,IC,Invest Cont,210.0,,,,1000    BLAINE                       ST,,34.047,-118.2703
211214404,06/23/2021 12:00:00 AM,06/23/2021 12:00:00 AM,15,12,77th Street,1209,2,626,INTIMATE PARTNER - SIMPLE ASSAULT,0400 2000 1814 0416 0913,29,F,H,501.0,SINGLE FAMILY DWELLING,400.0,"STRONG-ARM (HANDS, FIST, FEET OR BODILY FORCE)",IC,Invest Cont,626.0,,,,400 W  45TH                         ST,,34.0028,-118.2827
201707791,03/28/2020 12:00:00 AM,03/19/2020 12:00:00 AM,1900,17,Devonshire,1764,2,740,"VANDALISM - FELONY ($400 & OVER, ALL CHURCH VANDALISMS)",0329,0,X,X,409.0,BEAUTY SUPPLY STORE,,,IC,Invest Cont,740.0,,,,8900    TAMPA                        AV,,34.244,-118.5583
211715567,11/30/2021 12:00:00 AM,11/30/2021 12:00:00 AM,30,17,Devonshire,1767,1,410,"BURGLARY FROM VEHICLE, ATTEMPTED",1402 1609 0329 2004,63,F,H,108.0,PARKING LOT,,,AA,Adult Arrest,410.0,998.0,,,18500    PRAIRIE                      ST,,34.2442,-118.5362
211316804,10/02/2021 12:00:00 AM,10/02/2021 12:00:00 AM,2220,13,Newton,1362,1,230,"ASSAULT WITH DEADLY WEAPON, AGGRAVATED ASSAULT",1822 0416 0432 0411,40,M,B,102.0,SIDEWALK,200.0,KNIFE WITH BLADE 6INCHES OR LESS,IC,Invest Cont,230.0,,,,51ST                         ST,BROADWAY,33.9981,-118.2697
211225577,12/24/2021 12:00:00 AM,12/23/2021 12:00:00 AM,1900,12,77th Street,1269,1,510,VEHICLE - STOLEN,,0,,,101.0,STREET,,,IC,Invest Cont,510.0,,,,83RD,STANFORD,33.9638,-118.2608
221404516,01/11/2022 12:00:00 AM,01/06/2022 12:00:00 AM,900,14,Pacific,1474,2,956,"LETTERS, LEWD  -  TELEPHONE CALLS, LEWD",1501 0903 2057 1532,63,F,H,501.0,SINGLE FAMILY DWELLING,,,IC,Invest Cont,956.0,,,,00    LMU                          DR,,33.9655,-118.4247
210108664,04/10/2021 12:00:00 AM,04/05/2021 12:00:00 AM,1640,1,Central,142,1,440,THEFT PLAIN - PETTY ($950 & UNDER),2032 0344,38,M,W,232.0,"DELIVERY SERVICE (FED EX, UPS, COURIERS,COURIER SERVICE)*",,,IC,Invest Cont,440.0,,,,300 S  GRAND                        AV,,34.0527,-118.2515
210904563,01/17/2021 12:00:00 AM,01/09/2021 12:00:00 AM,2100,9,Van Nuys,909,1,510,VEHICLE - STOLEN,,0,,,101.0,STREET,,,IC,Invest Cont,510.0,,,,HAZELTINE,SHERMAN                      WY,34.2012,-118.44
221211570,05/10/2022 12:00:00 AM,05/10/2022 12:00:00 AM,1559,12,77th Street,1233,1,230,"ASSAULT WITH DEADLY WEAPON, AGGRAVATED ASSAULT",0906 1100 0430 1402 0853,26,M,B,103.0,ALLEY,106.0,UNKNOWN FIREARM,AA,Adult Arrest,230.0,998.0,,,N  62ND                         ST,E  WESTERN,33.9833,-118.309
200109314,03/17/2020 12:00:00 AM,03/17/2020 12:00:00 AM,2100,1,Central,185,1,343,SHOPLIFTING-GRAND THEFT ($950.01 & OVER),1402 1822 0344,59,M,H,403.0,DRUG STORE,,,IC,Invest Cont,343.0,,,,1000 S  BROADWAY,,34.0409,-118.2574
201111704,07/22/2020 12:00:00 AM,07/22/2020 12:00:00 AM,50,11,Northeast,1159,1,310,BURGLARY,0344 2004 1402,0,X,X,725.0,"GOVERNMENT FACILITY (FEDERAL,STATE, COUNTY & CITY)",,,AA,Adult Arrest,310.0,998.0,,,4500 N  FIGUEROA                     ST,,34.1009,-118.2036
241405191,01/28/2024 12:00:00 AM,01/28/2024 12:00:00 AM,1210,14,Pacific,1443,2,745,VANDALISM - MISDEAMEANOR ($399 OR UNDER),0329 1300,31,F,W,101.0,STREET,,,IC,Invest Cont,745.0,,,,VENICE                       BL,GRAND VIEW,33.9928,-118.4513
211907685,04/15/2021 12:00:00 AM,04/15/2021 12:00:00 AM,1430,19,Mission,1974,2,624,BATTERY - SIMPLE ASSAULT,1259 0416,15,F,H,501.0,SINGLE FAMILY DWELLING,400.0,"STRONG-ARM (HANDS, FIST, FEET OR BODILY FORCE)",IC,Invest Cont,624.0,,,,8900    KESTER                       AV,,34.2318,-118.4575
241807596,03/16/2024 12:00:00 AM,03/16/2024 12:00:00 AM,2055,18,Southeast,1838,1,761,BRANDISH WEAPON,0913 1258 0334 1300 0552 0421,10,M,B,501.0,SINGLE FAMILY DWELLING,102.0,HAND GUN,IC,Invest Cont,761.0,,,,10300    WILMINGTON                   AV,,33.9432,-118.2391
230906340,03/02/2023 12:00:00 AM,01/03/2023 12:00:00 AM,945,9,Van Nuys,974,2,354,THEFT OF IDENTITY,1501,36,F,H,502.0,"MULTI-UNIT DWELLING (APARTMENT, DUPLEX, ETC)",,,IC,Invest Cont,354.0,,,,4700    WILLIS                       AV,,34.156,-118.4553
